2026-09-24 17:18:04 Starting Lynis 3.0.7 with PID 60709, build date 2022-01-18
2026-09-24 17:18:04 ====
2026-09-24 17:18:04 ### 2007-2021, CISOfy - https://cisofy.com/lynis/ ###
2026-09-24 17:18:04 Checking permissions of /usr/share/lynis/include/profiles
2026-09-24 17:18:04 File permissions are OK
2026-09-24 17:18:04 Reading profile/configuration /etc/lynis/default.prf
2026-09-24 17:18:04 Action: created temporary file /tmp/lynis.bhnv5H5SxF
2026-09-24 17:18:04 Language set via profile to ''
2026-09-24 17:18:04 Plugin 'authentication' enabled according profile (/etc/lynis/default.prf)
2026-09-24 17:18:04 Plugin 'compliance' enabled according profile (/etc/lynis/default.prf)
2026-09-24 17:18:04 Plugin 'configuration' enabled according profile (/etc/lynis/default.prf)
2026-09-24 17:18:04 Plugin 'control-panels' enabled according profile (/etc/lynis/default.prf)
2026-09-24 17:18:04 Plugin 'crypto' enabled according profile (/etc/lynis/default.prf)
2026-09-24 17:18:04 Plugin 'dns' enabled according profile (/etc/lynis/default.prf)
2026-09-24 17:18:04 Plugin 'docker' enabled according profile (/etc/lynis/default.prf)
2026-09-24 17:18:04 Plugin 'file-integrity' enabled according profile (/etc/lynis/default.prf)
2026-09-24 17:18:04 Plugin 'file-systems' enabled according profile (/etc/lynis/default.prf)
2026-09-24 17:18:04 Plugin 'firewalls' enabled according profile (/etc/lynis/default.prf)
2026-09-24 17:18:04 Plugin 'forensics' enabled according profile (/etc/lynis/default.prf)
2026-09-24 17:18:04 Plugin 'hardware' enabled according profile (/etc/lynis/default.prf)
2026-09-24 17:18:04 Plugin 'intrusion-detection' enabled according profile (/etc/lynis/default.prf)
2026-09-24 17:18:04 Plugin 'intrusion-prevention' enabled according profile (/etc/lynis/default.prf)
2026-09-24 17:18:04 Plugin 'kernel' enabled according profile (/etc/lynis/default.prf)
2026-09-24 17:18:04 Plugin 'malware' enabled according profile (/etc/lynis/default.prf)
2026-09-24 17:18:04 Plugin 'memory' enabled according profile (/etc/lynis/default.prf)
2026-09-24 17:18:04 Plugin 'nginx' enabled according profile (/etc/lynis/default.prf)
2026-09-24 17:18:04 Plugin 'pam' enabled according profile (/etc/lynis/default.prf)
2026-09-24 17:18:04 Plugin 'processes' enabled according profile (/etc/lynis/default.prf)
2026-09-24 17:18:04 Plugin 'security-modules' enabled according profile (/etc/lynis/default.prf)
2026-09-24 17:18:04 Plugin 'software' enabled according profile (/etc/lynis/default.prf)
2026-09-24 17:18:04 Plugin 'system-integrity' enabled according profile (/etc/lynis/default.prf)
2026-09-24 17:18:04 Plugin 'systemd' enabled according profile (/etc/lynis/default.prf)
2026-09-24 17:18:04 Plugin 'users' enabled according profile (/etc/lynis/default.prf)
2026-09-24 17:18:04 Plugin 'debian' enabled according profile (/etc/lynis/default.prf)
2026-09-24 17:18:04 Set option to default value: NTPD_ROLE --> client
2026-09-24 17:18:04 ====
2026-09-24 17:18:04 Program version:           3.0.7
2026-09-24 17:18:04 Operating system:          Linux
2026-09-24 17:18:04 Operating system name:     Ubuntu
2026-09-24 17:18:04 Operating system version:  22.04
2026-09-24 17:18:04 Kernel version:            5.15.0
2026-09-24 17:18:04 Kernel version (full):     5.15.0-191-generic
2026-09-24 17:18:04 Hardware platform:         x86_64
2026-09-24 17:18:04 -----------------------------------------------------
2026-09-24 17:18:04 Hostname:                  ubuntu
2026-09-24 17:18:04 Auditor:                   [Not Specified]
2026-09-24 17:18:04 Profiles:                  /etc/lynis/default.prf
2026-09-24 17:18:04 Work directory:            /root
2026-09-24 17:18:04 Include directory:         /usr/share/lynis/include
2026-09-24 17:18:04 Plugin directory:          /etc/lynis/plugins
2026-09-24 17:18:04 -----------------------------------------------------
2026-09-24 17:18:04 Log file:                  /etc/movivip/logs/lynis-20260924.log
2026-09-24 17:18:04 Report file:               /var/log/lynis-report.dat
2026-09-24 17:18:04 Report version:            1.0
2026-09-24 17:18:04 -----------------------------------------------------
2026-09-24 17:18:04 Test category:             all
2026-09-24 17:18:04 Test group:                all
2026-09-24 17:18:04 BusyBox used:              0
2026-09-24 17:18:04 ====
2026-09-24 17:18:04 Test: Checking for program update...
2026-09-24 17:18:04 Upgrade test skipped due profile option set (skip_upgrade_test)
2026-09-24 17:18:04 Current installed version  : 307
2026-09-24 17:18:04 Latest stable version      : 307
2026-09-24 17:18:04 No Lynis update available.
2026-09-24 17:18:04 Suggestion: This release is more than 4 months old. Check the website or GitHub to see if there is an update available. [test:LYNIS] [details:-] [solution:-]
2026-09-24 17:18:04 ====
2026-09-24 17:18:04 Checking permissions of /usr/share/lynis/include/binaries
2026-09-24 17:18:04 File permissions are OK
2026-09-24 17:18:04 ====
2026-09-24 17:18:04 Action: Performing tests from category: System tools
2026-09-24 17:18:04 Start scanning for available audit binaries and tools...
2026-09-24 17:18:04 ====
2026-09-24 17:18:04 Performing test ID CORE-1000 (Check all system binaries)
2026-09-24 17:18:04 Status: Starting binary scan...
2026-09-24 17:18:04 Test: Checking binaries in directory /snap/bin
2026-09-24 17:18:04 Result: Directory /snap/bin does NOT exist
2026-09-24 17:18:04 Test: Checking binaries in directory /usr/local/games
2026-09-24 17:18:04 Directory /usr/local/games exists. Starting directory scanning...
2026-09-24 17:18:04 Test: Checking binaries in directory /usr/games
2026-09-24 17:18:04 Directory /usr/games exists. Starting directory scanning...
2026-09-24 17:18:04 Test: Checking binaries in directory /bin
2026-09-24 17:18:04 Result: directory exists, but is actually a symlink
2026-09-24 17:18:04 Action: checking symlink for file /bin
2026-09-24 17:18:04 Setting temporary readlinkbinary variable
2026-09-24 17:18:04 Note: Using real readlink binary to determine symlink on /bin
2026-09-24 17:18:04 Result: readlink shows /usr/bin as output
2026-09-24 17:18:04 Result: symlink found, pointing to directory /usr/bin
2026-09-24 17:18:04 Result: found the path behind this symlink (/bin --> /usr/bin)
2026-09-24 17:18:04 Directory /usr/bin exists. Starting directory scanning...
2026-09-24 17:18:04   Found known binary: apt (package manager) - /usr/bin/apt
2026-09-24 17:18:04   Found known binary: as (compiler) - /usr/bin/as
2026-09-24 17:18:04   Found known binary: awk (string tool) - /usr/bin/awk
2026-09-24 17:18:04   Found known binary: base64 (encoding tool) - /usr/bin/base64
2026-09-24 17:18:04   Found known binary: bootctl (systemd-boot manager utility) - /usr/bin/bootctl
2026-09-24 17:18:04   Found known binary: cat (generic file handling) - /usr/bin/cat
2026-09-24 17:18:04   Found known binary: cc (compiler) - /usr/bin/cc
2026-09-24 17:18:04   Found known binary: comm (file compare) - /usr/bin/comm
2026-09-24 17:18:04   Found known binary: curl (browser, download utility) - /usr/bin/curl
2026-09-24 17:18:04   Found known binary: cut (text stream editor) - /usr/bin/cut
2026-09-24 17:18:04   Found known binary: dig (network/dns tool) - /usr/bin/dig
2026-09-24 17:18:04   Found known binary: dnsdomainname (DNS domain) - /usr/bin/dnsdomainname
2026-09-24 17:18:04   Found known binary: domainname (NIS domain) - /usr/bin/domainname
2026-09-24 17:18:04   Found known binary: dpkg (package management) - /usr/bin/dpkg
2026-09-24 17:18:04   Found known binary: egrep (text search) - /usr/bin/egrep
2026-09-24 17:18:04   Found known binary: fail2ban (IPS tool) - /usr/bin/fail2ban-server
2026-09-24 17:18:04   Found known binary: file (file type detection) - /usr/bin/file
2026-09-24 17:18:04   Found known binary: find (search tool) - /usr/bin/find
2026-09-24 17:18:04   Found known binary: g++ (compiler) - /usr/bin/g++
2026-09-24 17:18:04   Found known binary: gcc (compiler) - /usr/bin/gcc
2026-09-24 17:18:04   Found known binary: getent (query tool for name service switch libraries) - /usr/bin/getent
2026-09-24 17:18:04   Found known binary: grep (text search) - /usr/bin/grep
2026-09-24 17:18:04   Found known binary: gzip (compressing utility) - /usr/bin/gzip
2026-09-24 17:18:04   Found known binary: head (text filter) - /usr/bin/head
2026-09-24 17:18:04   Found known binary: ip (IP configuration) - /usr/bin/ip
2026-09-24 17:18:04   Found known binary: journalctl (systemd journal) - /usr/bin/journalctl
2026-09-24 17:18:04   Found known binary: ls (file listing) - /usr/bin/ls
2026-09-24 17:18:04   Found known binary: lsattr (file attributes) - /usr/bin/lsattr
2026-09-24 17:18:04   Found known binary: lsblk (block devices) - /usr/bin/lsblk
2026-09-24 17:18:04   Found known binary: lsmod (kernel modules) - /usr/bin/lsmod
2026-09-24 17:18:04   Found known binary: lsof (open files) - /usr/bin/lsof
2026-09-24 17:18:04 Note: added -K i to ignore tasks on Linux
2026-09-24 17:18:04   Found known binary: md5sum (hash tool) - /usr/bin/md5sum
2026-09-24 17:18:04   Found known binary: mount (disk utility) - /usr/bin/mount
2026-09-24 17:18:04   Found known binary: netstat (network statistics) - /usr/bin/netstat
2026-09-24 17:18:04 Found /usr/bin/openssl (version 3.0.2)
2026-09-24 17:18:04 Found /usr/bin/perl (version 5.34.0)
2026-09-24 17:18:04   Found known binary: pgrep (search in process list) - /usr/bin/pgrep
2026-09-24 17:18:04   Found known binary: ps (process listing) - /usr/bin/ps
2026-09-24 17:18:04 Found known binary: python3 (programming language interpreter) - /usr/bin/python3 (version 3.10.12)
2026-09-24 17:18:04   Found known binary: readlink (follows symlinks) - /usr/bin/readlink
2026-09-24 17:18:04   Found known binary: resolvectl (systemd-resolved DNS resolver manager) - /usr/bin/resolvectl
2026-09-24 17:18:04   Found known binary: rkhunter (malware scanner) - /usr/bin/rkhunter
2026-09-24 17:18:04   Found known binary: sed (text stream editor) - /usr/bin/sed
2026-09-24 17:18:04   Found known binary: sha1/sha1sum/shasum (crypto hashing) - /usr/bin/sha1sum
2026-09-24 17:18:04   Found known binary: sha256/sha256sum (crypto hashing) - /usr/bin/sha256sum
2026-09-24 17:18:04   Found known binary: sha1/sha1sum/shasum (crypto hashing) - /usr/bin/shasum
2026-09-24 17:18:04   Found known binary: sort (sort data streams) - /usr/bin/sort
2026-09-24 17:18:04   Found known binary: ss (show sockets) - /usr/bin/ss
2026-09-24 17:18:04   Found known binary: ssh-keyscan (scanner for SSH keys) - /usr/bin/ssh-keyscan
2026-09-24 17:18:04   Found known binary: stat (file information) - /usr/bin/stat
2026-09-24 17:18:04   Found known binary: strings (text strings search) - /usr/bin/strings
2026-09-24 17:18:04   Found known binary: systemctl (client to systemd) - /usr/bin/systemctl
2026-09-24 17:18:04   Found known binary: systemd-analyze (systemd service analysis tool) - /usr/bin/systemd-analyze
2026-09-24 17:18:04   Found known binary: tail (text filter) - /usr/bin/tail
2026-09-24 17:18:04   Found known binary: timedatectl (timedate client) - /usr/bin/timedatectl
2026-09-24 17:18:04   Found known binary: tr (text transformation) - /usr/bin/tr
2026-09-24 17:18:04   Found known binary: uname (operating system details) - /usr/bin/uname
2026-09-24 17:18:04   Found known binary: uniq (text manipulation utility) - /usr/bin/uniq
2026-09-24 17:18:04   Found known binary: wc (word count) - /usr/bin/wc
2026-09-24 17:18:05 Found /usr/bin/wget (version 1.21.2)
2026-09-24 17:18:05   Found known binary: xargs (command output redirection) - /usr/bin/xargs
2026-09-24 17:18:05   Found known binary: zgrep (text search for compressed files) - /usr/bin/zgrep
2026-09-24 17:18:05 Test: Checking binaries in directory /sbin
2026-09-24 17:18:05 Result: directory exists, but is actually a symlink
2026-09-24 17:18:05 Action: checking symlink for file /sbin
2026-09-24 17:18:05 Note: Using real readlink binary to determine symlink on /sbin
2026-09-24 17:18:05 Result: readlink shows /usr/sbin as output
2026-09-24 17:18:05 Result: symlink found, pointing to directory /usr/sbin
2026-09-24 17:18:05 Result: found the path behind this symlink (/sbin --> /usr/sbin)
2026-09-24 17:18:05 Directory /usr/sbin exists. Starting directory scanning...
2026-09-24 17:18:05   Found known binary: blkid (information about block devices) - /usr/sbin/blkid
2026-09-24 17:18:05   Found known binary: chkrootkit (malware scanner) - /usr/sbin/chkrootkit
2026-09-24 17:18:05   Found known binary: getcap (kernel capabilities) - /usr/sbin/getcap
2026-09-24 17:18:05   Found known binary: grpck (consistency checker) - /usr/sbin/grpck
2026-09-24 17:18:05   Found known binary: ipconfig (IP configuration) - /usr/sbin/ifconfig
2026-09-24 17:18:05   Found known binary: ip (IP configuration) - /usr/sbin/ip
2026-09-24 17:18:05   Found known binary: iptables (firewall) - /usr/sbin/iptables
2026-09-24 17:18:05   Found known binary: iptables-save (firewall) - /usr/sbin/iptables-save
2026-09-24 17:18:05   Found known binary: logrotate (log rotation tool) - /usr/sbin/logrotate
2026-09-24 17:18:05   Found known binary: lsmod (kernel modules) - /usr/sbin/lsmod
2026-09-24 17:18:05   Found known binary: modprobe (kernel modules) - /usr/sbin/modprobe
2026-09-24 17:18:05   Found known binary: runlevel (system utility) - /usr/sbin/runlevel
2026-09-24 17:18:05   Found known binary: service (system services) - /usr/sbin/service
2026-09-24 17:18:05   Found known binary: squid (proxy) - /usr/sbin/squid
2026-09-24 17:18:05 Found /usr/sbin/sshd (version 8.9)
2026-09-24 17:18:05   Found known binary: swapon (swap device tool) - /usr/sbin/swapon
2026-09-24 17:18:05   Found known binary: sysctl (kernel parameters) - /usr/sbin/sysctl
2026-09-24 17:18:05   Found known binary: tune2fs (file system tool) - /usr/sbin/tune2fs
2026-09-24 17:18:05 Test: Checking binaries in directory /usr/bin
2026-09-24 17:18:05 Result: Skipping this directory as it was already scanned
2026-09-24 17:18:05 Result: Directory /usr/bin skipped
2026-09-24 17:18:05 Test: Checking binaries in directory /usr/sbin
2026-09-24 17:18:05 Result: Skipping this directory as it was already scanned
2026-09-24 17:18:05 Result: Directory /usr/sbin skipped
2026-09-24 17:18:05 Test: Checking binaries in directory /usr/local/bin
2026-09-24 17:18:05 Directory /usr/local/bin exists. Starting directory scanning...
2026-09-24 17:18:05 Test: Checking binaries in directory /usr/local/sbin
2026-09-24 17:18:05 Directory /usr/local/sbin exists. Starting directory scanning...
2026-09-24 17:18:05 Discovered directories: /usr/local/games,/usr/games,/usr/bin,/usr/sbin,/usr/local/bin,/usr/local/sbin
2026-09-24 17:18:05 Result: found 965 binaries including 11 set-uid and 6 set-gid
2026-09-24 17:18:05 Result: set-uid binaries: /usr/bin/chfn /usr/bin/chsh /usr/bin/gpasswd /usr/bin/mount /usr/bin/newgrp /usr/bin/passwd /usr/bin/sg /usr/bin/su /usr/bin/sudo /usr/bin/sudoedit /usr/bin/umount 
2026-09-24 17:18:05 Result: set-gid binaries: /usr/bin/chage /usr/bin/crontab /usr/bin/expiry /usr/bin/ssh-agent /usr/sbin/pam_extrausers_chkpwd /usr/sbin/unix_chkpwd 
2026-09-24 17:18:05 ====
2026-09-24 17:18:05 Informational: package manager is used
2026-09-24 17:18:05 Test: Determine if this system is a virtual machine
2026-09-24 17:18:05 Result: facter utility not found
2026-09-24 17:18:05 Test: trying to guess virtualization technology with systemd-detect-virt
2026-09-24 17:18:05 Result: found kvm
2026-09-24 17:18:05 Result: skipped lscpu test, as we already found machine type
2026-09-24 17:18:05 Result: skipped dmidecode test, as we already found machine type
2026-09-24 17:18:05 Result: skipped processes test, as we already found platform
2026-09-24 17:18:05 Result: skipped Amazon EC2 test, as we already found platform
2026-09-24 17:18:05 Result: skipped sysctl test, as we already found platform
2026-09-24 17:18:05 Result: skipped lshw test, as we already found machine type
2026-09-24 17:18:05 Result: found virtual machine (type: kvm, KVM)
2026-09-24 17:18:05 Result: Lynis is not running in container
2026-09-24 17:18:05 Result: system is using systemd
2026-09-24 17:18:05 ====
2026-09-24 17:18:05 Action: Performing plugin tests
2026-09-24 17:18:05 Searching plugins...
2026-09-24 17:18:05 Found plugin file: /etc/lynis/plugins/plugin_debian_phase1
2026-09-24 17:18:05 Action: checking plugin status in profile: /etc/lynis/default.prf
2026-09-24 17:18:05 Result: plugin enabled in profile (/etc/lynis/default.prf)
2026-09-24 17:18:05 Result: plugin debian is enabled
2026-09-24 17:18:05 Checking permissions of /etc/lynis/plugins/plugin_debian_phase1
2026-09-24 17:18:05 File permissions are OK
2026-09-24 17:18:05 Including plugin file: /etc/lynis/plugins/plugin_debian_phase1 (version: 1.0.1)
2026-09-24 17:18:05 ====
2026-09-24 17:18:05 Action: Performing tests from category: Debian Tests
2026-09-24 17:18:05 ====
2026-09-24 17:18:05 Performing test ID DEB-0001 (Check for system binaries required by Debian Tests)
2026-09-24 17:18:05 Status: Starting binary scan...
2026-09-24 17:18:05 Test: Checking binaries in directory /bin
2026-09-24 17:18:05 Directory /bin exists. Starting directory scanning...
2026-09-24 17:18:05 Binary: /bin/[
2026-09-24 17:18:05 Binary: /bin/addpart
2026-09-24 17:18:05 Binary: /bin/addr2line
2026-09-24 17:18:05 Binary: /bin/apt
2026-09-24 17:18:05 Binary: /bin/apt-cache
2026-09-24 17:18:05 Binary: /bin/apt-cdrom
2026-09-24 17:18:05 Binary: /bin/apt-config
2026-09-24 17:18:05 Binary: /bin/apt-get
2026-09-24 17:18:05 Binary: /bin/apt-key
2026-09-24 17:18:05 Binary: /bin/apt-mark
2026-09-24 17:18:05 Binary: /bin/ar
2026-09-24 17:18:05 Binary: /bin/arch
2026-09-24 17:18:05 Binary: /bin/as
2026-09-24 17:18:05 Binary: /bin/authSSH
2026-09-24 17:18:05 Binary: /bin/awk
2026-09-24 17:18:05 Binary: /bin/b2sum
2026-09-24 17:18:05 Binary: /bin/base32
2026-09-24 17:18:05 Binary: /bin/base64
2026-09-24 17:18:05 Binary: /bin/basename
2026-09-24 17:18:05 Binary: /bin/basenc
2026-09-24 17:18:05 Binary: /bin/bash
2026-09-24 17:18:05 Binary: /bin/bashbug
2026-09-24 17:18:05 Binary: /bin/bc
2026-09-24 17:18:05 Binary: /bin/bootctl
2026-09-24 17:18:05 Binary: /bin/bunzip2
2026-09-24 17:18:05 Binary: /bin/busctl
2026-09-24 17:18:05 Binary: /bin/bzcat
2026-09-24 17:18:05 Binary: /bin/bzcmp
2026-09-24 17:18:05 Binary: /bin/bzdiff
2026-09-24 17:18:05 Binary: /bin/bzegrep
2026-09-24 17:18:05 Binary: /bin/bzexe
2026-09-24 17:18:05 Binary: /bin/bzfgrep
2026-09-24 17:18:05 Binary: /bin/bzgrep
2026-09-24 17:18:05 Binary: /bin/bzip2
2026-09-24 17:18:05 Binary: /bin/bzip2recover
2026-09-24 17:18:05 Binary: /bin/bzless
2026-09-24 17:18:05 Binary: /bin/bzmore
2026-09-24 17:18:05 Binary: /bin/c++
2026-09-24 17:18:05 Binary: /bin/c++filt
2026-09-24 17:18:05 Binary: /bin/c89
2026-09-24 17:18:05 Binary: /bin/c89-gcc
2026-09-24 17:18:05 Binary: /bin/c99
2026-09-24 17:18:05 Binary: /bin/c99-gcc
2026-09-24 17:18:05 Binary: /bin/c_rehash
2026-09-24 17:18:05 Binary: /bin/captoinfo
2026-09-24 17:18:05 Binary: /bin/cat
2026-09-24 17:18:05 Binary: /bin/cc
2026-09-24 17:18:05 Binary: /bin/certbot
2026-09-24 17:18:05 Binary: /bin/chage
2026-09-24 17:18:05 Binary: /bin/chardet
2026-09-24 17:18:05 Binary: /bin/chardetect
2026-09-24 17:18:05 Binary: /bin/chattr
2026-09-24 17:18:05 Binary: /bin/chcon
2026-09-24 17:18:05 Binary: /bin/chfn
2026-09-24 17:18:05 Binary: /bin/chgrp
2026-09-24 17:18:05 Binary: /bin/chmod
2026-09-24 17:18:05 Binary: /bin/choom
2026-09-24 17:18:05 Binary: /bin/chown
2026-09-24 17:18:05 Binary: /bin/chrt
2026-09-24 17:18:05 Binary: /bin/chsh
2026-09-24 17:18:05 Binary: /bin/cksum
2026-09-24 17:18:05 Binary: /bin/clear
2026-09-24 17:18:05 Binary: /bin/clear_console
2026-09-24 17:18:05 Binary: /bin/cmake
2026-09-24 17:18:05 Binary: /bin/cmp
2026-09-24 17:18:05 Binary: /bin/comm
2026-09-24 17:18:05 Binary: /bin/config.json
2026-09-24 17:18:05 Binary: /bin/config.json.bak-2100
2026-09-24 17:18:05 Binary: /bin/corelist
2026-09-24 17:18:05 Binary: /bin/cp
2026-09-24 17:18:05 Binary: /bin/cpack
2026-09-24 17:18:05 Binary: /bin/cpan
2026-09-24 17:18:05 Binary: /bin/cpan5.34-x86_64-linux-gnu
2026-09-24 17:18:05 Binary: /bin/cpio
2026-09-24 17:18:05 Binary: /bin/cpp
2026-09-24 17:18:05 Binary: /bin/cpp-11
2026-09-24 17:18:05 Binary: /bin/crontab
2026-09-24 17:18:05 Binary: /bin/csplit
2026-09-24 17:18:05 Binary: /bin/ctest
2026-09-24 17:18:05 Binary: /bin/ctstat
2026-09-24 17:18:05 Binary: /bin/curl
2026-09-24 17:18:05 Binary: /bin/cut
2026-09-24 17:18:05 Binary: /bin/cvtsudoers
2026-09-24 17:18:05 Binary: /bin/dash
2026-09-24 17:18:05 Binary: /bin/date
2026-09-24 17:18:05 Binary: /bin/dbclient
2026-09-24 17:18:05 Binary: /bin/dbilogstrip
2026-09-24 17:18:05 Binary: /bin/dbiprof
2026-09-24 17:18:05 Binary: /bin/dbiproxy
2026-09-24 17:18:05 Binary: /bin/dbus-cleanup-sockets
2026-09-24 17:18:05 Binary: /bin/dbus-daemon
2026-09-24 17:18:05 Binary: /bin/dbus-monitor
2026-09-24 17:18:05 Binary: /bin/dbus-run-session
2026-09-24 17:18:05 Binary: /bin/dbus-send
2026-09-24 17:18:05 Binary: /bin/dbus-update-activation-environment
2026-09-24 17:18:05 Binary: /bin/dbus-uuidgen
2026-09-24 17:18:05 Binary: /bin/dd
2026-09-24 17:18:05 Binary: /bin/deb-systemd-helper
2026-09-24 17:18:05 Binary: /bin/deb-systemd-invoke
2026-09-24 17:18:05 Binary: /bin/debconf
2026-09-24 17:18:05 Binary: /bin/debconf-apt-progress
2026-09-24 17:18:05 Binary: /bin/debconf-communicate
2026-09-24 17:18:05 Binary: /bin/debconf-copydb
2026-09-24 17:18:05 Binary: /bin/debconf-escape
2026-09-24 17:18:05 Binary: /bin/debconf-set-selections
2026-09-24 17:18:05 Binary: /bin/debconf-show
2026-09-24 17:18:05 Binary: /bin/delpart
2026-09-24 17:18:05 Binary: /bin/delv
2026-09-24 17:18:05 Binary: /bin/df
2026-09-24 17:18:05 Binary: /bin/dh_bash-completion
2026-09-24 17:18:05 Binary: /bin/dh_perl_dbi
2026-09-24 17:18:05 Binary: /bin/dh_perl_openssl
2026-09-24 17:18:05 Binary: /bin/dialog
2026-09-24 17:18:05 Binary: /bin/diff
2026-09-24 17:18:05 Binary: /bin/diff3
2026-09-24 17:18:05 Binary: /bin/dig
2026-09-24 17:18:05 Binary: /bin/dir
2026-09-24 17:18:05 Binary: /bin/dircolors
2026-09-24 17:18:05 Binary: /bin/dirmngr
2026-09-24 17:18:05 Binary: /bin/dirmngr-client
2026-09-24 17:18:05 Binary: /bin/dirname
2026-09-24 17:18:05 Binary: /bin/dmesg
2026-09-24 17:18:05 Binary: /bin/dnsdomainname
2026-09-24 17:18:05 Binary: /bin/domainname
2026-09-24 17:18:05 Binary: /bin/dpkg
2026-09-24 17:18:05 Binary: /bin/dpkg-architecture
2026-09-24 17:18:05 Binary: /bin/dpkg-buildflags
2026-09-24 17:18:05 Binary: /bin/dpkg-buildpackage
2026-09-24 17:18:05 Binary: /bin/dpkg-checkbuilddeps
2026-09-24 17:18:05 Binary: /bin/dpkg-deb
2026-09-24 17:18:05 Binary: /bin/dpkg-distaddfile
2026-09-24 17:18:05 Binary: /bin/dpkg-divert
2026-09-24 17:18:05 Binary: /bin/dpkg-genbuildinfo
2026-09-24 17:18:05 Binary: /bin/dpkg-genchanges
2026-09-24 17:18:05 Binary: /bin/dpkg-gencontrol
2026-09-24 17:18:05 Binary: /bin/dpkg-gensymbols
2026-09-24 17:18:05 Binary: /bin/dpkg-maintscript-helper
2026-09-24 17:18:05 Binary: /bin/dpkg-mergechangelogs
2026-09-24 17:18:05 Binary: /bin/dpkg-name
2026-09-24 17:18:05 Binary: /bin/dpkg-parsechangelog
2026-09-24 17:18:05 Binary: /bin/dpkg-query
2026-09-24 17:18:05 Binary: /bin/dpkg-realpath
2026-09-24 17:18:05 Binary: /bin/dpkg-scanpackages
2026-09-24 17:18:05 Binary: /bin/dpkg-scansources
2026-09-24 17:18:05 Binary: /bin/dpkg-shlibdeps
2026-09-24 17:18:05 Binary: /bin/dpkg-source
2026-09-24 17:18:05 Binary: /bin/dpkg-split
2026-09-24 17:18:05 Binary: /bin/dpkg-statoverride
2026-09-24 17:18:05 Binary: /bin/dpkg-trigger
2026-09-24 17:18:05 Binary: /bin/dpkg-vendor
2026-09-24 17:18:05 Binary: /bin/dropbearconvert
2026-09-24 17:18:05 Binary: /bin/dropbearkey
2026-09-24 17:18:05 Binary: /bin/du
2026-09-24 17:18:05 Binary: /bin/dwp
2026-09-24 17:18:05 Binary: /bin/echo
2026-09-24 17:18:05 Binary: /bin/editor
2026-09-24 17:18:05 Binary: /bin/egrep
2026-09-24 17:18:05 Binary: /bin/elfedit
2026-09-24 17:18:05 Binary: /bin/enc2xs
2026-09-24 17:18:05 Binary: /bin/encguess
2026-09-24 17:18:05 Binary: /bin/env
2026-09-24 17:18:05 Binary: /bin/envsubst
2026-09-24 17:18:05 Binary: /bin/expand
2026-09-24 17:18:05 Binary: /bin/expiry
2026-09-24 17:18:05 Binary: /bin/expr
2026-09-24 17:18:05 Binary: /bin/factor
2026-09-24 17:18:05 Binary: /bin/fail2ban-client
2026-09-24 17:18:05 Binary: /bin/fail2ban-python
2026-09-24 17:18:05 Binary: /bin/fail2ban-regex
2026-09-24 17:18:05 Binary: /bin/fail2ban-server
2026-09-24 17:18:05   Found known binary: fail2ban-server (Security tool) - /bin/fail2ban-server
2026-09-24 17:18:05 Binary: /bin/fail2ban-testcases
2026-09-24 17:18:05 Binary: /bin/faillog
2026-09-24 17:18:05 Binary: /bin/fallocate
2026-09-24 17:18:05 Binary: /bin/false
2026-09-24 17:18:05 Binary: /bin/fgrep
2026-09-24 17:18:05 Binary: /bin/filan
2026-09-24 17:18:05 Binary: /bin/file
2026-09-24 17:18:05 Binary: /bin/fincore
2026-09-24 17:18:05 Binary: /bin/find
2026-09-24 17:18:05 Binary: /bin/findmnt
2026-09-24 17:18:05 Binary: /bin/flock
2026-09-24 17:18:05 Binary: /bin/fmt
2026-09-24 17:18:05 Binary: /bin/fold
2026-09-24 17:18:05 Binary: /bin/free
2026-09-24 17:18:05 Binary: /bin/funzip
2026-09-24 17:18:05 Binary: /bin/fuser
2026-09-24 17:18:05 Binary: /bin/g++
2026-09-24 17:18:05 Binary: /bin/g++-11
2026-09-24 17:18:05 Binary: /bin/gcc
2026-09-24 17:18:05 Binary: /bin/gcc-11
2026-09-24 17:18:05 Binary: /bin/gcc-ar
2026-09-24 17:18:05 Binary: /bin/gcc-ar-11
2026-09-24 17:18:05 Binary: /bin/gcc-nm
2026-09-24 17:18:05 Binary: /bin/gcc-nm-11
2026-09-24 17:18:05 Binary: /bin/gcc-ranlib
2026-09-24 17:18:05 Binary: /bin/gcc-ranlib-11
2026-09-24 17:18:05 Binary: /bin/gcov
2026-09-24 17:18:05 Binary: /bin/gcov-11
2026-09-24 17:18:05 Binary: /bin/gcov-dump
2026-09-24 17:18:05 Binary: /bin/gcov-dump-11
2026-09-24 17:18:05 Binary: /bin/gcov-tool
2026-09-24 17:18:05 Binary: /bin/gcov-tool-11
2026-09-24 17:18:05 Binary: /bin/gencat
2026-09-24 17:18:05 Binary: /bin/getconf
2026-09-24 17:18:05 Binary: /bin/getent
2026-09-24 17:18:05 Binary: /bin/getopt
2026-09-24 17:18:05 Binary: /bin/gettext
2026-09-24 17:18:05 Binary: /bin/gettext.sh
2026-09-24 17:18:05 Binary: /bin/gh
2026-09-24 17:18:05 Binary: /bin/git
2026-09-24 17:18:05 Binary: /bin/git-receive-pack
2026-09-24 17:18:05 Binary: /bin/git-shell
2026-09-24 17:18:05 Binary: /bin/git-upload-archive
2026-09-24 17:18:05 Binary: /bin/git-upload-pack
2026-09-24 17:18:05 Binary: /bin/gmake
2026-09-24 17:18:05 Binary: /bin/gold
2026-09-24 17:18:05 Binary: /bin/gpasswd
2026-09-24 17:18:05 Binary: /bin/gpg
2026-09-24 17:18:05 Binary: /bin/gpg-agent
2026-09-24 17:18:05 Binary: /bin/gpg-connect-agent
2026-09-24 17:18:05 Binary: /bin/gpg-wks-server
2026-09-24 17:18:05 Binary: /bin/gpg-zip
2026-09-24 17:18:05 Binary: /bin/gpgcompose
2026-09-24 17:18:05 Binary: /bin/gpgconf
2026-09-24 17:18:05 Binary: /bin/gpgparsemail
2026-09-24 17:18:05 Binary: /bin/gpgsm
2026-09-24 17:18:05 Binary: /bin/gpgsplit
2026-09-24 17:18:05 Binary: /bin/gpgtar
2026-09-24 17:18:05 Binary: /bin/gpgv
2026-09-24 17:18:05 Binary: /bin/gprof
2026-09-24 17:18:05 Binary: /bin/grep
2026-09-24 17:18:05 Binary: /bin/groups
2026-09-24 17:18:05 Binary: /bin/grub-editenv
2026-09-24 17:18:05 Binary: /bin/grub-file
2026-09-24 17:18:05 Binary: /bin/grub-fstest
2026-09-24 17:18:05 Binary: /bin/grub-glue-efi
2026-09-24 17:18:05 Binary: /bin/grub-kbdcomp
2026-09-24 17:18:05 Binary: /bin/grub-menulst2cfg
2026-09-24 17:18:05 Binary: /bin/grub-mkfont
2026-09-24 17:18:05 Binary: /bin/grub-mkimage
2026-09-24 17:18:05 Binary: /bin/grub-mklayout
2026-09-24 17:18:05 Binary: /bin/grub-mknetdir
2026-09-24 17:18:05 Binary: /bin/grub-mkpasswd-pbkdf2
2026-09-24 17:18:05 Binary: /bin/grub-mkrelpath
2026-09-24 17:18:05 Binary: /bin/grub-mkrescue
2026-09-24 17:18:05 Binary: /bin/grub-mkstandalone
2026-09-24 17:18:05 Binary: /bin/grub-mount
2026-09-24 17:18:05 Binary: /bin/grub-render-label
2026-09-24 17:18:05 Binary: /bin/grub-script-check
2026-09-24 17:18:05 Binary: /bin/grub-syslinux2cfg
2026-09-24 17:18:05 Binary: /bin/gunzip
2026-09-24 17:18:05 Binary: /bin/gzexe
2026-09-24 17:18:05 Binary: /bin/gzip
2026-09-24 17:18:05 Binary: /bin/h2ph
2026-09-24 17:18:05 Binary: /bin/h2xs
2026-09-24 17:18:05 Binary: /bin/halog
2026-09-24 17:18:05 Binary: /bin/hardlink
2026-09-24 17:18:05 Binary: /bin/head
2026-09-24 17:18:05 Binary: /bin/host
2026-09-24 17:18:05 Binary: /bin/hostid
2026-09-24 17:18:05 Binary: /bin/hostname
2026-09-24 17:18:05 Binary: /bin/hostnamectl
2026-09-24 17:18:05 Binary: /bin/i386
2026-09-24 17:18:05 Binary: /bin/iconv
2026-09-24 17:18:05 Binary: /bin/id
2026-09-24 17:18:05 Binary: /bin/infocmp
2026-09-24 17:18:05 Binary: /bin/infotocap
2026-09-24 17:18:05 Binary: /bin/install
2026-09-24 17:18:05 Binary: /bin/instmodsh
2026-09-24 17:18:05 Binary: /bin/ionice
2026-09-24 17:18:05 Binary: /bin/ip
2026-09-24 17:18:05 Binary: /bin/ipcmk
2026-09-24 17:18:05 Binary: /bin/ipcrm
2026-09-24 17:18:05 Binary: /bin/ipcs
2026-09-24 17:18:05 Binary: /bin/iptables-xml
2026-09-24 17:18:05 Binary: /bin/ischroot
2026-09-24 17:18:05 Binary: /bin/join
2026-09-24 17:18:05 Binary: /bin/journalctl
2026-09-24 17:18:05 Binary: /bin/jq
2026-09-24 17:18:05 Binary: /bin/json_pp
2026-09-24 17:18:05 Binary: /bin/kbxutil
2026-09-24 17:18:05 Binary: /bin/kernel-install
2026-09-24 17:18:05 Binary: /bin/kill
2026-09-24 17:18:05 Binary: /bin/killall
2026-09-24 17:18:05 Binary: /bin/kmod
2026-09-24 17:18:05 Binary: /bin/last
2026-09-24 17:18:05 Binary: /bin/lastb
2026-09-24 17:18:05 Binary: /bin/lastlog
2026-09-24 17:18:05 Binary: /bin/lcf
2026-09-24 17:18:05 Binary: /bin/ld
2026-09-24 17:18:05 Binary: /bin/ld.bfd
2026-09-24 17:18:05 Binary: /bin/ld.gold
2026-09-24 17:18:05 Binary: /bin/ldd
2026-09-24 17:18:05 Binary: /bin/less
2026-09-24 17:18:05 Binary: /bin/lessecho
2026-09-24 17:18:05 Binary: /bin/lessfile
2026-09-24 17:18:05 Binary: /bin/lesskey
2026-09-24 17:18:05 Binary: /bin/lesspipe
2026-09-24 17:18:05 Binary: /bin/letsencrypt
2026-09-24 17:18:05 Binary: /bin/libnetcfg
2026-09-24 17:18:05 Binary: /bin/link
2026-09-24 17:18:05 Binary: /bin/linux-check-removal
2026-09-24 17:18:05 Binary: /bin/linux-update-symlinks
2026-09-24 17:18:05 Binary: /bin/linux-version
2026-09-24 17:18:05 Binary: /bin/linux32
2026-09-24 17:18:05 Binary: /bin/linux64
2026-09-24 17:18:05 Binary: /bin/ln
2026-09-24 17:18:05 Binary: /bin/lnstat
2026-09-24 17:18:05 Binary: /bin/locale
2026-09-24 17:18:05 Binary: /bin/locale-check
2026-09-24 17:18:05 Binary: /bin/localectl
2026-09-24 17:18:05 Binary: /bin/localedef
2026-09-24 17:18:05 Binary: /bin/logger
2026-09-24 17:18:05 Binary: /bin/login
2026-09-24 17:18:05 Binary: /bin/loginctl
2026-09-24 17:18:05 Binary: /bin/logname
2026-09-24 17:18:05 Binary: /bin/ls
2026-09-24 17:18:05 Binary: /bin/lsattr
2026-09-24 17:18:05 Binary: /bin/lsb_release
2026-09-24 17:18:05 Binary: /bin/lsblk
2026-09-24 17:18:05 Binary: /bin/lscpu
2026-09-24 17:18:05 Binary: /bin/lsinitramfs
2026-09-24 17:18:05 Binary: /bin/lsipc
2026-09-24 17:18:05 Binary: /bin/lslocks
2026-09-24 17:18:05 Binary: /bin/lslogins
2026-09-24 17:18:05 Binary: /bin/lsmem
2026-09-24 17:18:05 Binary: /bin/lsmod
2026-09-24 17:18:05 Binary: /bin/lsns
2026-09-24 17:18:05 Binary: /bin/lsof
2026-09-24 17:18:05 Binary: /bin/lspgpot
2026-09-24 17:18:05 Binary: /bin/lto-dump-11
2026-09-24 17:18:05 Binary: /bin/lzcat
2026-09-24 17:18:05 Binary: /bin/lzcmp
2026-09-24 17:18:05 Binary: /bin/lzdiff
2026-09-24 17:18:05 Binary: /bin/lzegrep
2026-09-24 17:18:05 Binary: /bin/lzfgrep
2026-09-24 17:18:05 Binary: /bin/lzgrep
2026-09-24 17:18:05 Binary: /bin/lzless
2026-09-24 17:18:05 Binary: /bin/lzma
2026-09-24 17:18:05 Binary: /bin/lzmainfo
2026-09-24 17:18:05 Binary: /bin/lzmore
2026-09-24 17:18:05 Binary: /bin/make
2026-09-24 17:18:05 Binary: /bin/make-cadir
2026-09-24 17:18:05 Binary: /bin/make-first-existing-target
2026-09-24 17:18:05 Binary: /bin/mawk
2026-09-24 17:18:05 Binary: /bin/mcookie
2026-09-24 17:18:05 Binary: /bin/md5sum
2026-09-24 17:18:05 Binary: /bin/md5sum.textutils
2026-09-24 17:18:05 Binary: /bin/mdig
2026-09-24 17:18:05 Binary: /bin/mesg
2026-09-24 17:18:05 Binary: /bin/migrate-pubring-from-classic-gpg
2026-09-24 17:18:05 Binary: /bin/mkdir
2026-09-24 17:18:05 Binary: /bin/mkfifo
2026-09-24 17:18:05 Binary: /bin/mknod
2026-09-24 17:18:05 Binary: /bin/mkpasswd
2026-09-24 17:18:05 Binary: /bin/mktemp
2026-09-24 17:18:05 Binary: /bin/more
2026-09-24 17:18:05 Binary: /bin/mount
2026-09-24 17:18:05   Fount known binary: mount (File system tool) - /bin/mount
2026-09-24 17:18:05 Binary: /bin/mountpoint
2026-09-24 17:18:05 Binary: /bin/mt
2026-09-24 17:18:05 Binary: /bin/mt-gnu
2026-09-24 17:18:05 Binary: /bin/mv
2026-09-24 17:18:05 Binary: /bin/namei
2026-09-24 17:18:05 Binary: /bin/nano
2026-09-24 17:18:05 Binary: /bin/nawk
2026-09-24 17:18:05 Binary: /bin/nc
2026-09-24 17:18:05 Binary: /bin/nc.openbsd
2026-09-24 17:18:05 Binary: /bin/netcat
2026-09-24 17:18:05 Binary: /bin/netstat
2026-09-24 17:18:05 Binary: /bin/networkctl
2026-09-24 17:18:05 Binary: /bin/newgrp
2026-09-24 17:18:05 Binary: /bin/ngettext
2026-09-24 17:18:05 Binary: /bin/nice
2026-09-24 17:18:05 Binary: /bin/nisdomainname
2026-09-24 17:18:05 Binary: /bin/nl
2026-09-24 17:18:05 Binary: /bin/nm
2026-09-24 17:18:05 Binary: /bin/nohup
2026-09-24 17:18:05 Binary: /bin/nproc
2026-09-24 17:18:05 Binary: /bin/nsenter
2026-09-24 17:18:05 Binary: /bin/nslookup
2026-09-24 17:18:05 Binary: /bin/nstat
2026-09-24 17:18:05 Binary: /bin/nsupdate
2026-09-24 17:18:05 Binary: /bin/numfmt
2026-09-24 17:18:05 Binary: /bin/objcopy
2026-09-24 17:18:05 Binary: /bin/objdump
2026-09-24 17:18:05 Binary: /bin/od
2026-09-24 17:18:05 Binary: /bin/openssl
2026-09-24 17:18:05 Binary: /bin/pager
2026-09-24 17:18:05 Binary: /bin/partx
2026-09-24 17:18:05 Binary: /bin/passwd
2026-09-24 17:18:05 Binary: /bin/paste
2026-09-24 17:18:05 Binary: /bin/patch
2026-09-24 17:18:05 Binary: /bin/pathchk
2026-09-24 17:18:05 Binary: /bin/pdb3
2026-09-24 17:18:05 Binary: /bin/pdb3.10
2026-09-24 17:18:05 Binary: /bin/peekfd
2026-09-24 17:18:05 Binary: /bin/perl
2026-09-24 17:18:05 Binary: /bin/perl5.34-x86_64-linux-gnu
2026-09-24 17:18:05 Binary: /bin/perl5.34.0
2026-09-24 17:18:05 Binary: /bin/perlbug
2026-09-24 17:18:05 Binary: /bin/perldoc
2026-09-24 17:18:05 Binary: /bin/perlivp
2026-09-24 17:18:05 Binary: /bin/perlthanks
2026-09-24 17:18:05 Binary: /bin/pgrep
2026-09-24 17:18:05 Binary: /bin/pico
2026-09-24 17:18:05 Binary: /bin/piconv
2026-09-24 17:18:05 Binary: /bin/pidof
2026-09-24 17:18:05 Binary: /bin/pidwait
2026-09-24 17:18:05 Binary: /bin/pinentry
2026-09-24 17:18:05 Binary: /bin/pinentry-curses
2026-09-24 17:18:05 Binary: /bin/pinky
2026-09-24 17:18:05 Binary: /bin/pip
2026-09-24 17:18:05 Binary: /bin/pip3
2026-09-24 17:18:05 Binary: /bin/pip3.10
2026-09-24 17:18:05 Binary: /bin/pkill
2026-09-24 17:18:05 Binary: /bin/pl2pm
2026-09-24 17:18:05 Binary: /bin/pldd
2026-09-24 17:18:05 Binary: /bin/pmap
2026-09-24 17:18:05 Binary: /bin/pod2html
2026-09-24 17:18:05 Binary: /bin/pod2man
2026-09-24 17:18:05 Binary: /bin/pod2text
2026-09-24 17:18:05 Binary: /bin/pod2usage
2026-09-24 17:18:05 Binary: /bin/podchecker
2026-09-24 17:18:05 Binary: /bin/pr
2026-09-24 17:18:05 Binary: /bin/printenv
2026-09-24 17:18:05 Binary: /bin/printf
2026-09-24 17:18:05 Binary: /bin/prlimit
2026-09-24 17:18:05 Binary: /bin/procan
2026-09-24 17:18:05 Binary: /bin/prove
2026-09-24 17:18:05 Binary: /bin/prtstat
2026-09-24 17:18:05 Binary: /bin/ps
2026-09-24 17:18:05 Binary: /bin/pslog
2026-09-24 17:18:05 Binary: /bin/pstree
2026-09-24 17:18:05 Binary: /bin/pstree.x11
2026-09-24 17:18:05 Binary: /bin/ptar
2026-09-24 17:18:05 Binary: /bin/ptardiff
2026-09-24 17:18:05 Binary: /bin/ptargrep
2026-09-24 17:18:05 Binary: /bin/ptx
2026-09-24 17:18:05 Binary: /bin/pwd
2026-09-24 17:18:05 Binary: /bin/pwdx
2026-09-24 17:18:05 Binary: /bin/py3clean
2026-09-24 17:18:05 Binary: /bin/py3compile
2026-09-24 17:18:05 Binary: /bin/py3versions
2026-09-24 17:18:05 Binary: /bin/pydoc3
2026-09-24 17:18:05 Binary: /bin/pydoc3.10
2026-09-24 17:18:05 Binary: /bin/pygettext3
2026-09-24 17:18:05 Binary: /bin/pygettext3.10
2026-09-24 17:18:05 Binary: /bin/python3
2026-09-24 17:18:05 Binary: /bin/python3.10
2026-09-24 17:18:05 Binary: /bin/pzstd
2026-09-24 17:18:05 Binary: /bin/qrencode
2026-09-24 17:18:05 Binary: /bin/ranlib
2026-09-24 17:18:05 Binary: /bin/rbash
2026-09-24 17:18:05 Binary: /bin/rcp
2026-09-24 17:18:05 Binary: /bin/rdma
2026-09-24 17:18:05 Binary: /bin/readelf
2026-09-24 17:18:05 Binary: /bin/readlink
2026-09-24 17:18:05 Binary: /bin/realpath
2026-09-24 17:18:05 Binary: /bin/renice
2026-09-24 17:18:05 Binary: /bin/reset
2026-09-24 17:18:05 Binary: /bin/resizepart
2026-09-24 17:18:05 Binary: /bin/resolvectl
2026-09-24 17:18:05 Binary: /bin/rev
2026-09-24 17:18:05 Binary: /bin/rgrep
2026-09-24 17:18:05 Binary: /bin/rkhunter
2026-09-24 17:18:05 Binary: /bin/rlogin
2026-09-24 17:18:05 Binary: /bin/rm
2026-09-24 17:18:05 Binary: /bin/rmdir
2026-09-24 17:18:05 Binary: /bin/rnano
2026-09-24 17:18:05 Binary: /bin/routef
2026-09-24 17:18:05 Binary: /bin/routel
2026-09-24 17:18:05 Binary: /bin/rpcgen
2026-09-24 17:18:05 Binary: /bin/rsh
2026-09-24 17:18:05 Binary: /bin/rtstat
2026-09-24 17:18:05 Binary: /bin/run-parts
2026-09-24 17:18:05 Binary: /bin/runcon
2026-09-24 17:18:05 Binary: /bin/savelog
2026-09-24 17:18:05 Binary: /bin/scp
2026-09-24 17:18:05 Binary: /bin/screen
2026-09-24 17:18:05 Binary: /bin/script
2026-09-24 17:18:05 Binary: /bin/scriptlive
2026-09-24 17:18:05 Binary: /bin/scriptreplay
2026-09-24 17:18:05 Binary: /bin/sdiff
2026-09-24 17:18:05 Binary: /bin/sed
2026-09-24 17:18:05 Binary: /bin/select-editor
2026-09-24 17:18:05 Binary: /bin/sensible-browser
2026-09-24 17:18:05 Binary: /bin/sensible-editor
2026-09-24 17:18:05 Binary: /bin/sensible-pager
2026-09-24 17:18:05 Binary: /bin/seq
2026-09-24 17:18:05 Binary: /bin/setarch
2026-09-24 17:18:05 Binary: /bin/setpriv
2026-09-24 17:18:05 Binary: /bin/setsid
2026-09-24 17:18:05 Binary: /bin/setterm
2026-09-24 17:18:05 Binary: /bin/sftp
2026-09-24 17:18:05 Binary: /bin/sg
2026-09-24 17:18:05 Binary: /bin/sh
2026-09-24 17:18:05 Binary: /bin/sha1sum
2026-09-24 17:18:05 Binary: /bin/sha224sum
2026-09-24 17:18:05 Binary: /bin/sha256sum
2026-09-24 17:18:05 Binary: /bin/sha384sum
2026-09-24 17:18:05 Binary: /bin/sha512sum
2026-09-24 17:18:05 Binary: /bin/shasum
2026-09-24 17:18:05 Binary: /bin/shred
2026-09-24 17:18:05 Binary: /bin/shuf
2026-09-24 17:18:05 Binary: /bin/size
2026-09-24 17:18:05 Binary: /bin/skill
2026-09-24 17:18:05 Binary: /bin/slabtop
2026-09-24 17:18:05 Binary: /bin/sleep
2026-09-24 17:18:05 Binary: /bin/slogin
2026-09-24 17:18:05 Binary: /bin/slowdns-server
2026-09-24 17:18:05 Binary: /bin/snice
2026-09-24 17:18:05 Binary: /bin/socat
2026-09-24 17:18:05 Binary: /bin/sort
2026-09-24 17:18:05 Binary: /bin/splain
2026-09-24 17:18:05 Binary: /bin/split
2026-09-24 17:18:05 Binary: /bin/sqlite3
2026-09-24 17:18:05 Binary: /bin/ss
2026-09-24 17:18:05 Binary: /bin/ss-local
2026-09-24 17:18:05 Binary: /bin/ss-manager
2026-09-24 17:18:05 Binary: /bin/ss-nat
2026-09-24 17:18:05 Binary: /bin/ss-redir
2026-09-24 17:18:05 Binary: /bin/ss-server
2026-09-24 17:18:05 Binary: /bin/ss-tunnel
2026-09-24 17:18:05 Binary: /bin/ssh
2026-09-24 17:18:05 Binary: /bin/ssh-add
2026-09-24 17:18:05 Binary: /bin/ssh-agent
2026-09-24 17:18:05 Binary: /bin/ssh-argv0
2026-09-24 17:18:05 Binary: /bin/ssh-copy-id
2026-09-24 17:18:05 Binary: /bin/ssh-keygen
2026-09-24 17:18:05 Binary: /bin/ssh-keyscan
2026-09-24 17:18:05 Binary: /bin/sshpass
2026-09-24 17:18:05 Binary: /bin/stat
2026-09-24 17:18:05 Binary: /bin/stdbuf
2026-09-24 17:18:05 Binary: /bin/streamzip
2026-09-24 17:18:05 Binary: /bin/strings
2026-09-24 17:18:05 Binary: /bin/strip
2026-09-24 17:18:05 Binary: /bin/stty
2026-09-24 17:18:05 Binary: /bin/stunnel
2026-09-24 17:18:05 Binary: /bin/stunnel3
2026-09-24 17:18:05 Binary: /bin/stunnel4
2026-09-24 17:18:05 Binary: /bin/su
2026-09-24 17:18:05 Binary: /bin/sudo
2026-09-24 17:18:05 Binary: /bin/sudoedit
2026-09-24 17:18:05 Binary: /bin/sudoreplay
2026-09-24 17:18:05 Binary: /bin/sum
2026-09-24 17:18:05 Binary: /bin/sync
2026-09-24 17:18:05 Binary: /bin/systemctl
2026-09-24 17:18:05 Binary: /bin/systemd
2026-09-24 17:18:05 Binary: /bin/systemd-analyze
2026-09-24 17:18:05 Binary: /bin/systemd-ask-password
2026-09-24 17:18:05 Binary: /bin/systemd-cat
2026-09-24 17:18:05 Binary: /bin/systemd-cgls
2026-09-24 17:18:05 Binary: /bin/systemd-cgtop
2026-09-24 17:18:05 Binary: /bin/systemd-cryptenroll
2026-09-24 17:18:05 Binary: /bin/systemd-delta
2026-09-24 17:18:05 Binary: /bin/systemd-detect-virt
2026-09-24 17:18:05 Binary: /bin/systemd-escape
2026-09-24 17:18:05 Binary: /bin/systemd-hwdb
2026-09-24 17:18:05 Binary: /bin/systemd-id128
2026-09-24 17:18:05 Binary: /bin/systemd-inhibit
2026-09-24 17:18:05 Binary: /bin/systemd-machine-id-setup
2026-09-24 17:18:05 Binary: /bin/systemd-mount
2026-09-24 17:18:05 Binary: /bin/systemd-notify
2026-09-24 17:18:05 Binary: /bin/systemd-path
2026-09-24 17:18:05 Binary: /bin/systemd-run
2026-09-24 17:18:05 Binary: /bin/systemd-socket-activate
2026-09-24 17:18:05 Binary: /bin/systemd-stdio-bridge
2026-09-24 17:18:05 Binary: /bin/systemd-sysext
2026-09-24 17:18:05 Binary: /bin/systemd-sysusers
2026-09-24 17:18:05 Binary: /bin/systemd-tmpfiles
2026-09-24 17:18:05 Binary: /bin/systemd-tty-ask-password-agent
2026-09-24 17:18:05 Binary: /bin/systemd-umount
2026-09-24 17:18:05 Binary: /bin/tabs
2026-09-24 17:18:05 Binary: /bin/tac
2026-09-24 17:18:05 Binary: /bin/tail
2026-09-24 17:18:05 Binary: /bin/tar
2026-09-24 17:18:05 Binary: /bin/taskset
2026-09-24 17:18:05 Binary: /bin/tcpdump
2026-09-24 17:18:05 Binary: /bin/tee
2026-09-24 17:18:05 Binary: /bin/tempfile
2026-09-24 17:18:05 Binary: /bin/test
2026-09-24 17:18:05 Binary: /bin/tic
2026-09-24 17:18:05 Binary: /bin/timedatectl
2026-09-24 17:18:05 Binary: /bin/timeout
2026-09-24 17:18:05 Binary: /bin/tload
2026-09-24 17:18:05 Binary: /bin/toe
2026-09-24 17:18:05 Binary: /bin/top
2026-09-24 17:18:05 Binary: /bin/touch
2026-09-24 17:18:05 Binary: /bin/tput
2026-09-24 17:18:05 Binary: /bin/tr
2026-09-24 17:18:05 Binary: /bin/true
2026-09-24 17:18:05 Binary: /bin/truncate
2026-09-24 17:18:05 Binary: /bin/tset
2026-09-24 17:18:05 Binary: /bin/tsort
2026-09-24 17:18:05 Binary: /bin/tty
2026-09-24 17:18:05 Binary: /bin/tzselect
2026-09-24 17:18:05 Binary: /bin/ucf
2026-09-24 17:18:05 Binary: /bin/ucfq
2026-09-24 17:18:05 Binary: /bin/ucfr
2026-09-24 17:18:05 Binary: /bin/uclampset
2026-09-24 17:18:05 Binary: /bin/udevadm
2026-09-24 17:18:05 Binary: /bin/udp
2026-09-24 17:18:05 Binary: /bin/umount
2026-09-24 17:18:05 Binary: /bin/uname
2026-09-24 17:18:05 Binary: /bin/uncompress
2026-09-24 17:18:05 Binary: /bin/unexpand
2026-09-24 17:18:05 Binary: /bin/uniq
2026-09-24 17:18:05 Binary: /bin/unlink
2026-09-24 17:18:05 Binary: /bin/unlzma
2026-09-24 17:18:05 Binary: /bin/unmkinitramfs
2026-09-24 17:18:05 Binary: /bin/unshare
2026-09-24 17:18:05 Binary: /bin/unxz
2026-09-24 17:18:05 Binary: /bin/unzip
2026-09-24 17:18:05 Binary: /bin/unzipsfx
2026-09-24 17:18:05 Binary: /bin/unzstd
2026-09-24 17:18:05 Binary: /bin/update-alternatives
2026-09-24 17:18:05 Binary: /bin/update-mime-database
2026-09-24 17:18:05 Binary: /bin/uptime
2026-09-24 17:18:05 Binary: /bin/upx
2026-09-24 17:18:05 Binary: /bin/upx-ucl
2026-09-24 17:18:05 Binary: /bin/users
2026-09-24 17:18:05 Binary: /bin/utmpdump
2026-09-24 17:18:05 Binary: /bin/vdir
2026-09-24 17:18:05 Binary: /bin/vmstat
2026-09-24 17:18:05 Binary: /bin/w
2026-09-24 17:18:05 Binary: /bin/wall
2026-09-24 17:18:05 Binary: /bin/watch
2026-09-24 17:18:05 Binary: /bin/watchgnupg
2026-09-24 17:18:05 Binary: /bin/wc
2026-09-24 17:18:05 Binary: /bin/wdctl
2026-09-24 17:18:05 Binary: /bin/webmin
2026-09-24 17:18:05 Binary: /bin/wg
2026-09-24 17:18:05 Binary: /bin/wg-quick
2026-09-24 17:18:05 Binary: /bin/wget
2026-09-24 17:18:05 Binary: /bin/whereis
2026-09-24 17:18:05 Binary: /bin/which
2026-09-24 17:18:05 Binary: /bin/which.debianutils
2026-09-24 17:18:05 Binary: /bin/who
2026-09-24 17:18:05 Binary: /bin/whoami
2026-09-24 17:18:05 Binary: /bin/whois
2026-09-24 17:18:05 Binary: /bin/x-ui
2026-09-24 17:18:05 Binary: /bin/x86_64
2026-09-24 17:18:05 Binary: /bin/x86_64-linux-gnu-addr2line
2026-09-24 17:18:05 Binary: /bin/x86_64-linux-gnu-ar
2026-09-24 17:18:05 Binary: /bin/x86_64-linux-gnu-as
2026-09-24 17:18:05 Binary: /bin/x86_64-linux-gnu-c++filt
2026-09-24 17:18:05 Binary: /bin/x86_64-linux-gnu-cpp
2026-09-24 17:18:05 Binary: /bin/x86_64-linux-gnu-cpp-11
2026-09-24 17:18:05 Binary: /bin/x86_64-linux-gnu-dwp
2026-09-24 17:18:05 Binary: /bin/x86_64-linux-gnu-elfedit
2026-09-24 17:18:05 Binary: /bin/x86_64-linux-gnu-g++
2026-09-24 17:18:05 Binary: /bin/x86_64-linux-gnu-g++-11
2026-09-24 17:18:05 Binary: /bin/x86_64-linux-gnu-gcc
2026-09-24 17:18:05 Binary: /bin/x86_64-linux-gnu-gcc-11
2026-09-24 17:18:05 Binary: /bin/x86_64-linux-gnu-gcc-ar
2026-09-24 17:18:05 Binary: /bin/x86_64-linux-gnu-gcc-ar-11
2026-09-24 17:18:05 Binary: /bin/x86_64-linux-gnu-gcc-nm
2026-09-24 17:18:05 Binary: /bin/x86_64-linux-gnu-gcc-nm-11
2026-09-24 17:18:05 Binary: /bin/x86_64-linux-gnu-gcc-ranlib
2026-09-24 17:18:05 Binary: /bin/x86_64-linux-gnu-gcc-ranlib-11
2026-09-24 17:18:05 Binary: /bin/x86_64-linux-gnu-gcov
2026-09-24 17:18:05 Binary: /bin/x86_64-linux-gnu-gcov-11
2026-09-24 17:18:05 Binary: /bin/x86_64-linux-gnu-gcov-dump
2026-09-24 17:18:05 Binary: /bin/x86_64-linux-gnu-gcov-dump-11
2026-09-24 17:18:05 Binary: /bin/x86_64-linux-gnu-gcov-tool
2026-09-24 17:18:05 Binary: /bin/x86_64-linux-gnu-gcov-tool-11
2026-09-24 17:18:05 Binary: /bin/x86_64-linux-gnu-gold
2026-09-24 17:18:05 Binary: /bin/x86_64-linux-gnu-gprof
2026-09-24 17:18:05 Binary: /bin/x86_64-linux-gnu-ld
2026-09-24 17:18:05 Binary: /bin/x86_64-linux-gnu-ld.bfd
2026-09-24 17:18:05 Binary: /bin/x86_64-linux-gnu-ld.gold
2026-09-24 17:18:05 Binary: /bin/x86_64-linux-gnu-lto-dump-11
2026-09-24 17:18:05 Binary: /bin/x86_64-linux-gnu-nm
2026-09-24 17:18:05 Binary: /bin/x86_64-linux-gnu-objcopy
2026-09-24 17:18:05 Binary: /bin/x86_64-linux-gnu-objdump
2026-09-24 17:18:05 Binary: /bin/x86_64-linux-gnu-ranlib
2026-09-24 17:18:05 Binary: /bin/x86_64-linux-gnu-readelf
2026-09-24 17:18:05 Binary: /bin/x86_64-linux-gnu-size
2026-09-24 17:18:05 Binary: /bin/x86_64-linux-gnu-strings
2026-09-24 17:18:05 Binary: /bin/x86_64-linux-gnu-strip
2026-09-24 17:18:05 Binary: /bin/xargs
2026-09-24 17:18:05 Binary: /bin/xsubpp
2026-09-24 17:18:06 Binary: /bin/xz
2026-09-24 17:18:06 Binary: /bin/xzcat
2026-09-24 17:18:06 Binary: /bin/xzcmp
2026-09-24 17:18:06 Binary: /bin/xzdiff
2026-09-24 17:18:06 Binary: /bin/xzegrep
2026-09-24 17:18:06 Binary: /bin/xzfgrep
2026-09-24 17:18:06 Binary: /bin/xzgrep
2026-09-24 17:18:06 Binary: /bin/xzless
2026-09-24 17:18:06 Binary: /bin/xzmore
2026-09-24 17:18:06 Binary: /bin/yes
2026-09-24 17:18:06 Binary: /bin/ypdomainname
2026-09-24 17:18:06 Binary: /bin/zcat
2026-09-24 17:18:06 Binary: /bin/zcmp
2026-09-24 17:18:06 Binary: /bin/zdiff
2026-09-24 17:18:06 Binary: /bin/zdump
2026-09-24 17:18:06 Binary: /bin/zegrep
2026-09-24 17:18:06 Binary: /bin/zfgrep
2026-09-24 17:18:06 Binary: /bin/zforce
2026-09-24 17:18:06 Binary: /bin/zgrep
2026-09-24 17:18:06 Binary: /bin/zip
2026-09-24 17:18:06 Binary: /bin/zipcloak
2026-09-24 17:18:06 Binary: /bin/zipdetails
2026-09-24 17:18:06 Binary: /bin/zipgrep
2026-09-24 17:18:06 Binary: /bin/zipinfo
2026-09-24 17:18:06 Binary: /bin/zipnote
2026-09-24 17:18:06 Binary: /bin/zipsplit
2026-09-24 17:18:06 Binary: /bin/zless
2026-09-24 17:18:06 Binary: /bin/zmore
2026-09-24 17:18:06 Binary: /bin/znew
2026-09-24 17:18:06 Binary: /bin/zstd
2026-09-24 17:18:06 Binary: /bin/zstdcat
2026-09-24 17:18:06 Binary: /bin/zstdgrep
2026-09-24 17:18:06 Binary: /bin/zstdless
2026-09-24 17:18:06 Binary: /bin/zstdmt
2026-09-24 17:18:06 ====
2026-09-24 17:18:06 Test: Checking binaries in directory /sbin
2026-09-24 17:18:06 Directory /sbin exists. Starting directory scanning...
2026-09-24 17:18:06 Binary: /sbin/add-shell
2026-09-24 17:18:06 Binary: /sbin/addgnupghome
2026-09-24 17:18:06 Binary: /sbin/addgroup
2026-09-24 17:18:06 Binary: /sbin/adduser
2026-09-24 17:18:06 Binary: /sbin/agetty
2026-09-24 17:18:06 Binary: /sbin/applygnupgdefaults
2026-09-24 17:18:06 Binary: /sbin/arp
2026-09-24 17:18:06 Binary: /sbin/arpd
2026-09-24 17:18:06 Binary: /sbin/arptables
2026-09-24 17:18:06 Binary: /sbin/arptables-nft
2026-09-24 17:18:06 Binary: /sbin/arptables-nft-restore
2026-09-24 17:18:06 Binary: /sbin/arptables-nft-save
2026-09-24 17:18:06 Binary: /sbin/arptables-restore
2026-09-24 17:18:06 Binary: /sbin/arptables-save
2026-09-24 17:18:06 Binary: /sbin/badblocks
2026-09-24 17:18:06 Binary: /sbin/blkdiscard
2026-09-24 17:18:06 Binary: /sbin/blkid
2026-09-24 17:18:06 Binary: /sbin/blkzone
2026-09-24 17:18:06 Binary: /sbin/blockdev
2026-09-24 17:18:06 Binary: /sbin/bridge
2026-09-24 17:18:06 Binary: /sbin/capsh
2026-09-24 17:18:06 Binary: /sbin/chcpu
2026-09-24 17:18:06 Binary: /sbin/chgpasswd
2026-09-24 17:18:06 Binary: /sbin/chklastlog
2026-09-24 17:18:06 Binary: /sbin/chkrootkit
2026-09-24 17:18:06 Binary: /sbin/chkwtmp
2026-09-24 17:18:06 Binary: /sbin/chmem
2026-09-24 17:18:06 Binary: /sbin/chpasswd
2026-09-24 17:18:06 Binary: /sbin/chroot
2026-09-24 17:18:06 Binary: /sbin/conntrack
2026-09-24 17:18:06 Binary: /sbin/cpgr
2026-09-24 17:18:06 Binary: /sbin/cppw
2026-09-24 17:18:06 Binary: /sbin/cron
2026-09-24 17:18:06 Binary: /sbin/ctrlaltdel
2026-09-24 17:18:06 Binary: /sbin/danted
2026-09-24 17:18:06 Binary: /sbin/dcb
2026-09-24 17:18:06 Binary: /sbin/debugfs
2026-09-24 17:18:06 Binary: /sbin/delgroup
2026-09-24 17:18:06 Binary: /sbin/deluser
2026-09-24 17:18:06 Binary: /sbin/depmod
2026-09-24 17:18:06 Binary: /sbin/devlink
2026-09-24 17:18:06 Binary: /sbin/dpkg-preconfigure
2026-09-24 17:18:06 Binary: /sbin/dpkg-reconfigure
2026-09-24 17:18:06 Binary: /sbin/dropbear
2026-09-24 17:18:06 Binary: /sbin/dumpe2fs
2026-09-24 17:18:06 Binary: /sbin/e2freefrag
2026-09-24 17:18:06 Binary: /sbin/e2fsck
2026-09-24 17:18:06 Binary: /sbin/e2image
2026-09-24 17:18:06 Binary: /sbin/e2label
2026-09-24 17:18:06 Binary: /sbin/e2mmpstatus
2026-09-24 17:18:06 Binary: /sbin/e2scrub
2026-09-24 17:18:06 Binary: /sbin/e2scrub_all
2026-09-24 17:18:06 Binary: /sbin/e2undo
2026-09-24 17:18:06 Binary: /sbin/e4crypt
2026-09-24 17:18:06 Binary: /sbin/e4defrag
2026-09-24 17:18:06 Binary: /sbin/ebtables
2026-09-24 17:18:06 Binary: /sbin/ebtables-nft
2026-09-24 17:18:06 Binary: /sbin/ebtables-nft-restore
2026-09-24 17:18:06 Binary: /sbin/ebtables-nft-save
2026-09-24 17:18:06 Binary: /sbin/ebtables-restore
2026-09-24 17:18:06 Binary: /sbin/ebtables-save
2026-09-24 17:18:06 Binary: /sbin/faillock
2026-09-24 17:18:06 Binary: /sbin/filefrag
2026-09-24 17:18:06 Binary: /sbin/findfs
2026-09-24 17:18:06 Binary: /sbin/fsck
2026-09-24 17:18:06 Binary: /sbin/fsck.cramfs
2026-09-24 17:18:06 Binary: /sbin/fsck.ext2
2026-09-24 17:18:06 Binary: /sbin/fsck.ext3
2026-09-24 17:18:06 Binary: /sbin/fsck.ext4
2026-09-24 17:18:06 Binary: /sbin/fsck.minix
2026-09-24 17:18:06 Binary: /sbin/fsfreeze
2026-09-24 17:18:06 Binary: /sbin/fstab-decode
2026-09-24 17:18:06 Binary: /sbin/fstrim
2026-09-24 17:18:06 Binary: /sbin/genl
2026-09-24 17:18:06 Binary: /sbin/getcap
2026-09-24 17:18:06 Binary: /sbin/getpcaps
2026-09-24 17:18:06 Binary: /sbin/getty
2026-09-24 17:18:06 Binary: /sbin/groupadd
2026-09-24 17:18:06 Binary: /sbin/groupdel
2026-09-24 17:18:06 Binary: /sbin/groupmems
2026-09-24 17:18:06 Binary: /sbin/groupmod
2026-09-24 17:18:06 Binary: /sbin/grpck
2026-09-24 17:18:06 Binary: /sbin/grpconv
2026-09-24 17:18:06 Binary: /sbin/grpunconv
2026-09-24 17:18:06 Binary: /sbin/grub-install
2026-09-24 17:18:06 Binary: /sbin/grub-macbless
2026-09-24 17:18:06 Binary: /sbin/grub-mkconfig
2026-09-24 17:18:06 Binary: /sbin/grub-mkdevicemap
2026-09-24 17:18:06 Binary: /sbin/grub-probe
2026-09-24 17:18:06 Binary: /sbin/grub-reboot
2026-09-24 17:18:06 Binary: /sbin/grub-set-default
2026-09-24 17:18:06 Binary: /sbin/halog
2026-09-24 17:18:06 Binary: /sbin/halt
2026-09-24 17:18:06 Binary: /sbin/haproxy
2026-09-24 17:18:06 Binary: /sbin/hwclock
2026-09-24 17:18:06 Binary: /sbin/iconvconfig
2026-09-24 17:18:06 Binary: /sbin/ifconfig
2026-09-24 17:18:06 Binary: /sbin/init
2026-09-24 17:18:06 Binary: /sbin/insmod
2026-09-24 17:18:06 Binary: /sbin/installkernel
2026-09-24 17:18:06 Binary: /sbin/invoke-rc.d
2026-09-24 17:18:06 Binary: /sbin/ip
2026-09-24 17:18:06 Binary: /sbin/ip6tables
2026-09-24 17:18:06 Binary: /sbin/ip6tables-apply
2026-09-24 17:18:06 Binary: /sbin/ip6tables-legacy
2026-09-24 17:18:06 Binary: /sbin/ip6tables-legacy-restore
2026-09-24 17:18:06 Binary: /sbin/ip6tables-legacy-save
2026-09-24 17:18:06 Binary: /sbin/ip6tables-nft
2026-09-24 17:18:06 Binary: /sbin/ip6tables-nft-restore
2026-09-24 17:18:06 Binary: /sbin/ip6tables-nft-save
2026-09-24 17:18:06 Binary: /sbin/ip6tables-restore
2026-09-24 17:18:06 Binary: /sbin/ip6tables-restore-translate
2026-09-24 17:18:06 Binary: /sbin/ip6tables-save
2026-09-24 17:18:06 Binary: /sbin/ip6tables-translate
2026-09-24 17:18:06 Binary: /sbin/ipmaddr
2026-09-24 17:18:06 Binary: /sbin/iptables
2026-09-24 17:18:06 Binary: /sbin/iptables-apply
2026-09-24 17:18:06 Binary: /sbin/iptables-legacy
2026-09-24 17:18:06 Binary: /sbin/iptables-legacy-restore
2026-09-24 17:18:06 Binary: /sbin/iptables-legacy-save
2026-09-24 17:18:06 Binary: /sbin/iptables-nft
2026-09-24 17:18:06 Binary: /sbin/iptables-nft-restore
2026-09-24 17:18:06 Binary: /sbin/iptables-nft-save
2026-09-24 17:18:06 Binary: /sbin/iptables-restore
2026-09-24 17:18:06 Binary: /sbin/iptables-restore-translate
2026-09-24 17:18:06 Binary: /sbin/iptables-save
2026-09-24 17:18:06 Binary: /sbin/iptables-translate
2026-09-24 17:18:06 Binary: /sbin/iptunnel
2026-09-24 17:18:06 Binary: /sbin/isosize
2026-09-24 17:18:06 Binary: /sbin/killall5
2026-09-24 17:18:06 Binary: /sbin/ldattach
2026-09-24 17:18:06 Binary: /sbin/ldconfig
2026-09-24 17:18:06 Binary: /sbin/ldconfig.real
2026-09-24 17:18:06 Binary: /sbin/locale-gen
2026-09-24 17:18:06 Binary: /sbin/logrotate
2026-09-24 17:18:06 Binary: /sbin/logsave
2026-09-24 17:18:06 Binary: /sbin/losetup
2026-09-24 17:18:06 Binary: /sbin/lsmod
2026-09-24 17:18:06 Binary: /sbin/lynis
2026-09-24 17:18:06 Binary: /sbin/make-ssl-cert
2026-09-24 17:18:06 Binary: /sbin/mii-tool
2026-09-24 17:18:06 Binary: /sbin/mke2fs
2026-09-24 17:18:06 Binary: /sbin/mkfs
2026-09-24 17:18:06 Binary: /sbin/mkfs.bfs
2026-09-24 17:18:06 Binary: /sbin/mkfs.cramfs
2026-09-24 17:18:06 Binary: /sbin/mkfs.ext2
2026-09-24 17:18:06 Binary: /sbin/mkfs.ext3
2026-09-24 17:18:06 Binary: /sbin/mkfs.ext4
2026-09-24 17:18:06 Binary: /sbin/mkfs.minix
2026-09-24 17:18:06 Binary: /sbin/mkhomedir_helper
2026-09-24 17:18:06 Binary: /sbin/mkinitramfs
2026-09-24 17:18:06 Binary: /sbin/mklost+found
2026-09-24 17:18:06 Binary: /sbin/mkswap
2026-09-24 17:18:06 Binary: /sbin/modinfo
2026-09-24 17:18:06 Binary: /sbin/modprobe
2026-09-24 17:18:06 Binary: /sbin/nameif
2026-09-24 17:18:06 Binary: /sbin/netplan
2026-09-24 17:18:06 Binary: /sbin/newusers
2026-09-24 17:18:06 Binary: /sbin/nfnl_osf
2026-09-24 17:18:06 Binary: /sbin/nologin
2026-09-24 17:18:06 Binary: /sbin/openvpn
2026-09-24 17:18:06 Binary: /sbin/pam-auth-update
2026-09-24 17:18:06 Binary: /sbin/pam_extrausers_chkpwd
2026-09-24 17:18:06 Binary: /sbin/pam_extrausers_update
2026-09-24 17:18:06 Binary: /sbin/pam_getenv
2026-09-24 17:18:06 Binary: /sbin/pam_timestamp_check
2026-09-24 17:18:06 Binary: /sbin/pivot_root
2026-09-24 17:18:06 Binary: /sbin/plipconfig
2026-09-24 17:18:06 Binary: /sbin/poweroff
2026-09-24 17:18:06 Binary: /sbin/pwck
2026-09-24 17:18:06 Binary: /sbin/pwconv
2026-09-24 17:18:06 Binary: /sbin/pwunconv
2026-09-24 17:18:06 Binary: /sbin/qemu-ga
2026-09-24 17:18:06 Binary: /sbin/rarp
2026-09-24 17:18:06 Binary: /sbin/readprofile
2026-09-24 17:18:06 Binary: /sbin/reboot
2026-09-24 17:18:06 Binary: /sbin/remove-shell
2026-09-24 17:18:06 Binary: /sbin/resize2fs
2026-09-24 17:18:06 Binary: /sbin/rmmod
2026-09-24 17:18:06 Binary: /sbin/rmt
2026-09-24 17:18:06 Binary: /sbin/rmt-tar
2026-09-24 17:18:06 Binary: /sbin/route
2026-09-24 17:18:06 Binary: /sbin/rtacct
2026-09-24 17:18:06 Binary: /sbin/rtcwake
2026-09-24 17:18:06 Binary: /sbin/rtmon
2026-09-24 17:18:06 Binary: /sbin/runlevel
2026-09-24 17:18:06 Binary: /sbin/runuser
2026-09-24 17:18:06 Binary: /sbin/service
2026-09-24 17:18:06 Binary: /sbin/setcap
2026-09-24 17:18:06 Binary: /sbin/shadowconfig
2026-09-24 17:18:06 Binary: /sbin/shutdown
2026-09-24 17:18:06 Binary: /sbin/slattach
2026-09-24 17:18:06 Binary: /sbin/squid
2026-09-24 17:18:06 Binary: /sbin/sshd
2026-09-24 17:18:06 Binary: /sbin/start-stop-daemon
2026-09-24 17:18:06 Binary: /sbin/sudo_logsrvd
2026-09-24 17:18:06 Binary: /sbin/sudo_sendlog
2026-09-24 17:18:06 Binary: /sbin/sulogin
2026-09-24 17:18:06 Binary: /sbin/swaplabel
2026-09-24 17:18:06 Binary: /sbin/swapoff
2026-09-24 17:18:06 Binary: /sbin/swapon
2026-09-24 17:18:06 Binary: /sbin/switch_root
2026-09-24 17:18:06 Binary: /sbin/sysctl
2026-09-24 17:18:06 Binary: /sbin/tarcat
2026-09-24 17:18:06 Binary: /sbin/tc
2026-09-24 17:18:06 Binary: /sbin/telinit
2026-09-24 17:18:06 Binary: /sbin/tipc
2026-09-24 17:18:06 Binary: /sbin/tune2fs
2026-09-24 17:18:06 Binary: /sbin/tzconfig
2026-09-24 17:18:06 Binary: /sbin/unix_chkpwd
2026-09-24 17:18:06 Binary: /sbin/unix_update
2026-09-24 17:18:06 Binary: /sbin/update-ca-certificates
2026-09-24 17:18:06 Binary: /sbin/update-grub
2026-09-24 17:18:06 Binary: /sbin/update-grub2
2026-09-24 17:18:06 Binary: /sbin/update-initramfs
2026-09-24 17:18:06 Binary: /sbin/update-locale
2026-09-24 17:18:06 Binary: /sbin/update-passwd
2026-09-24 17:18:06 Binary: /sbin/update-rc.d
2026-09-24 17:18:06 Binary: /sbin/update-shells
2026-09-24 17:18:06 Binary: /sbin/useradd
2026-09-24 17:18:06 Binary: /sbin/userdel
2026-09-24 17:18:06 Binary: /sbin/usermod
2026-09-24 17:18:06 Binary: /sbin/validlocale
2026-09-24 17:18:06 Binary: /sbin/vdpa
2026-09-24 17:18:06 Binary: /sbin/vigr
2026-09-24 17:18:06 Binary: /sbin/vipw
2026-09-24 17:18:06 Binary: /sbin/visudo
2026-09-24 17:18:06 Binary: /sbin/wipefs
2026-09-24 17:18:06 Binary: /sbin/xtables-legacy-multi
2026-09-24 17:18:06 Binary: /sbin/xtables-monitor
2026-09-24 17:18:06 Binary: /sbin/xtables-nft-multi
2026-09-24 17:18:06 Binary: /sbin/zic
2026-09-24 17:18:06 Binary: /sbin/zramctl
2026-09-24 17:18:06 ====
2026-09-24 17:18:06 Test: Checking binaries in directory /usr/bin
2026-09-24 17:18:06 Directory /usr/bin exists. Starting directory scanning...
2026-09-24 17:18:06 Binary: /usr/bin/[
2026-09-24 17:18:06 Binary: /usr/bin/addpart
2026-09-24 17:18:06 Binary: /usr/bin/addr2line
2026-09-24 17:18:06 Binary: /usr/bin/apt
2026-09-24 17:18:06 Binary: /usr/bin/apt-cache
2026-09-24 17:18:06 Binary: /usr/bin/apt-cdrom
2026-09-24 17:18:06 Binary: /usr/bin/apt-config
2026-09-24 17:18:06 Binary: /usr/bin/apt-get
2026-09-24 17:18:06 Binary: /usr/bin/apt-key
2026-09-24 17:18:06 Binary: /usr/bin/apt-mark
2026-09-24 17:18:06 Binary: /usr/bin/ar
2026-09-24 17:18:06 Binary: /usr/bin/arch
2026-09-24 17:18:06 Binary: /usr/bin/as
2026-09-24 17:18:06 Binary: /usr/bin/authSSH
2026-09-24 17:18:06 Binary: /usr/bin/awk
2026-09-24 17:18:06 Binary: /usr/bin/b2sum
2026-09-24 17:18:06 Binary: /usr/bin/base32
2026-09-24 17:18:06 Binary: /usr/bin/base64
2026-09-24 17:18:06 Binary: /usr/bin/basename
2026-09-24 17:18:06 Binary: /usr/bin/basenc
2026-09-24 17:18:06 Binary: /usr/bin/bash
2026-09-24 17:18:06 Binary: /usr/bin/bashbug
2026-09-24 17:18:06 Binary: /usr/bin/bc
2026-09-24 17:18:06 Binary: /usr/bin/bootctl
2026-09-24 17:18:06 Binary: /usr/bin/bunzip2
2026-09-24 17:18:06 Binary: /usr/bin/busctl
2026-09-24 17:18:06 Binary: /usr/bin/bzcat
2026-09-24 17:18:06 Binary: /usr/bin/bzcmp
2026-09-24 17:18:06 Binary: /usr/bin/bzdiff
2026-09-24 17:18:06 Binary: /usr/bin/bzegrep
2026-09-24 17:18:06 Binary: /usr/bin/bzexe
2026-09-24 17:18:06 Binary: /usr/bin/bzfgrep
2026-09-24 17:18:06 Binary: /usr/bin/bzgrep
2026-09-24 17:18:06 Binary: /usr/bin/bzip2
2026-09-24 17:18:06 Binary: /usr/bin/bzip2recover
2026-09-24 17:18:06 Binary: /usr/bin/bzless
2026-09-24 17:18:06 Binary: /usr/bin/bzmore
2026-09-24 17:18:06 Binary: /usr/bin/c++
2026-09-24 17:18:06 Binary: /usr/bin/c++filt
2026-09-24 17:18:06 Binary: /usr/bin/c89
2026-09-24 17:18:06 Binary: /usr/bin/c89-gcc
2026-09-24 17:18:06 Binary: /usr/bin/c99
2026-09-24 17:18:06 Binary: /usr/bin/c99-gcc
2026-09-24 17:18:06 Binary: /usr/bin/c_rehash
2026-09-24 17:18:06 Binary: /usr/bin/captoinfo
2026-09-24 17:18:06 Binary: /usr/bin/cat
2026-09-24 17:18:06 Binary: /usr/bin/cc
2026-09-24 17:18:06 Binary: /usr/bin/certbot
2026-09-24 17:18:06 Binary: /usr/bin/chage
2026-09-24 17:18:06 Binary: /usr/bin/chardet
2026-09-24 17:18:06 Binary: /usr/bin/chardetect
2026-09-24 17:18:06 Binary: /usr/bin/chattr
2026-09-24 17:18:06 Binary: /usr/bin/chcon
2026-09-24 17:18:06 Binary: /usr/bin/chfn
2026-09-24 17:18:06 Binary: /usr/bin/chgrp
2026-09-24 17:18:06 Binary: /usr/bin/chmod
2026-09-24 17:18:06 Binary: /usr/bin/choom
2026-09-24 17:18:06 Binary: /usr/bin/chown
2026-09-24 17:18:06 Binary: /usr/bin/chrt
2026-09-24 17:18:06 Binary: /usr/bin/chsh
2026-09-24 17:18:06 Binary: /usr/bin/cksum
2026-09-24 17:18:06 Binary: /usr/bin/clear
2026-09-24 17:18:06 Binary: /usr/bin/clear_console
2026-09-24 17:18:06 Binary: /usr/bin/cmake
2026-09-24 17:18:06 Binary: /usr/bin/cmp
2026-09-24 17:18:06 Binary: /usr/bin/comm
2026-09-24 17:18:06 Binary: /usr/bin/config.json
2026-09-24 17:18:06 Binary: /usr/bin/config.json.bak-2100
2026-09-24 17:18:06 Binary: /usr/bin/corelist
2026-09-24 17:18:06 Binary: /usr/bin/cp
2026-09-24 17:18:06 Binary: /usr/bin/cpack
2026-09-24 17:18:06 Binary: /usr/bin/cpan
2026-09-24 17:18:06 Binary: /usr/bin/cpan5.34-x86_64-linux-gnu
2026-09-24 17:18:06 Binary: /usr/bin/cpio
2026-09-24 17:18:06 Binary: /usr/bin/cpp
2026-09-24 17:18:06 Binary: /usr/bin/cpp-11
2026-09-24 17:18:06 Binary: /usr/bin/crontab
2026-09-24 17:18:06 Binary: /usr/bin/csplit
2026-09-24 17:18:06 Binary: /usr/bin/ctest
2026-09-24 17:18:06 Binary: /usr/bin/ctstat
2026-09-24 17:18:06 Binary: /usr/bin/curl
2026-09-24 17:18:06 Binary: /usr/bin/cut
2026-09-24 17:18:06 Binary: /usr/bin/cvtsudoers
2026-09-24 17:18:06 Binary: /usr/bin/dash
2026-09-24 17:18:06 Binary: /usr/bin/date
2026-09-24 17:18:06 Binary: /usr/bin/dbclient
2026-09-24 17:18:06 Binary: /usr/bin/dbilogstrip
2026-09-24 17:18:06 Binary: /usr/bin/dbiprof
2026-09-24 17:18:06 Binary: /usr/bin/dbiproxy
2026-09-24 17:18:06 Binary: /usr/bin/dbus-cleanup-sockets
2026-09-24 17:18:06 Binary: /usr/bin/dbus-daemon
2026-09-24 17:18:06 Binary: /usr/bin/dbus-monitor
2026-09-24 17:18:06 Binary: /usr/bin/dbus-run-session
2026-09-24 17:18:06 Binary: /usr/bin/dbus-send
2026-09-24 17:18:06 Binary: /usr/bin/dbus-update-activation-environment
2026-09-24 17:18:06 Binary: /usr/bin/dbus-uuidgen
2026-09-24 17:18:06 Binary: /usr/bin/dd
2026-09-24 17:18:06 Binary: /usr/bin/deb-systemd-helper
2026-09-24 17:18:06 Binary: /usr/bin/deb-systemd-invoke
2026-09-24 17:18:06 Binary: /usr/bin/debconf
2026-09-24 17:18:06 Binary: /usr/bin/debconf-apt-progress
2026-09-24 17:18:06 Binary: /usr/bin/debconf-communicate
2026-09-24 17:18:06 Binary: /usr/bin/debconf-copydb
2026-09-24 17:18:06 Binary: /usr/bin/debconf-escape
2026-09-24 17:18:06 Binary: /usr/bin/debconf-set-selections
2026-09-24 17:18:06 Binary: /usr/bin/debconf-show
2026-09-24 17:18:06 Binary: /usr/bin/delpart
2026-09-24 17:18:06 Binary: /usr/bin/delv
2026-09-24 17:18:06 Binary: /usr/bin/df
2026-09-24 17:18:06 Binary: /usr/bin/dh_bash-completion
2026-09-24 17:18:06 Binary: /usr/bin/dh_perl_dbi
2026-09-24 17:18:06 Binary: /usr/bin/dh_perl_openssl
2026-09-24 17:18:06 Binary: /usr/bin/dialog
2026-09-24 17:18:06 Binary: /usr/bin/diff
2026-09-24 17:18:06 Binary: /usr/bin/diff3
2026-09-24 17:18:06 Binary: /usr/bin/dig
2026-09-24 17:18:06 Binary: /usr/bin/dir
2026-09-24 17:18:06 Binary: /usr/bin/dircolors
2026-09-24 17:18:06 Binary: /usr/bin/dirmngr
2026-09-24 17:18:06 Binary: /usr/bin/dirmngr-client
2026-09-24 17:18:06 Binary: /usr/bin/dirname
2026-09-24 17:18:06 Binary: /usr/bin/dmesg
2026-09-24 17:18:06 Binary: /usr/bin/dnsdomainname
2026-09-24 17:18:06 Binary: /usr/bin/domainname
2026-09-24 17:18:06 Binary: /usr/bin/dpkg
2026-09-24 17:18:06 Binary: /usr/bin/dpkg-architecture
2026-09-24 17:18:06 Binary: /usr/bin/dpkg-buildflags
2026-09-24 17:18:06 Binary: /usr/bin/dpkg-buildpackage
2026-09-24 17:18:06 Binary: /usr/bin/dpkg-checkbuilddeps
2026-09-24 17:18:06 Binary: /usr/bin/dpkg-deb
2026-09-24 17:18:06 Binary: /usr/bin/dpkg-distaddfile
2026-09-24 17:18:06 Binary: /usr/bin/dpkg-divert
2026-09-24 17:18:06 Binary: /usr/bin/dpkg-genbuildinfo
2026-09-24 17:18:06 Binary: /usr/bin/dpkg-genchanges
2026-09-24 17:18:06 Binary: /usr/bin/dpkg-gencontrol
2026-09-24 17:18:06 Binary: /usr/bin/dpkg-gensymbols
2026-09-24 17:18:06 Binary: /usr/bin/dpkg-maintscript-helper
2026-09-24 17:18:06 Binary: /usr/bin/dpkg-mergechangelogs
2026-09-24 17:18:06 Binary: /usr/bin/dpkg-name
2026-09-24 17:18:06 Binary: /usr/bin/dpkg-parsechangelog
2026-09-24 17:18:06 Binary: /usr/bin/dpkg-query
2026-09-24 17:18:06 Binary: /usr/bin/dpkg-realpath
2026-09-24 17:18:06 Binary: /usr/bin/dpkg-scanpackages
2026-09-24 17:18:06 Binary: /usr/bin/dpkg-scansources
2026-09-24 17:18:06 Binary: /usr/bin/dpkg-shlibdeps
2026-09-24 17:18:06 Binary: /usr/bin/dpkg-source
2026-09-24 17:18:06 Binary: /usr/bin/dpkg-split
2026-09-24 17:18:06 Binary: /usr/bin/dpkg-statoverride
2026-09-24 17:18:06 Binary: /usr/bin/dpkg-trigger
2026-09-24 17:18:06 Binary: /usr/bin/dpkg-vendor
2026-09-24 17:18:06 Binary: /usr/bin/dropbearconvert
2026-09-24 17:18:06 Binary: /usr/bin/dropbearkey
2026-09-24 17:18:06 Binary: /usr/bin/du
2026-09-24 17:18:06 Binary: /usr/bin/dwp
2026-09-24 17:18:06 Binary: /usr/bin/echo
2026-09-24 17:18:06 Binary: /usr/bin/editor
2026-09-24 17:18:06 Binary: /usr/bin/egrep
2026-09-24 17:18:06 Binary: /usr/bin/elfedit
2026-09-24 17:18:06 Binary: /usr/bin/enc2xs
2026-09-24 17:18:06 Binary: /usr/bin/encguess
2026-09-24 17:18:06 Binary: /usr/bin/env
2026-09-24 17:18:06 Binary: /usr/bin/envsubst
2026-09-24 17:18:06 Binary: /usr/bin/expand
2026-09-24 17:18:06 Binary: /usr/bin/expiry
2026-09-24 17:18:06 Binary: /usr/bin/expr
2026-09-24 17:18:06 Binary: /usr/bin/factor
2026-09-24 17:18:06 Binary: /usr/bin/fail2ban-client
2026-09-24 17:18:06 Binary: /usr/bin/fail2ban-python
2026-09-24 17:18:06 Binary: /usr/bin/fail2ban-regex
2026-09-24 17:18:06 Binary: /usr/bin/fail2ban-server
2026-09-24 17:18:06   Found known binary: fail2ban-server (Security tool) - /usr/bin/fail2ban-server
2026-09-24 17:18:06 Binary: /usr/bin/fail2ban-testcases
2026-09-24 17:18:06 Binary: /usr/bin/faillog
2026-09-24 17:18:06 Binary: /usr/bin/fallocate
2026-09-24 17:18:06 Binary: /usr/bin/false
2026-09-24 17:18:06 Binary: /usr/bin/fgrep
2026-09-24 17:18:06 Binary: /usr/bin/filan
2026-09-24 17:18:06 Binary: /usr/bin/file
2026-09-24 17:18:06 Binary: /usr/bin/fincore
2026-09-24 17:18:06 Binary: /usr/bin/find
2026-09-24 17:18:06 Binary: /usr/bin/findmnt
2026-09-24 17:18:06 Binary: /usr/bin/flock
2026-09-24 17:18:06 Binary: /usr/bin/fmt
2026-09-24 17:18:06 Binary: /usr/bin/fold
2026-09-24 17:18:06 Binary: /usr/bin/free
2026-09-24 17:18:06 Binary: /usr/bin/funzip
2026-09-24 17:18:06 Binary: /usr/bin/fuser
2026-09-24 17:18:06 Binary: /usr/bin/g++
2026-09-24 17:18:06 Binary: /usr/bin/g++-11
2026-09-24 17:18:06 Binary: /usr/bin/gcc
2026-09-24 17:18:06 Binary: /usr/bin/gcc-11
2026-09-24 17:18:06 Binary: /usr/bin/gcc-ar
2026-09-24 17:18:06 Binary: /usr/bin/gcc-ar-11
2026-09-24 17:18:06 Binary: /usr/bin/gcc-nm
2026-09-24 17:18:06 Binary: /usr/bin/gcc-nm-11
2026-09-24 17:18:06 Binary: /usr/bin/gcc-ranlib
2026-09-24 17:18:06 Binary: /usr/bin/gcc-ranlib-11
2026-09-24 17:18:06 Binary: /usr/bin/gcov
2026-09-24 17:18:06 Binary: /usr/bin/gcov-11
2026-09-24 17:18:06 Binary: /usr/bin/gcov-dump
2026-09-24 17:18:06 Binary: /usr/bin/gcov-dump-11
2026-09-24 17:18:06 Binary: /usr/bin/gcov-tool
2026-09-24 17:18:06 Binary: /usr/bin/gcov-tool-11
2026-09-24 17:18:06 Binary: /usr/bin/gencat
2026-09-24 17:18:06 Binary: /usr/bin/getconf
2026-09-24 17:18:06 Binary: /usr/bin/getent
2026-09-24 17:18:06 Binary: /usr/bin/getopt
2026-09-24 17:18:06 Binary: /usr/bin/gettext
2026-09-24 17:18:06 Binary: /usr/bin/gettext.sh
2026-09-24 17:18:06 Binary: /usr/bin/gh
2026-09-24 17:18:06 Binary: /usr/bin/git
2026-09-24 17:18:06 Binary: /usr/bin/git-receive-pack
2026-09-24 17:18:06 Binary: /usr/bin/git-shell
2026-09-24 17:18:06 Binary: /usr/bin/git-upload-archive
2026-09-24 17:18:06 Binary: /usr/bin/git-upload-pack
2026-09-24 17:18:06 Binary: /usr/bin/gmake
2026-09-24 17:18:06 Binary: /usr/bin/gold
2026-09-24 17:18:06 Binary: /usr/bin/gpasswd
2026-09-24 17:18:06 Binary: /usr/bin/gpg
2026-09-24 17:18:06 Binary: /usr/bin/gpg-agent
2026-09-24 17:18:06 Binary: /usr/bin/gpg-connect-agent
2026-09-24 17:18:06 Binary: /usr/bin/gpg-wks-server
2026-09-24 17:18:06 Binary: /usr/bin/gpg-zip
2026-09-24 17:18:06 Binary: /usr/bin/gpgcompose
2026-09-24 17:18:06 Binary: /usr/bin/gpgconf
2026-09-24 17:18:06 Binary: /usr/bin/gpgparsemail
2026-09-24 17:18:06 Binary: /usr/bin/gpgsm
2026-09-24 17:18:06 Binary: /usr/bin/gpgsplit
2026-09-24 17:18:06 Binary: /usr/bin/gpgtar
2026-09-24 17:18:06 Binary: /usr/bin/gpgv
2026-09-24 17:18:06 Binary: /usr/bin/gprof
2026-09-24 17:18:06 Binary: /usr/bin/grep
2026-09-24 17:18:06 Binary: /usr/bin/groups
2026-09-24 17:18:06 Binary: /usr/bin/grub-editenv
2026-09-24 17:18:06 Binary: /usr/bin/grub-file
2026-09-24 17:18:06 Binary: /usr/bin/grub-fstest
2026-09-24 17:18:06 Binary: /usr/bin/grub-glue-efi
2026-09-24 17:18:06 Binary: /usr/bin/grub-kbdcomp
2026-09-24 17:18:06 Binary: /usr/bin/grub-menulst2cfg
2026-09-24 17:18:06 Binary: /usr/bin/grub-mkfont
2026-09-24 17:18:06 Binary: /usr/bin/grub-mkimage
2026-09-24 17:18:06 Binary: /usr/bin/grub-mklayout
2026-09-24 17:18:06 Binary: /usr/bin/grub-mknetdir
2026-09-24 17:18:06 Binary: /usr/bin/grub-mkpasswd-pbkdf2
2026-09-24 17:18:06 Binary: /usr/bin/grub-mkrelpath
2026-09-24 17:18:06 Binary: /usr/bin/grub-mkrescue
2026-09-24 17:18:06 Binary: /usr/bin/grub-mkstandalone
2026-09-24 17:18:06 Binary: /usr/bin/grub-mount
2026-09-24 17:18:06 Binary: /usr/bin/grub-render-label
2026-09-24 17:18:06 Binary: /usr/bin/grub-script-check
2026-09-24 17:18:06 Binary: /usr/bin/grub-syslinux2cfg
2026-09-24 17:18:06 Binary: /usr/bin/gunzip
2026-09-24 17:18:06 Binary: /usr/bin/gzexe
2026-09-24 17:18:06 Binary: /usr/bin/gzip
2026-09-24 17:18:06 Binary: /usr/bin/h2ph
2026-09-24 17:18:06 Binary: /usr/bin/h2xs
2026-09-24 17:18:06 Binary: /usr/bin/halog
2026-09-24 17:18:06 Binary: /usr/bin/hardlink
2026-09-24 17:18:06 Binary: /usr/bin/head
2026-09-24 17:18:06 Binary: /usr/bin/host
2026-09-24 17:18:06 Binary: /usr/bin/hostid
2026-09-24 17:18:06 Binary: /usr/bin/hostname
2026-09-24 17:18:06 Binary: /usr/bin/hostnamectl
2026-09-24 17:18:06 Binary: /usr/bin/i386
2026-09-24 17:18:06 Binary: /usr/bin/iconv
2026-09-24 17:18:06 Binary: /usr/bin/id
2026-09-24 17:18:06 Binary: /usr/bin/infocmp
2026-09-24 17:18:06 Binary: /usr/bin/infotocap
2026-09-24 17:18:06 Binary: /usr/bin/install
2026-09-24 17:18:06 Binary: /usr/bin/instmodsh
2026-09-24 17:18:06 Binary: /usr/bin/ionice
2026-09-24 17:18:06 Binary: /usr/bin/ip
2026-09-24 17:18:06 Binary: /usr/bin/ipcmk
2026-09-24 17:18:06 Binary: /usr/bin/ipcrm
2026-09-24 17:18:06 Binary: /usr/bin/ipcs
2026-09-24 17:18:06 Binary: /usr/bin/iptables-xml
2026-09-24 17:18:06 Binary: /usr/bin/ischroot
2026-09-24 17:18:06 Binary: /usr/bin/join
2026-09-24 17:18:06 Binary: /usr/bin/journalctl
2026-09-24 17:18:06 Binary: /usr/bin/jq
2026-09-24 17:18:06 Binary: /usr/bin/json_pp
2026-09-24 17:18:06 Binary: /usr/bin/kbxutil
2026-09-24 17:18:06 Binary: /usr/bin/kernel-install
2026-09-24 17:18:06 Binary: /usr/bin/kill
2026-09-24 17:18:06 Binary: /usr/bin/killall
2026-09-24 17:18:06 Binary: /usr/bin/kmod
2026-09-24 17:18:06 Binary: /usr/bin/last
2026-09-24 17:18:06 Binary: /usr/bin/lastb
2026-09-24 17:18:06 Binary: /usr/bin/lastlog
2026-09-24 17:18:06 Binary: /usr/bin/lcf
2026-09-24 17:18:06 Binary: /usr/bin/ld
2026-09-24 17:18:06 Binary: /usr/bin/ld.bfd
2026-09-24 17:18:06 Binary: /usr/bin/ld.gold
2026-09-24 17:18:06 Binary: /usr/bin/ldd
2026-09-24 17:18:06 Binary: /usr/bin/less
2026-09-24 17:18:06 Binary: /usr/bin/lessecho
2026-09-24 17:18:06 Binary: /usr/bin/lessfile
2026-09-24 17:18:06 Binary: /usr/bin/lesskey
2026-09-24 17:18:06 Binary: /usr/bin/lesspipe
2026-09-24 17:18:06 Binary: /usr/bin/letsencrypt
2026-09-24 17:18:06 Binary: /usr/bin/libnetcfg
2026-09-24 17:18:06 Binary: /usr/bin/link
2026-09-24 17:18:06 Binary: /usr/bin/linux-check-removal
2026-09-24 17:18:06 Binary: /usr/bin/linux-update-symlinks
2026-09-24 17:18:06 Binary: /usr/bin/linux-version
2026-09-24 17:18:06 Binary: /usr/bin/linux32
2026-09-24 17:18:06 Binary: /usr/bin/linux64
2026-09-24 17:18:06 Binary: /usr/bin/ln
2026-09-24 17:18:06 Binary: /usr/bin/lnstat
2026-09-24 17:18:06 Binary: /usr/bin/locale
2026-09-24 17:18:06 Binary: /usr/bin/locale-check
2026-09-24 17:18:06 Binary: /usr/bin/localectl
2026-09-24 17:18:06 Binary: /usr/bin/localedef
2026-09-24 17:18:06 Binary: /usr/bin/logger
2026-09-24 17:18:06 Binary: /usr/bin/login
2026-09-24 17:18:06 Binary: /usr/bin/loginctl
2026-09-24 17:18:06 Binary: /usr/bin/logname
2026-09-24 17:18:06 Binary: /usr/bin/ls
2026-09-24 17:18:06 Binary: /usr/bin/lsattr
2026-09-24 17:18:06 Binary: /usr/bin/lsb_release
2026-09-24 17:18:06 Binary: /usr/bin/lsblk
2026-09-24 17:18:06 Binary: /usr/bin/lscpu
2026-09-24 17:18:06 Binary: /usr/bin/lsinitramfs
2026-09-24 17:18:06 Binary: /usr/bin/lsipc
2026-09-24 17:18:06 Binary: /usr/bin/lslocks
2026-09-24 17:18:06 Binary: /usr/bin/lslogins
2026-09-24 17:18:06 Binary: /usr/bin/lsmem
2026-09-24 17:18:06 Binary: /usr/bin/lsmod
2026-09-24 17:18:06 Binary: /usr/bin/lsns
2026-09-24 17:18:06 Binary: /usr/bin/lsof
2026-09-24 17:18:06 Binary: /usr/bin/lspgpot
2026-09-24 17:18:06 Binary: /usr/bin/lto-dump-11
2026-09-24 17:18:06 Binary: /usr/bin/lzcat
2026-09-24 17:18:06 Binary: /usr/bin/lzcmp
2026-09-24 17:18:06 Binary: /usr/bin/lzdiff
2026-09-24 17:18:06 Binary: /usr/bin/lzegrep
2026-09-24 17:18:06 Binary: /usr/bin/lzfgrep
2026-09-24 17:18:06 Binary: /usr/bin/lzgrep
2026-09-24 17:18:06 Binary: /usr/bin/lzless
2026-09-24 17:18:06 Binary: /usr/bin/lzma
2026-09-24 17:18:06 Binary: /usr/bin/lzmainfo
2026-09-24 17:18:06 Binary: /usr/bin/lzmore
2026-09-24 17:18:06 Binary: /usr/bin/make
2026-09-24 17:18:06 Binary: /usr/bin/make-cadir
2026-09-24 17:18:06 Binary: /usr/bin/make-first-existing-target
2026-09-24 17:18:06 Binary: /usr/bin/mawk
2026-09-24 17:18:06 Binary: /usr/bin/mcookie
2026-09-24 17:18:06 Binary: /usr/bin/md5sum
2026-09-24 17:18:06 Binary: /usr/bin/md5sum.textutils
2026-09-24 17:18:06 Binary: /usr/bin/mdig
2026-09-24 17:18:06 Binary: /usr/bin/mesg
2026-09-24 17:18:06 Binary: /usr/bin/migrate-pubring-from-classic-gpg
2026-09-24 17:18:06 Binary: /usr/bin/mkdir
2026-09-24 17:18:06 Binary: /usr/bin/mkfifo
2026-09-24 17:18:06 Binary: /usr/bin/mknod
2026-09-24 17:18:06 Binary: /usr/bin/mkpasswd
2026-09-24 17:18:06 Binary: /usr/bin/mktemp
2026-09-24 17:18:06 Binary: /usr/bin/more
2026-09-24 17:18:06 Binary: /usr/bin/mount
2026-09-24 17:18:06   Fount known binary: mount (File system tool) - /usr/bin/mount
2026-09-24 17:18:06 Binary: /usr/bin/mountpoint
2026-09-24 17:18:06 Binary: /usr/bin/mt
2026-09-24 17:18:06 Binary: /usr/bin/mt-gnu
2026-09-24 17:18:06 Binary: /usr/bin/mv
2026-09-24 17:18:06 Binary: /usr/bin/namei
2026-09-24 17:18:06 Binary: /usr/bin/nano
2026-09-24 17:18:06 Binary: /usr/bin/nawk
2026-09-24 17:18:06 Binary: /usr/bin/nc
2026-09-24 17:18:06 Binary: /usr/bin/nc.openbsd
2026-09-24 17:18:06 Binary: /usr/bin/netcat
2026-09-24 17:18:06 Binary: /usr/bin/netstat
2026-09-24 17:18:06 Binary: /usr/bin/networkctl
2026-09-24 17:18:06 Binary: /usr/bin/newgrp
2026-09-24 17:18:06 Binary: /usr/bin/ngettext
2026-09-24 17:18:06 Binary: /usr/bin/nice
2026-09-24 17:18:06 Binary: /usr/bin/nisdomainname
2026-09-24 17:18:06 Binary: /usr/bin/nl
2026-09-24 17:18:06 Binary: /usr/bin/nm
2026-09-24 17:18:06 Binary: /usr/bin/nohup
2026-09-24 17:18:06 Binary: /usr/bin/nproc
2026-09-24 17:18:06 Binary: /usr/bin/nsenter
2026-09-24 17:18:06 Binary: /usr/bin/nslookup
2026-09-24 17:18:06 Binary: /usr/bin/nstat
2026-09-24 17:18:06 Binary: /usr/bin/nsupdate
2026-09-24 17:18:06 Binary: /usr/bin/numfmt
2026-09-24 17:18:06 Binary: /usr/bin/objcopy
2026-09-24 17:18:06 Binary: /usr/bin/objdump
2026-09-24 17:18:06 Binary: /usr/bin/od
2026-09-24 17:18:06 Binary: /usr/bin/openssl
2026-09-24 17:18:06 Binary: /usr/bin/pager
2026-09-24 17:18:06 Binary: /usr/bin/partx
2026-09-24 17:18:06 Binary: /usr/bin/passwd
2026-09-24 17:18:06 Binary: /usr/bin/paste
2026-09-24 17:18:06 Binary: /usr/bin/patch
2026-09-24 17:18:06 Binary: /usr/bin/pathchk
2026-09-24 17:18:06 Binary: /usr/bin/pdb3
2026-09-24 17:18:06 Binary: /usr/bin/pdb3.10
2026-09-24 17:18:06 Binary: /usr/bin/peekfd
2026-09-24 17:18:06 Binary: /usr/bin/perl
2026-09-24 17:18:06 Binary: /usr/bin/perl5.34-x86_64-linux-gnu
2026-09-24 17:18:06 Binary: /usr/bin/perl5.34.0
2026-09-24 17:18:06 Binary: /usr/bin/perlbug
2026-09-24 17:18:06 Binary: /usr/bin/perldoc
2026-09-24 17:18:06 Binary: /usr/bin/perlivp
2026-09-24 17:18:06 Binary: /usr/bin/perlthanks
2026-09-24 17:18:06 Binary: /usr/bin/pgrep
2026-09-24 17:18:06 Binary: /usr/bin/pico
2026-09-24 17:18:06 Binary: /usr/bin/piconv
2026-09-24 17:18:06 Binary: /usr/bin/pidof
2026-09-24 17:18:06 Binary: /usr/bin/pidwait
2026-09-24 17:18:06 Binary: /usr/bin/pinentry
2026-09-24 17:18:06 Binary: /usr/bin/pinentry-curses
2026-09-24 17:18:06 Binary: /usr/bin/pinky
2026-09-24 17:18:06 Binary: /usr/bin/pip
2026-09-24 17:18:06 Binary: /usr/bin/pip3
2026-09-24 17:18:06 Binary: /usr/bin/pip3.10
2026-09-24 17:18:06 Binary: /usr/bin/pkill
2026-09-24 17:18:06 Binary: /usr/bin/pl2pm
2026-09-24 17:18:06 Binary: /usr/bin/pldd
2026-09-24 17:18:06 Binary: /usr/bin/pmap
2026-09-24 17:18:06 Binary: /usr/bin/pod2html
2026-09-24 17:18:06 Binary: /usr/bin/pod2man
2026-09-24 17:18:06 Binary: /usr/bin/pod2text
2026-09-24 17:18:06 Binary: /usr/bin/pod2usage
2026-09-24 17:18:06 Binary: /usr/bin/podchecker
2026-09-24 17:18:06 Binary: /usr/bin/pr
2026-09-24 17:18:06 Binary: /usr/bin/printenv
2026-09-24 17:18:06 Binary: /usr/bin/printf
2026-09-24 17:18:06 Binary: /usr/bin/prlimit
2026-09-24 17:18:06 Binary: /usr/bin/procan
2026-09-24 17:18:06 Binary: /usr/bin/prove
2026-09-24 17:18:06 Binary: /usr/bin/prtstat
2026-09-24 17:18:06 Binary: /usr/bin/ps
2026-09-24 17:18:06 Binary: /usr/bin/pslog
2026-09-24 17:18:06 Binary: /usr/bin/pstree
2026-09-24 17:18:06 Binary: /usr/bin/pstree.x11
2026-09-24 17:18:06 Binary: /usr/bin/ptar
2026-09-24 17:18:06 Binary: /usr/bin/ptardiff
2026-09-24 17:18:06 Binary: /usr/bin/ptargrep
2026-09-24 17:18:06 Binary: /usr/bin/ptx
2026-09-24 17:18:06 Binary: /usr/bin/pwd
2026-09-24 17:18:06 Binary: /usr/bin/pwdx
2026-09-24 17:18:06 Binary: /usr/bin/py3clean
2026-09-24 17:18:06 Binary: /usr/bin/py3compile
2026-09-24 17:18:06 Binary: /usr/bin/py3versions
2026-09-24 17:18:06 Binary: /usr/bin/pydoc3
2026-09-24 17:18:06 Binary: /usr/bin/pydoc3.10
2026-09-24 17:18:06 Binary: /usr/bin/pygettext3
2026-09-24 17:18:06 Binary: /usr/bin/pygettext3.10
2026-09-24 17:18:06 Binary: /usr/bin/python3
2026-09-24 17:18:06 Binary: /usr/bin/python3.10
2026-09-24 17:18:06 Binary: /usr/bin/pzstd
2026-09-24 17:18:06 Binary: /usr/bin/qrencode
2026-09-24 17:18:06 Binary: /usr/bin/ranlib
2026-09-24 17:18:06 Binary: /usr/bin/rbash
2026-09-24 17:18:06 Binary: /usr/bin/rcp
2026-09-24 17:18:06 Binary: /usr/bin/rdma
2026-09-24 17:18:06 Binary: /usr/bin/readelf
2026-09-24 17:18:06 Binary: /usr/bin/readlink
2026-09-24 17:18:06 Binary: /usr/bin/realpath
2026-09-24 17:18:06 Binary: /usr/bin/renice
2026-09-24 17:18:06 Binary: /usr/bin/reset
2026-09-24 17:18:06 Binary: /usr/bin/resizepart
2026-09-24 17:18:06 Binary: /usr/bin/resolvectl
2026-09-24 17:18:06 Binary: /usr/bin/rev
2026-09-24 17:18:06 Binary: /usr/bin/rgrep
2026-09-24 17:18:06 Binary: /usr/bin/rkhunter
2026-09-24 17:18:06 Binary: /usr/bin/rlogin
2026-09-24 17:18:06 Binary: /usr/bin/rm
2026-09-24 17:18:06 Binary: /usr/bin/rmdir
2026-09-24 17:18:06 Binary: /usr/bin/rnano
2026-09-24 17:18:06 Binary: /usr/bin/routef
2026-09-24 17:18:06 Binary: /usr/bin/routel
2026-09-24 17:18:06 Binary: /usr/bin/rpcgen
2026-09-24 17:18:06 Binary: /usr/bin/rsh
2026-09-24 17:18:06 Binary: /usr/bin/rtstat
2026-09-24 17:18:06 Binary: /usr/bin/run-parts
2026-09-24 17:18:06 Binary: /usr/bin/runcon
2026-09-24 17:18:06 Binary: /usr/bin/savelog
2026-09-24 17:18:06 Binary: /usr/bin/scp
2026-09-24 17:18:06 Binary: /usr/bin/screen
2026-09-24 17:18:06 Binary: /usr/bin/script
2026-09-24 17:18:06 Binary: /usr/bin/scriptlive
2026-09-24 17:18:06 Binary: /usr/bin/scriptreplay
2026-09-24 17:18:06 Binary: /usr/bin/sdiff
2026-09-24 17:18:06 Binary: /usr/bin/sed
2026-09-24 17:18:06 Binary: /usr/bin/select-editor
2026-09-24 17:18:06 Binary: /usr/bin/sensible-browser
2026-09-24 17:18:06 Binary: /usr/bin/sensible-editor
2026-09-24 17:18:06 Binary: /usr/bin/sensible-pager
2026-09-24 17:18:06 Binary: /usr/bin/seq
2026-09-24 17:18:06 Binary: /usr/bin/setarch
2026-09-24 17:18:06 Binary: /usr/bin/setpriv
2026-09-24 17:18:06 Binary: /usr/bin/setsid
2026-09-24 17:18:06 Binary: /usr/bin/setterm
2026-09-24 17:18:06 Binary: /usr/bin/sftp
2026-09-24 17:18:06 Binary: /usr/bin/sg
2026-09-24 17:18:06 Binary: /usr/bin/sh
2026-09-24 17:18:06 Binary: /usr/bin/sha1sum
2026-09-24 17:18:06 Binary: /usr/bin/sha224sum
2026-09-24 17:18:06 Binary: /usr/bin/sha256sum
2026-09-24 17:18:06 Binary: /usr/bin/sha384sum
2026-09-24 17:18:06 Binary: /usr/bin/sha512sum
2026-09-24 17:18:07 Binary: /usr/bin/shasum
2026-09-24 17:18:07 Binary: /usr/bin/shred
2026-09-24 17:18:07 Binary: /usr/bin/shuf
2026-09-24 17:18:07 Binary: /usr/bin/size
2026-09-24 17:18:07 Binary: /usr/bin/skill
2026-09-24 17:18:07 Binary: /usr/bin/slabtop
2026-09-24 17:18:07 Binary: /usr/bin/sleep
2026-09-24 17:18:07 Binary: /usr/bin/slogin
2026-09-24 17:18:07 Binary: /usr/bin/slowdns-server
2026-09-24 17:18:07 Binary: /usr/bin/snice
2026-09-24 17:18:07 Binary: /usr/bin/socat
2026-09-24 17:18:07 Binary: /usr/bin/sort
2026-09-24 17:18:07 Binary: /usr/bin/splain
2026-09-24 17:18:07 Binary: /usr/bin/split
2026-09-24 17:18:07 Binary: /usr/bin/sqlite3
2026-09-24 17:18:07 Binary: /usr/bin/ss
2026-09-24 17:18:07 Binary: /usr/bin/ss-local
2026-09-24 17:18:07 Binary: /usr/bin/ss-manager
2026-09-24 17:18:07 Binary: /usr/bin/ss-nat
2026-09-24 17:18:07 Binary: /usr/bin/ss-redir
2026-09-24 17:18:07 Binary: /usr/bin/ss-server
2026-09-24 17:18:07 Binary: /usr/bin/ss-tunnel
2026-09-24 17:18:07 Binary: /usr/bin/ssh
2026-09-24 17:18:07 Binary: /usr/bin/ssh-add
2026-09-24 17:18:07 Binary: /usr/bin/ssh-agent
2026-09-24 17:18:07 Binary: /usr/bin/ssh-argv0
2026-09-24 17:18:07 Binary: /usr/bin/ssh-copy-id
2026-09-24 17:18:07 Binary: /usr/bin/ssh-keygen
2026-09-24 17:18:07 Binary: /usr/bin/ssh-keyscan
2026-09-24 17:18:07 Binary: /usr/bin/sshpass
2026-09-24 17:18:07 Binary: /usr/bin/stat
2026-09-24 17:18:07 Binary: /usr/bin/stdbuf
2026-09-24 17:18:07 Binary: /usr/bin/streamzip
2026-09-24 17:18:07 Binary: /usr/bin/strings
2026-09-24 17:18:07 Binary: /usr/bin/strip
2026-09-24 17:18:07 Binary: /usr/bin/stty
2026-09-24 17:18:07 Binary: /usr/bin/stunnel
2026-09-24 17:18:07 Binary: /usr/bin/stunnel3
2026-09-24 17:18:07 Binary: /usr/bin/stunnel4
2026-09-24 17:18:07 Binary: /usr/bin/su
2026-09-24 17:18:07 Binary: /usr/bin/sudo
2026-09-24 17:18:07 Binary: /usr/bin/sudoedit
2026-09-24 17:18:07 Binary: /usr/bin/sudoreplay
2026-09-24 17:18:07 Binary: /usr/bin/sum
2026-09-24 17:18:07 Binary: /usr/bin/sync
2026-09-24 17:18:07 Binary: /usr/bin/systemctl
2026-09-24 17:18:07 Binary: /usr/bin/systemd
2026-09-24 17:18:07 Binary: /usr/bin/systemd-analyze
2026-09-24 17:18:07 Binary: /usr/bin/systemd-ask-password
2026-09-24 17:18:07 Binary: /usr/bin/systemd-cat
2026-09-24 17:18:07 Binary: /usr/bin/systemd-cgls
2026-09-24 17:18:07 Binary: /usr/bin/systemd-cgtop
2026-09-24 17:18:07 Binary: /usr/bin/systemd-cryptenroll
2026-09-24 17:18:07 Binary: /usr/bin/systemd-delta
2026-09-24 17:18:07 Binary: /usr/bin/systemd-detect-virt
2026-09-24 17:18:07 Binary: /usr/bin/systemd-escape
2026-09-24 17:18:07 Binary: /usr/bin/systemd-hwdb
2026-09-24 17:18:07 Binary: /usr/bin/systemd-id128
2026-09-24 17:18:07 Binary: /usr/bin/systemd-inhibit
2026-09-24 17:18:07 Binary: /usr/bin/systemd-machine-id-setup
2026-09-24 17:18:07 Binary: /usr/bin/systemd-mount
2026-09-24 17:18:07 Binary: /usr/bin/systemd-notify
2026-09-24 17:18:07 Binary: /usr/bin/systemd-path
2026-09-24 17:18:07 Binary: /usr/bin/systemd-run
2026-09-24 17:18:07 Binary: /usr/bin/systemd-socket-activate
2026-09-24 17:18:07 Binary: /usr/bin/systemd-stdio-bridge
2026-09-24 17:18:07 Binary: /usr/bin/systemd-sysext
2026-09-24 17:18:07 Binary: /usr/bin/systemd-sysusers
2026-09-24 17:18:07 Binary: /usr/bin/systemd-tmpfiles
2026-09-24 17:18:07 Binary: /usr/bin/systemd-tty-ask-password-agent
2026-09-24 17:18:07 Binary: /usr/bin/systemd-umount
2026-09-24 17:18:07 Binary: /usr/bin/tabs
2026-09-24 17:18:07 Binary: /usr/bin/tac
2026-09-24 17:18:07 Binary: /usr/bin/tail
2026-09-24 17:18:07 Binary: /usr/bin/tar
2026-09-24 17:18:07 Binary: /usr/bin/taskset
2026-09-24 17:18:07 Binary: /usr/bin/tcpdump
2026-09-24 17:18:07 Binary: /usr/bin/tee
2026-09-24 17:18:07 Binary: /usr/bin/tempfile
2026-09-24 17:18:07 Binary: /usr/bin/test
2026-09-24 17:18:07 Binary: /usr/bin/tic
2026-09-24 17:18:07 Binary: /usr/bin/timedatectl
2026-09-24 17:18:07 Binary: /usr/bin/timeout
2026-09-24 17:18:07 Binary: /usr/bin/tload
2026-09-24 17:18:07 Binary: /usr/bin/toe
2026-09-24 17:18:07 Binary: /usr/bin/top
2026-09-24 17:18:07 Binary: /usr/bin/touch
2026-09-24 17:18:07 Binary: /usr/bin/tput
2026-09-24 17:18:07 Binary: /usr/bin/tr
2026-09-24 17:18:07 Binary: /usr/bin/true
2026-09-24 17:18:07 Binary: /usr/bin/truncate
2026-09-24 17:18:07 Binary: /usr/bin/tset
2026-09-24 17:18:07 Binary: /usr/bin/tsort
2026-09-24 17:18:07 Binary: /usr/bin/tty
2026-09-24 17:18:07 Binary: /usr/bin/tzselect
2026-09-24 17:18:07 Binary: /usr/bin/ucf
2026-09-24 17:18:07 Binary: /usr/bin/ucfq
2026-09-24 17:18:07 Binary: /usr/bin/ucfr
2026-09-24 17:18:07 Binary: /usr/bin/uclampset
2026-09-24 17:18:07 Binary: /usr/bin/udevadm
2026-09-24 17:18:07 Binary: /usr/bin/udp
2026-09-24 17:18:07 Binary: /usr/bin/umount
2026-09-24 17:18:07 Binary: /usr/bin/uname
2026-09-24 17:18:07 Binary: /usr/bin/uncompress
2026-09-24 17:18:07 Binary: /usr/bin/unexpand
2026-09-24 17:18:07 Binary: /usr/bin/uniq
2026-09-24 17:18:07 Binary: /usr/bin/unlink
2026-09-24 17:18:07 Binary: /usr/bin/unlzma
2026-09-24 17:18:07 Binary: /usr/bin/unmkinitramfs
2026-09-24 17:18:07 Binary: /usr/bin/unshare
2026-09-24 17:18:07 Binary: /usr/bin/unxz
2026-09-24 17:18:07 Binary: /usr/bin/unzip
2026-09-24 17:18:07 Binary: /usr/bin/unzipsfx
2026-09-24 17:18:07 Binary: /usr/bin/unzstd
2026-09-24 17:18:07 Binary: /usr/bin/update-alternatives
2026-09-24 17:18:07 Binary: /usr/bin/update-mime-database
2026-09-24 17:18:07 Binary: /usr/bin/uptime
2026-09-24 17:18:07 Binary: /usr/bin/upx
2026-09-24 17:18:07 Binary: /usr/bin/upx-ucl
2026-09-24 17:18:07 Binary: /usr/bin/users
2026-09-24 17:18:07 Binary: /usr/bin/utmpdump
2026-09-24 17:18:07 Binary: /usr/bin/vdir
2026-09-24 17:18:07 Binary: /usr/bin/vmstat
2026-09-24 17:18:07 Binary: /usr/bin/w
2026-09-24 17:18:07 Binary: /usr/bin/wall
2026-09-24 17:18:07 Binary: /usr/bin/watch
2026-09-24 17:18:07 Binary: /usr/bin/watchgnupg
2026-09-24 17:18:07 Binary: /usr/bin/wc
2026-09-24 17:18:07 Binary: /usr/bin/wdctl
2026-09-24 17:18:07 Binary: /usr/bin/webmin
2026-09-24 17:18:07 Binary: /usr/bin/wg
2026-09-24 17:18:07 Binary: /usr/bin/wg-quick
2026-09-24 17:18:07 Binary: /usr/bin/wget
2026-09-24 17:18:07 Binary: /usr/bin/whereis
2026-09-24 17:18:07 Binary: /usr/bin/which
2026-09-24 17:18:07 Binary: /usr/bin/which.debianutils
2026-09-24 17:18:07 Binary: /usr/bin/who
2026-09-24 17:18:07 Binary: /usr/bin/whoami
2026-09-24 17:18:07 Binary: /usr/bin/whois
2026-09-24 17:18:07 Binary: /usr/bin/x-ui
2026-09-24 17:18:07 Binary: /usr/bin/x86_64
2026-09-24 17:18:07 Binary: /usr/bin/x86_64-linux-gnu-addr2line
2026-09-24 17:18:07 Binary: /usr/bin/x86_64-linux-gnu-ar
2026-09-24 17:18:07 Binary: /usr/bin/x86_64-linux-gnu-as
2026-09-24 17:18:07 Binary: /usr/bin/x86_64-linux-gnu-c++filt
2026-09-24 17:18:07 Binary: /usr/bin/x86_64-linux-gnu-cpp
2026-09-24 17:18:07 Binary: /usr/bin/x86_64-linux-gnu-cpp-11
2026-09-24 17:18:07 Binary: /usr/bin/x86_64-linux-gnu-dwp
2026-09-24 17:18:07 Binary: /usr/bin/x86_64-linux-gnu-elfedit
2026-09-24 17:18:07 Binary: /usr/bin/x86_64-linux-gnu-g++
2026-09-24 17:18:07 Binary: /usr/bin/x86_64-linux-gnu-g++-11
2026-09-24 17:18:07 Binary: /usr/bin/x86_64-linux-gnu-gcc
2026-09-24 17:18:07 Binary: /usr/bin/x86_64-linux-gnu-gcc-11
2026-09-24 17:18:07 Binary: /usr/bin/x86_64-linux-gnu-gcc-ar
2026-09-24 17:18:07 Binary: /usr/bin/x86_64-linux-gnu-gcc-ar-11
2026-09-24 17:18:07 Binary: /usr/bin/x86_64-linux-gnu-gcc-nm
2026-09-24 17:18:07 Binary: /usr/bin/x86_64-linux-gnu-gcc-nm-11
2026-09-24 17:18:07 Binary: /usr/bin/x86_64-linux-gnu-gcc-ranlib
2026-09-24 17:18:07 Binary: /usr/bin/x86_64-linux-gnu-gcc-ranlib-11
2026-09-24 17:18:07 Binary: /usr/bin/x86_64-linux-gnu-gcov
2026-09-24 17:18:07 Binary: /usr/bin/x86_64-linux-gnu-gcov-11
2026-09-24 17:18:07 Binary: /usr/bin/x86_64-linux-gnu-gcov-dump
2026-09-24 17:18:07 Binary: /usr/bin/x86_64-linux-gnu-gcov-dump-11
2026-09-24 17:18:07 Binary: /usr/bin/x86_64-linux-gnu-gcov-tool
2026-09-24 17:18:07 Binary: /usr/bin/x86_64-linux-gnu-gcov-tool-11
2026-09-24 17:18:07 Binary: /usr/bin/x86_64-linux-gnu-gold
2026-09-24 17:18:07 Binary: /usr/bin/x86_64-linux-gnu-gprof
2026-09-24 17:18:07 Binary: /usr/bin/x86_64-linux-gnu-ld
2026-09-24 17:18:07 Binary: /usr/bin/x86_64-linux-gnu-ld.bfd
2026-09-24 17:18:07 Binary: /usr/bin/x86_64-linux-gnu-ld.gold
2026-09-24 17:18:07 Binary: /usr/bin/x86_64-linux-gnu-lto-dump-11
2026-09-24 17:18:07 Binary: /usr/bin/x86_64-linux-gnu-nm
2026-09-24 17:18:07 Binary: /usr/bin/x86_64-linux-gnu-objcopy
2026-09-24 17:18:07 Binary: /usr/bin/x86_64-linux-gnu-objdump
2026-09-24 17:18:07 Binary: /usr/bin/x86_64-linux-gnu-ranlib
2026-09-24 17:18:07 Binary: /usr/bin/x86_64-linux-gnu-readelf
2026-09-24 17:18:07 Binary: /usr/bin/x86_64-linux-gnu-size
2026-09-24 17:18:07 Binary: /usr/bin/x86_64-linux-gnu-strings
2026-09-24 17:18:07 Binary: /usr/bin/x86_64-linux-gnu-strip
2026-09-24 17:18:07 Binary: /usr/bin/xargs
2026-09-24 17:18:07 Binary: /usr/bin/xsubpp
2026-09-24 17:18:07 Binary: /usr/bin/xz
2026-09-24 17:18:07 Binary: /usr/bin/xzcat
2026-09-24 17:18:07 Binary: /usr/bin/xzcmp
2026-09-24 17:18:07 Binary: /usr/bin/xzdiff
2026-09-24 17:18:07 Binary: /usr/bin/xzegrep
2026-09-24 17:18:07 Binary: /usr/bin/xzfgrep
2026-09-24 17:18:07 Binary: /usr/bin/xzgrep
2026-09-24 17:18:07 Binary: /usr/bin/xzless
2026-09-24 17:18:07 Binary: /usr/bin/xzmore
2026-09-24 17:18:07 Binary: /usr/bin/yes
2026-09-24 17:18:07 Binary: /usr/bin/ypdomainname
2026-09-24 17:18:07 Binary: /usr/bin/zcat
2026-09-24 17:18:07 Binary: /usr/bin/zcmp
2026-09-24 17:18:07 Binary: /usr/bin/zdiff
2026-09-24 17:18:07 Binary: /usr/bin/zdump
2026-09-24 17:18:07 Binary: /usr/bin/zegrep
2026-09-24 17:18:07 Binary: /usr/bin/zfgrep
2026-09-24 17:18:07 Binary: /usr/bin/zforce
2026-09-24 17:18:07 Binary: /usr/bin/zgrep
2026-09-24 17:18:07 Binary: /usr/bin/zip
2026-09-24 17:18:07 Binary: /usr/bin/zipcloak
2026-09-24 17:18:07 Binary: /usr/bin/zipdetails
2026-09-24 17:18:07 Binary: /usr/bin/zipgrep
2026-09-24 17:18:07 Binary: /usr/bin/zipinfo
2026-09-24 17:18:07 Binary: /usr/bin/zipnote
2026-09-24 17:18:07 Binary: /usr/bin/zipsplit
2026-09-24 17:18:07 Binary: /usr/bin/zless
2026-09-24 17:18:07 Binary: /usr/bin/zmore
2026-09-24 17:18:07 Binary: /usr/bin/znew
2026-09-24 17:18:07 Binary: /usr/bin/zstd
2026-09-24 17:18:07 Binary: /usr/bin/zstdcat
2026-09-24 17:18:07 Binary: /usr/bin/zstdgrep
2026-09-24 17:18:07 Binary: /usr/bin/zstdless
2026-09-24 17:18:07 Binary: /usr/bin/zstdmt
2026-09-24 17:18:07 ====
2026-09-24 17:18:07 Test: Checking binaries in directory /usr/sbin
2026-09-24 17:18:07 Directory /usr/sbin exists. Starting directory scanning...
2026-09-24 17:18:07 Binary: /usr/sbin/add-shell
2026-09-24 17:18:07 Binary: /usr/sbin/addgnupghome
2026-09-24 17:18:07 Binary: /usr/sbin/addgroup
2026-09-24 17:18:07 Binary: /usr/sbin/adduser
2026-09-24 17:18:07 Binary: /usr/sbin/agetty
2026-09-24 17:18:07 Binary: /usr/sbin/applygnupgdefaults
2026-09-24 17:18:07 Binary: /usr/sbin/arp
2026-09-24 17:18:07 Binary: /usr/sbin/arpd
2026-09-24 17:18:07 Binary: /usr/sbin/arptables
2026-09-24 17:18:07 Binary: /usr/sbin/arptables-nft
2026-09-24 17:18:07 Binary: /usr/sbin/arptables-nft-restore
2026-09-24 17:18:07 Binary: /usr/sbin/arptables-nft-save
2026-09-24 17:18:07 Binary: /usr/sbin/arptables-restore
2026-09-24 17:18:07 Binary: /usr/sbin/arptables-save
2026-09-24 17:18:07 Binary: /usr/sbin/badblocks
2026-09-24 17:18:07 Binary: /usr/sbin/blkdiscard
2026-09-24 17:18:07 Binary: /usr/sbin/blkid
2026-09-24 17:18:07 Binary: /usr/sbin/blkzone
2026-09-24 17:18:07 Binary: /usr/sbin/blockdev
2026-09-24 17:18:07 Binary: /usr/sbin/bridge
2026-09-24 17:18:07 Binary: /usr/sbin/capsh
2026-09-24 17:18:07 Binary: /usr/sbin/chcpu
2026-09-24 17:18:07 Binary: /usr/sbin/chgpasswd
2026-09-24 17:18:07 Binary: /usr/sbin/chklastlog
2026-09-24 17:18:07 Binary: /usr/sbin/chkrootkit
2026-09-24 17:18:07 Binary: /usr/sbin/chkwtmp
2026-09-24 17:18:07 Binary: /usr/sbin/chmem
2026-09-24 17:18:07 Binary: /usr/sbin/chpasswd
2026-09-24 17:18:07 Binary: /usr/sbin/chroot
2026-09-24 17:18:07 Binary: /usr/sbin/conntrack
2026-09-24 17:18:07 Binary: /usr/sbin/cpgr
2026-09-24 17:18:07 Binary: /usr/sbin/cppw
2026-09-24 17:18:07 Binary: /usr/sbin/cron
2026-09-24 17:18:07 Binary: /usr/sbin/ctrlaltdel
2026-09-24 17:18:07 Binary: /usr/sbin/danted
2026-09-24 17:18:07 Binary: /usr/sbin/dcb
2026-09-24 17:18:07 Binary: /usr/sbin/debugfs
2026-09-24 17:18:07 Binary: /usr/sbin/delgroup
2026-09-24 17:18:07 Binary: /usr/sbin/deluser
2026-09-24 17:18:07 Binary: /usr/sbin/depmod
2026-09-24 17:18:07 Binary: /usr/sbin/devlink
2026-09-24 17:18:07 Binary: /usr/sbin/dpkg-preconfigure
2026-09-24 17:18:07 Binary: /usr/sbin/dpkg-reconfigure
2026-09-24 17:18:07 Binary: /usr/sbin/dropbear
2026-09-24 17:18:07 Binary: /usr/sbin/dumpe2fs
2026-09-24 17:18:07 Binary: /usr/sbin/e2freefrag
2026-09-24 17:18:07 Binary: /usr/sbin/e2fsck
2026-09-24 17:18:07 Binary: /usr/sbin/e2image
2026-09-24 17:18:07 Binary: /usr/sbin/e2label
2026-09-24 17:18:07 Binary: /usr/sbin/e2mmpstatus
2026-09-24 17:18:07 Binary: /usr/sbin/e2scrub
2026-09-24 17:18:07 Binary: /usr/sbin/e2scrub_all
2026-09-24 17:18:07 Binary: /usr/sbin/e2undo
2026-09-24 17:18:07 Binary: /usr/sbin/e4crypt
2026-09-24 17:18:07 Binary: /usr/sbin/e4defrag
2026-09-24 17:18:07 Binary: /usr/sbin/ebtables
2026-09-24 17:18:07 Binary: /usr/sbin/ebtables-nft
2026-09-24 17:18:07 Binary: /usr/sbin/ebtables-nft-restore
2026-09-24 17:18:07 Binary: /usr/sbin/ebtables-nft-save
2026-09-24 17:18:07 Binary: /usr/sbin/ebtables-restore
2026-09-24 17:18:07 Binary: /usr/sbin/ebtables-save
2026-09-24 17:18:07 Binary: /usr/sbin/faillock
2026-09-24 17:18:07 Binary: /usr/sbin/filefrag
2026-09-24 17:18:07 Binary: /usr/sbin/findfs
2026-09-24 17:18:07 Binary: /usr/sbin/fsck
2026-09-24 17:18:07 Binary: /usr/sbin/fsck.cramfs
2026-09-24 17:18:07 Binary: /usr/sbin/fsck.ext2
2026-09-24 17:18:07 Binary: /usr/sbin/fsck.ext3
2026-09-24 17:18:07 Binary: /usr/sbin/fsck.ext4
2026-09-24 17:18:07 Binary: /usr/sbin/fsck.minix
2026-09-24 17:18:07 Binary: /usr/sbin/fsfreeze
2026-09-24 17:18:07 Binary: /usr/sbin/fstab-decode
2026-09-24 17:18:07 Binary: /usr/sbin/fstrim
2026-09-24 17:18:07 Binary: /usr/sbin/genl
2026-09-24 17:18:07 Binary: /usr/sbin/getcap
2026-09-24 17:18:07 Binary: /usr/sbin/getpcaps
2026-09-24 17:18:07 Binary: /usr/sbin/getty
2026-09-24 17:18:07 Binary: /usr/sbin/groupadd
2026-09-24 17:18:07 Binary: /usr/sbin/groupdel
2026-09-24 17:18:07 Binary: /usr/sbin/groupmems
2026-09-24 17:18:07 Binary: /usr/sbin/groupmod
2026-09-24 17:18:07 Binary: /usr/sbin/grpck
2026-09-24 17:18:07 Binary: /usr/sbin/grpconv
2026-09-24 17:18:07 Binary: /usr/sbin/grpunconv
2026-09-24 17:18:07 Binary: /usr/sbin/grub-install
2026-09-24 17:18:07 Binary: /usr/sbin/grub-macbless
2026-09-24 17:18:07 Binary: /usr/sbin/grub-mkconfig
2026-09-24 17:18:07 Binary: /usr/sbin/grub-mkdevicemap
2026-09-24 17:18:07 Binary: /usr/sbin/grub-probe
2026-09-24 17:18:07 Binary: /usr/sbin/grub-reboot
2026-09-24 17:18:07 Binary: /usr/sbin/grub-set-default
2026-09-24 17:18:07 Binary: /usr/sbin/halog
2026-09-24 17:18:07 Binary: /usr/sbin/halt
2026-09-24 17:18:07 Binary: /usr/sbin/haproxy
2026-09-24 17:18:07 Binary: /usr/sbin/hwclock
2026-09-24 17:18:07 Binary: /usr/sbin/iconvconfig
2026-09-24 17:18:07 Binary: /usr/sbin/ifconfig
2026-09-24 17:18:07 Binary: /usr/sbin/init
2026-09-24 17:18:07 Binary: /usr/sbin/insmod
2026-09-24 17:18:07 Binary: /usr/sbin/installkernel
2026-09-24 17:18:07 Binary: /usr/sbin/invoke-rc.d
2026-09-24 17:18:07 Binary: /usr/sbin/ip
2026-09-24 17:18:07 Binary: /usr/sbin/ip6tables
2026-09-24 17:18:07 Binary: /usr/sbin/ip6tables-apply
2026-09-24 17:18:07 Binary: /usr/sbin/ip6tables-legacy
2026-09-24 17:18:07 Binary: /usr/sbin/ip6tables-legacy-restore
2026-09-24 17:18:07 Binary: /usr/sbin/ip6tables-legacy-save
2026-09-24 17:18:07 Binary: /usr/sbin/ip6tables-nft
2026-09-24 17:18:07 Binary: /usr/sbin/ip6tables-nft-restore
2026-09-24 17:18:07 Binary: /usr/sbin/ip6tables-nft-save
2026-09-24 17:18:07 Binary: /usr/sbin/ip6tables-restore
2026-09-24 17:18:07 Binary: /usr/sbin/ip6tables-restore-translate
2026-09-24 17:18:07 Binary: /usr/sbin/ip6tables-save
2026-09-24 17:18:07 Binary: /usr/sbin/ip6tables-translate
2026-09-24 17:18:07 Binary: /usr/sbin/ipmaddr
2026-09-24 17:18:07 Binary: /usr/sbin/iptables
2026-09-24 17:18:07 Binary: /usr/sbin/iptables-apply
2026-09-24 17:18:07 Binary: /usr/sbin/iptables-legacy
2026-09-24 17:18:07 Binary: /usr/sbin/iptables-legacy-restore
2026-09-24 17:18:07 Binary: /usr/sbin/iptables-legacy-save
2026-09-24 17:18:07 Binary: /usr/sbin/iptables-nft
2026-09-24 17:18:07 Binary: /usr/sbin/iptables-nft-restore
2026-09-24 17:18:07 Binary: /usr/sbin/iptables-nft-save
2026-09-24 17:18:07 Binary: /usr/sbin/iptables-restore
2026-09-24 17:18:07 Binary: /usr/sbin/iptables-restore-translate
2026-09-24 17:18:07 Binary: /usr/sbin/iptables-save
2026-09-24 17:18:07 Binary: /usr/sbin/iptables-translate
2026-09-24 17:18:07 Binary: /usr/sbin/iptunnel
2026-09-24 17:18:07 Binary: /usr/sbin/isosize
2026-09-24 17:18:07 Binary: /usr/sbin/killall5
2026-09-24 17:18:07 Binary: /usr/sbin/ldattach
2026-09-24 17:18:07 Binary: /usr/sbin/ldconfig
2026-09-24 17:18:07 Binary: /usr/sbin/ldconfig.real
2026-09-24 17:18:07 Binary: /usr/sbin/locale-gen
2026-09-24 17:18:07 Binary: /usr/sbin/logrotate
2026-09-24 17:18:07 Binary: /usr/sbin/logsave
2026-09-24 17:18:07 Binary: /usr/sbin/losetup
2026-09-24 17:18:07 Binary: /usr/sbin/lsmod
2026-09-24 17:18:07 Binary: /usr/sbin/lynis
2026-09-24 17:18:07 Binary: /usr/sbin/make-ssl-cert
2026-09-24 17:18:07 Binary: /usr/sbin/mii-tool
2026-09-24 17:18:07 Binary: /usr/sbin/mke2fs
2026-09-24 17:18:07 Binary: /usr/sbin/mkfs
2026-09-24 17:18:07 Binary: /usr/sbin/mkfs.bfs
2026-09-24 17:18:07 Binary: /usr/sbin/mkfs.cramfs
2026-09-24 17:18:07 Binary: /usr/sbin/mkfs.ext2
2026-09-24 17:18:07 Binary: /usr/sbin/mkfs.ext3
2026-09-24 17:18:07 Binary: /usr/sbin/mkfs.ext4
2026-09-24 17:18:07 Binary: /usr/sbin/mkfs.minix
2026-09-24 17:18:07 Binary: /usr/sbin/mkhomedir_helper
2026-09-24 17:18:07 Binary: /usr/sbin/mkinitramfs
2026-09-24 17:18:07 Binary: /usr/sbin/mklost+found
2026-09-24 17:18:07 Binary: /usr/sbin/mkswap
2026-09-24 17:18:07 Binary: /usr/sbin/modinfo
2026-09-24 17:18:07 Binary: /usr/sbin/modprobe
2026-09-24 17:18:07 Binary: /usr/sbin/nameif
2026-09-24 17:18:07 Binary: /usr/sbin/netplan
2026-09-24 17:18:07 Binary: /usr/sbin/newusers
2026-09-24 17:18:07 Binary: /usr/sbin/nfnl_osf
2026-09-24 17:18:07 Binary: /usr/sbin/nologin
2026-09-24 17:18:07 Binary: /usr/sbin/openvpn
2026-09-24 17:18:07 Binary: /usr/sbin/pam-auth-update
2026-09-24 17:18:07 Binary: /usr/sbin/pam_extrausers_chkpwd
2026-09-24 17:18:07 Binary: /usr/sbin/pam_extrausers_update
2026-09-24 17:18:07 Binary: /usr/sbin/pam_getenv
2026-09-24 17:18:07 Binary: /usr/sbin/pam_timestamp_check
2026-09-24 17:18:07 Binary: /usr/sbin/pivot_root
2026-09-24 17:18:07 Binary: /usr/sbin/plipconfig
2026-09-24 17:18:07 Binary: /usr/sbin/poweroff
2026-09-24 17:18:07 Binary: /usr/sbin/pwck
2026-09-24 17:18:07 Binary: /usr/sbin/pwconv
2026-09-24 17:18:07 Binary: /usr/sbin/pwunconv
2026-09-24 17:18:07 Binary: /usr/sbin/qemu-ga
2026-09-24 17:18:07 Binary: /usr/sbin/rarp
2026-09-24 17:18:07 Binary: /usr/sbin/readprofile
2026-09-24 17:18:07 Binary: /usr/sbin/reboot
2026-09-24 17:18:07 Binary: /usr/sbin/remove-shell
2026-09-24 17:18:07 Binary: /usr/sbin/resize2fs
2026-09-24 17:18:07 Binary: /usr/sbin/rmmod
2026-09-24 17:18:07 Binary: /usr/sbin/rmt
2026-09-24 17:18:07 Binary: /usr/sbin/rmt-tar
2026-09-24 17:18:07 Binary: /usr/sbin/route
2026-09-24 17:18:07 Binary: /usr/sbin/rtacct
2026-09-24 17:18:07 Binary: /usr/sbin/rtcwake
2026-09-24 17:18:07 Binary: /usr/sbin/rtmon
2026-09-24 17:18:07 Binary: /usr/sbin/runlevel
2026-09-24 17:18:07 Binary: /usr/sbin/runuser
2026-09-24 17:18:07 Binary: /usr/sbin/service
2026-09-24 17:18:07 Binary: /usr/sbin/setcap
2026-09-24 17:18:07 Binary: /usr/sbin/shadowconfig
2026-09-24 17:18:07 Binary: /usr/sbin/shutdown
2026-09-24 17:18:07 Binary: /usr/sbin/slattach
2026-09-24 17:18:07 Binary: /usr/sbin/squid
2026-09-24 17:18:07 Binary: /usr/sbin/sshd
2026-09-24 17:18:07 Binary: /usr/sbin/start-stop-daemon
2026-09-24 17:18:07 Binary: /usr/sbin/sudo_logsrvd
2026-09-24 17:18:07 Binary: /usr/sbin/sudo_sendlog
2026-09-24 17:18:07 Binary: /usr/sbin/sulogin
2026-09-24 17:18:07 Binary: /usr/sbin/swaplabel
2026-09-24 17:18:07 Binary: /usr/sbin/swapoff
2026-09-24 17:18:07 Binary: /usr/sbin/swapon
2026-09-24 17:18:07 Binary: /usr/sbin/switch_root
2026-09-24 17:18:07 Binary: /usr/sbin/sysctl
2026-09-24 17:18:07 Binary: /usr/sbin/tarcat
2026-09-24 17:18:07 Binary: /usr/sbin/tc
2026-09-24 17:18:07 Binary: /usr/sbin/telinit
2026-09-24 17:18:07 Binary: /usr/sbin/tipc
2026-09-24 17:18:07 Binary: /usr/sbin/tune2fs
2026-09-24 17:18:07 Binary: /usr/sbin/tzconfig
2026-09-24 17:18:07 Binary: /usr/sbin/unix_chkpwd
2026-09-24 17:18:07 Binary: /usr/sbin/unix_update
2026-09-24 17:18:07 Binary: /usr/sbin/update-ca-certificates
2026-09-24 17:18:07 Binary: /usr/sbin/update-grub
2026-09-24 17:18:07 Binary: /usr/sbin/update-grub2
2026-09-24 17:18:07 Binary: /usr/sbin/update-initramfs
2026-09-24 17:18:07 Binary: /usr/sbin/update-locale
2026-09-24 17:18:07 Binary: /usr/sbin/update-passwd
2026-09-24 17:18:07 Binary: /usr/sbin/update-rc.d
2026-09-24 17:18:07 Binary: /usr/sbin/update-shells
2026-09-24 17:18:07 Binary: /usr/sbin/useradd
2026-09-24 17:18:07 Binary: /usr/sbin/userdel
2026-09-24 17:18:07 Binary: /usr/sbin/usermod
2026-09-24 17:18:07 Binary: /usr/sbin/validlocale
2026-09-24 17:18:07 Binary: /usr/sbin/vdpa
2026-09-24 17:18:07 Binary: /usr/sbin/vigr
2026-09-24 17:18:07 Binary: /usr/sbin/vipw
2026-09-24 17:18:07 Binary: /usr/sbin/visudo
2026-09-24 17:18:07 Binary: /usr/sbin/wipefs
2026-09-24 17:18:07 Binary: /usr/sbin/xtables-legacy-multi
2026-09-24 17:18:07 Binary: /usr/sbin/xtables-monitor
2026-09-24 17:18:07 Binary: /usr/sbin/xtables-nft-multi
2026-09-24 17:18:07 Binary: /usr/sbin/zic
2026-09-24 17:18:07 Binary: /usr/sbin/zramctl
2026-09-24 17:18:07 ====
2026-09-24 17:18:07 Test: Checking binaries in directory /usr/local/bin
2026-09-24 17:18:07 Directory /usr/local/bin exists. Starting directory scanning...
2026-09-24 17:18:07 Binary: /usr/local/bin/auto-sign-domain
2026-09-24 17:18:07 Binary: /usr/local/bin/bhttp-server
2026-09-24 17:18:07 Binary: /usr/local/bin/btun-server
2026-09-24 17:18:07 Binary: /usr/local/bin/hcr
2026-09-24 17:18:07 Binary: /usr/local/bin/hysteria1
2026-09-24 17:18:07 Binary: /usr/local/bin/menu
2026-09-24 17:18:07 Binary: /usr/local/bin/menuhy
2026-09-24 17:18:07 Binary: /usr/local/bin/movivip-runner
2026-09-24 17:18:07 Binary: /usr/local/bin/proto-server
2026-09-24 17:18:07 Binary: /usr/local/bin/reset-motd
2026-09-24 17:18:07 Binary: /usr/local/bin/ssh-ws-internal.py
2026-09-24 17:18:07 Binary: /usr/local/bin/xhttp-server
2026-09-24 17:18:07 Binary: /usr/local/bin/xray
2026-09-24 17:18:07 Binary: /usr/local/bin/zivpn
2026-09-24 17:18:07 Binary: /usr/local/bin/zivpn-expira.sh
2026-09-24 17:18:07 Binary: /usr/local/bin/zivpn-limite.sh
2026-09-24 17:18:07 ====
2026-09-24 17:18:07 Test: Checking binaries in directory /usr/local/sbin
2026-09-24 17:18:07 Directory /usr/local/sbin exists. Starting directory scanning...
2026-09-24 17:18:07 ====
2026-09-24 17:18:07 Discovered directories: /bin, /sbin, /usr/bin, /usr/sbin, /usr/local/bin, /usr/local/sbin
2026-09-24 17:18:07 DEB-0001 Result: found 1914 binaries
2026-09-24 17:18:07 Status: Starting Authentication checks...
2026-09-24 17:18:07 Status: Checking if libpam-tmpdir is installed and enabled...
2026-09-24 17:18:07 ====
2026-09-24 17:18:07 Performing test ID DEB-0280 (Checking if libpam-tmpdir is installed and enabled.)
2026-09-24 17:18:07  - libpam-tmpdir is not installed.
2026-09-24 17:18:07 Hardening: assigned partial number of hardening points (0 of 2). Currently having 0 points (out of 2)
2026-09-24 17:18:07 Suggestion: Install libpam-tmpdir to set $TMP and $TMPDIR for PAM sessions [test:DEB-0280] [details:-] [solution:-]
2026-09-24 17:18:07 Status: Starting file system checks...
2026-09-24 17:18:07 Status: Starting file system checks for dm-crypt, cryptsetup & cryptmount...
2026-09-24 17:18:07 ====
2026-09-24 17:18:07 Skipped test DEB-0510 (Checking if LVM volume groups or file systems are stored on encrypted partitions)
2026-09-24 17:18:07 Reason to skip: Prerequisites not met (ie missing tool, other type of Linux distribution)
2026-09-24 17:18:07 ====
2026-09-24 17:18:07 Skipped test DEB-0520 (Checking for Ecryptfs)
2026-09-24 17:18:07 Reason to skip: Prerequisites not met (ie missing tool, other type of Linux distribution)
2026-09-24 17:18:07 Status: Starting Software checks...
2026-09-24 17:18:07 ====
2026-09-24 17:18:07 Performing test ID DEB-0810 (Checking for apt-listbugs)
2026-09-24 17:18:07  - apt-listbugs is not installed.
2026-09-24 17:18:07 Hardening: assigned partial number of hardening points (0 of 2). Currently having 0 points (out of 4)
2026-09-24 17:18:07 Suggestion: Install apt-listbugs to display a list of critical bugs prior to each APT installation. [test:DEB-0810] [details:-] [solution:-]
2026-09-24 17:18:07 ====
2026-09-24 17:18:07 Performing test ID DEB-0811 (Checking for apt-listchanges)
2026-09-24 17:18:07  - apt-listchanges is not installed.
2026-09-24 17:18:07 Hardening: assigned partial number of hardening points (0 of 2). Currently having 0 points (out of 6)
2026-09-24 17:18:07 Suggestion: Install apt-listchanges to display any significant changes prior to any upgrade via APT. [test:DEB-0811] [details:-] [solution:-]
2026-09-24 17:18:07 ====
2026-09-24 17:18:07 Performing test ID DEB-0831 (Verifying that needrestart is installed.)
2026-09-24 17:18:07  - needrestart is not installed.
2026-09-24 17:18:07 Suggestion: Install needrestart, alternatively to debian-goodies, so that you can run needrestart after upgrades to determine which daemons are using old versions of libraries and need restarting. [test:DEB-0831] [details:-] [solution:-]
2026-09-24 17:18:07 Hardening: assigned partial number of hardening points (0 of 1). Currently having 0 points (out of 7)
2026-09-24 17:18:07 ====
2026-09-24 17:18:07 Performing test ID DEB-0880 (Checking for fail2ban)
2026-09-24 17:18:07  - fail2ban is installed.
2026-09-24 17:18:07 Hardening: assigned maximum number of hardening points for this item (1). Currently having 1 points (out of 8)
2026-09-24 17:18:07  - fail2ban local custom configuration enabled.
2026-09-24 17:18:07 Hardening: assigned maximum number of hardening points for this item (1). Currently having 2 points (out of 9)
2026-09-24 17:18:07 ====
2026-09-24 17:18:07 ====
2026-09-24 17:18:07 Result: debian plugin (phase 1) finished
2026-09-24 17:18:07 --
2026-09-24 17:18:07 Result: Found 1 plugins of which 1 are enabled
2026-09-24 17:18:07 Result: Plugins phase 1 finished
2026-09-24 17:18:07 ====
2026-09-24 17:18:07 Info: found hashing tool, start generation of HostID
2026-09-24 17:18:07 Interface 'eth0' is up, fetching MAC address
2026-09-24 17:18:07 Info: using hardware address '00:be:5c:8e:ad:f6' to create HostID
2026-09-24 17:18:07 Result: Found HostID: 04a4992be40c2ddc92685302fc02057260d6c4c4
2026-09-24 17:18:07 Info: start generation of HostID (version 2)
2026-09-24 17:18:07 Result: found file ssh_host_ed25519_key.pub in /etc/ssh, using that as candidate to create hostid2
2026-09-24 17:18:07 Using SSH public key to create hostid2
2026-09-24 17:18:07 Hash (hostname): da4d47d486c674b0e05b992713276b345aaa1858d3f147b4b185ad5215cfdc69
2026-09-24 17:18:07 Hash (ssh or machineid): 86d66ea0b44e7345964905e3efeec134ff06722845d2c7c535a333a28de16d8e
2026-09-24 17:18:07 hostid-generation: method linux-sys-interface-up
2026-09-24 17:18:07 hostid2-generation: method ssh-public-key
2026-09-24 17:18:07 Info: HostID 04a4992be40c2ddc92685302fc02057260d6c4c4 looks to be valid
2026-09-24 17:18:07 Info: no machine ID found
2026-09-24 17:18:07 ====
2026-09-24 17:18:07 Info: perform tests from all categories
2026-09-24 17:18:07 Security check: file is normal
2026-09-24 17:18:07 Checking permissions of /usr/share/lynis/include/tests_boot_services
2026-09-24 17:18:07 File permissions are OK
2026-09-24 17:18:07 ====
2026-09-24 17:18:07 Action: Performing tests from category: Boot and services
2026-09-24 17:18:07 ====
2026-09-24 17:18:07 Skipped test BOOT-5102 (Check for AIX boot device)
2026-09-24 17:18:07 Reason to skip: Incorrect guest OS (AIX only)
2026-09-24 17:18:07 ====
2026-09-24 17:18:07 Performing test ID BOOT-5104 (Determine service manager)
2026-09-24 17:18:07 Result: cmdline found = /sbin/init
2026-09-24 17:18:07 Result: file on disk = /sbin/init
2026-09-24 17:18:07 Action: checking symlink for file /sbin/init
2026-09-24 17:18:07 Note: Using real readlink binary to determine symlink on /sbin/init
2026-09-24 17:18:07 Result: readlink shows /usr/lib/systemd/systemd as output
2026-09-24 17:18:07 Result: symlink found, pointing to file /usr/lib/systemd/systemd
2026-09-24 17:18:07 Found: systemd
2026-09-24 17:18:07 Result: service manager found = systemd
2026-09-24 17:18:07 ====
2026-09-24 17:18:07 Skipped test BOOT-5106 (Check EFI boot file on Mac OS X/macOS)
2026-09-24 17:18:07 Reason to skip: Incorrect guest OS (macOS only)
2026-09-24 17:18:07 ====
2026-09-24 17:18:07 Performing test ID BOOT-5108 (Check Syslinux as bootloader)
2026-09-24 17:18:07 Test: checking if file /boot/syslinux/syslinux.cfg exists
2026-09-24 17:18:07 Result: file /boot/syslinux/syslinux.cfg NOT found
2026-09-24 17:18:07 ====
2026-09-24 17:18:07 Performing test ID BOOT-5109 (Check rEFInd as bootloader)
2026-09-24 17:18:07 Test: checking if file /boot/refind_linux.conf exists
2026-09-24 17:18:07 Result: file /boot/refind_linux.conf NOT found
2026-09-24 17:18:07 ====
2026-09-24 17:18:07 Performing test ID BOOT-5116 (Check if system is booted in UEFI mode)
2026-09-24 17:18:07 Test: checking if UEFI is used
2026-09-24 17:18:07 Result: UEFI not used, can't find /sys/firmware/efi directory
2026-09-24 17:18:07 Test: determine if Secure Boot is used
2026-09-24 17:18:07 Result: system not booted with Secure Boot (no SecureBoot file found)
2026-09-24 17:18:07 ====
2026-09-24 17:18:07 Skipped test BOOT-5117 (Check for systemd-boot bootloader presence)
2026-09-24 17:18:07 Reason to skip: Prerequisites not met (ie missing tool, other type of Linux distribution)
2026-09-24 17:18:07 ====
2026-09-24 17:18:07 Performing test ID BOOT-5121 (Check for GRUB boot loader presence)
2026-09-24 17:18:07 Test: Checking for presence GRUB conf file (/boot/grub/grub.conf or /boot/grub/menu.lst)
2026-09-24 17:18:07 Result: found GRUB2 configuration file (/boot/grub/grub.cfg)
2026-09-24 17:18:07 ====
2026-09-24 17:18:07 Performing test ID BOOT-5122 (Check for GRUB boot password)
2026-09-24 17:18:07 Found file /boot/grub/grub.cfg, proceeding with tests.
2026-09-24 17:18:07 Test: check if we can access /boot/grub/grub.cfg (escaped: /boot/grub/grub.cfg)
2026-09-24 17:18:07 Result: file is owned by our current user ID (0), checking if it is readable
2026-09-24 17:18:07 Result: file /boot/grub/grub.cfg is readable (or directory accessible).
2026-09-24 17:18:07 Result: did not find hashed password line in this file
2026-09-24 17:18:07 Result: File '/boot/grub/custom.cfg' does not exist
2026-09-24 17:18:07 Found file /etc/grub.d/10_linux_zfs, proceeding with tests.
2026-09-24 17:18:07 Test: check if we can access /etc/grub.d/10_linux_zfs (escaped: /etc/grub.d/10_linux_zfs)
2026-09-24 17:18:07 Result: file is owned by our current user ID (0), checking if it is readable
2026-09-24 17:18:07 Result: file /etc/grub.d/10_linux_zfs is readable (or directory accessible).
2026-09-24 17:18:07 Result: did not find hashed password line in this file
2026-09-24 17:18:07 Found file /etc/grub.d/20_linux_xen, proceeding with tests.
2026-09-24 17:18:07 Test: check if we can access /etc/grub.d/20_linux_xen (escaped: /etc/grub.d/20_linux_xen)
2026-09-24 17:18:07 Result: file is owned by our current user ID (0), checking if it is readable
2026-09-24 17:18:07 Result: file /etc/grub.d/20_linux_xen is readable (or directory accessible).
2026-09-24 17:18:07 Result: did not find hashed password line in this file
2026-09-24 17:18:07 Found file /etc/grub.d/00_header, proceeding with tests.
2026-09-24 17:18:07 Test: check if we can access /etc/grub.d/00_header (escaped: /etc/grub.d/00_header)
2026-09-24 17:18:07 Result: file is owned by our current user ID (0), checking if it is readable
2026-09-24 17:18:07 Result: file /etc/grub.d/00_header is readable (or directory accessible).
2026-09-24 17:18:07 Result: did not find hashed password line in this file
2026-09-24 17:18:07 Found file /etc/grub.d/30_uefi-firmware, proceeding with tests.
2026-09-24 17:18:07 Test: check if we can access /etc/grub.d/30_uefi-firmware (escaped: /etc/grub.d/30_uefi-firmware)
2026-09-24 17:18:07 Result: file is owned by our current user ID (0), checking if it is readable
2026-09-24 17:18:07 Result: file /etc/grub.d/30_uefi-firmware is readable (or directory accessible).
2026-09-24 17:18:07 Result: did not find hashed password line in this file
2026-09-24 17:18:07 Found file /etc/grub.d/10_linux, proceeding with tests.
2026-09-24 17:18:07 Test: check if we can access /etc/grub.d/10_linux (escaped: /etc/grub.d/10_linux)
2026-09-24 17:18:07 Result: file is owned by our current user ID (0), checking if it is readable
2026-09-24 17:18:07 Result: file /etc/grub.d/10_linux is readable (or directory accessible).
2026-09-24 17:18:07 Result: did not find hashed password line in this file
2026-09-24 17:18:07 Found file /etc/grub.d/05_debian_theme, proceeding with tests.
2026-09-24 17:18:07 Test: check if we can access /etc/grub.d/05_debian_theme (escaped: /etc/grub.d/05_debian_theme)
2026-09-24 17:18:07 Result: file is owned by our current user ID (0), checking if it is readable
2026-09-24 17:18:07 Result: file /etc/grub.d/05_debian_theme is readable (or directory accessible).
2026-09-24 17:18:07 Result: did not find hashed password line in this file
2026-09-24 17:18:07 Found file /etc/grub.d/30_os-prober, proceeding with tests.
2026-09-24 17:18:07 Test: check if we can access /etc/grub.d/30_os-prober (escaped: /etc/grub.d/30_os-prober)
2026-09-24 17:18:07 Result: file is owned by our current user ID (0), checking if it is readable
2026-09-24 17:18:07 Result: file /etc/grub.d/30_os-prober is readable (or directory accessible).
2026-09-24 17:18:07 Result: did not find hashed password line in this file
2026-09-24 17:18:07 Found file /etc/grub.d/40_custom, proceeding with tests.
2026-09-24 17:18:07 Test: check if we can access /etc/grub.d/40_custom (escaped: /etc/grub.d/40_custom)
2026-09-24 17:18:07 Result: file is owned by our current user ID (0), checking if it is readable
2026-09-24 17:18:07 Result: file /etc/grub.d/40_custom is readable (or directory accessible).
2026-09-24 17:18:07 Result: did not find hashed password line in this file
2026-09-24 17:18:07 Found file /etc/grub.d/41_custom, proceeding with tests.
2026-09-24 17:18:07 Test: check if we can access /etc/grub.d/41_custom (escaped: /etc/grub.d/41_custom)
2026-09-24 17:18:07 Result: file is owned by our current user ID (0), checking if it is readable
2026-09-24 17:18:07 Result: file /etc/grub.d/41_custom is readable (or directory accessible).
2026-09-24 17:18:07 Result: did not find hashed password line in this file
2026-09-24 17:18:07 Result: Didn't find hashed password line in GRUB configuration
2026-09-24 17:18:07 Suggestion: Set a password on GRUB boot loader to prevent altering boot configuration (e.g. boot in single user mode without password) [test:BOOT-5122] [details:-] [solution:-]
2026-09-24 17:18:07 Hardening: assigned partial number of hardening points (0 of 2). Currently having 2 points (out of 11)
2026-09-24 17:18:07 ====
2026-09-24 17:18:07 Skipped test BOOT-5124 (Check for FreeBSD boot loader presence)
2026-09-24 17:18:07 Reason to skip: Incorrect guest OS (FreeBSD only)
2026-09-24 17:18:07 ====
2026-09-24 17:18:08 Skipped test BOOT-5261 (Check for DragonFly boot loader presence)
2026-09-24 17:18:08 Reason to skip: Incorrect guest OS (DragonFly only)
2026-09-24 17:18:08 ====
2026-09-24 17:18:08 Skipped test BOOT-5126 (Check for NetBSD boot loader presence)
2026-09-24 17:18:08 Reason to skip: Incorrect guest OS (NetBSD only)
2026-09-24 17:18:08 ====
2026-09-24 17:18:08 Performing test ID BOOT-5139 (Check for LILO boot loader presence)
2026-09-24 17:18:08 Test: checking for presence LILO configuration file
2026-09-24 17:18:08 Result: LILO configuration file not found
2026-09-24 17:18:08 ====
2026-09-24 17:18:08 Performing test ID BOOT-5140 (Check for ELILO boot loader presence)
2026-09-24 17:18:08 Test: checking if file /etc/elilo.conf exists
2026-09-24 17:18:08 Result: file /etc/elilo.conf NOT found
2026-09-24 17:18:08 Test: checking if file /boot/efi/EFI/Ubuntu/elilo.conf exists
2026-09-24 17:18:08 Result: file /boot/efi/EFI/Ubuntu/elilo.conf NOT found
2026-09-24 17:18:08 ====
2026-09-24 17:18:08 Performing test ID BOOT-5142 (Check SPARC Improved boot loader (SILO))
2026-09-24 17:18:08 Result: no SILO configuration file found.
2026-09-24 17:18:08 ====
2026-09-24 17:18:08 Performing test ID BOOT-5155 (Check for YABOOT boot loader configuration file)
2026-09-24 17:18:08 Test: Check for /etc/yaboot.conf
2026-09-24 17:18:08 Result: no YABOOT configuration file found.
2026-09-24 17:18:08 ====
2026-09-24 17:18:08 Skipped test BOOT-5159 (Check for OpenBSD boot loader presence)
2026-09-24 17:18:08 Reason to skip: Incorrect guest OS (OpenBSD only)
2026-09-24 17:18:08 ====
2026-09-24 17:18:08 Skipped test BOOT-5165 (Check for FreeBSD boot services)
2026-09-24 17:18:08 Reason to skip: Incorrect guest OS (FreeBSD only)
2026-09-24 17:18:08 ====
2026-09-24 17:18:08 Skipped test BOOT-5170 (Check for Solaris boot daemons)
2026-09-24 17:18:08 Reason to skip: Incorrect guest OS (Solaris only)
2026-09-24 17:18:08 ====
2026-09-24 17:18:08 Performing test ID BOOT-5177 (Check for Linux boot and running services)
2026-09-24 17:18:08 Test: checking presence systemctl binary
2026-09-24 17:18:08 Result: systemctl binary found, trying that to discover information
2026-09-24 17:18:08 Searching for running services (systemctl services only)
2026-09-24 17:18:08 Found running service: cron
2026-09-24 17:18:08 Found running service: dbus
2026-09-24 17:18:08 Found running service: dropbear_custom
2026-09-24 17:18:08 Found running service: fail2ban
2026-09-24 17:18:08 Found running service: getty@tty1
2026-09-24 17:18:08 Found running service: haproxy
2026-09-24 17:18:08 Found running service: hcr
2026-09-24 17:18:08 Found running service: hysteria1-server
2026-09-24 17:18:08 Found running service: payload-pdirect
2026-09-24 17:18:08 Found running service: payload-pget
2026-09-24 17:18:08 Found running service: payload-popen
2026-09-24 17:18:08 Found running service: payload-ppriv
2026-09-24 17:18:08 Found running service: payload-ppub
2026-09-24 17:18:08 Found running service: qemu-guest-agent
2026-09-24 17:18:08 Found running service: serial-getty@ttyS0
2026-09-24 17:18:08 Found running service: shadowsocks-libev-server@8388
2026-09-24 17:18:08 Found running service: squid
2026-09-24 17:18:08 Found running service: ssh-ws-internal
2026-09-24 17:18:08 Found running service: ssh
2026-09-24 17:18:08 Found running service: stunnel4
2026-09-24 17:18:08 Found running service: systemd-journald
2026-09-24 17:18:08 Found running service: systemd-logind
2026-09-24 17:18:08 Found running service: systemd-networkd
2026-09-24 17:18:08 Found running service: systemd-resolved
2026-09-24 17:18:08 Found running service: systemd-timesyncd
2026-09-24 17:18:08 Found running service: systemd-udevd
2026-09-24 17:18:08 Found running service: udp-custom
2026-09-24 17:18:08 Found running service: xray
2026-09-24 17:18:08 Found running service: zivpn
2026-09-24 17:18:08 Hint: Run systemctl --full --type=service to see all services
2026-09-24 17:18:08 Result: Found 29 running services
2026-09-24 17:18:08 Searching for enabled services (systemctl services only)
2026-09-24 17:18:09 Found enabled service at boot: badvpn-udpgw-7200
2026-09-24 17:18:09 Found enabled service at boot: badvpn-udpgw-7300
2026-09-24 17:18:09 Found enabled service at boot: cron
2026-09-24 17:18:09 Found enabled service at boot: dropbear_custom
2026-09-24 17:18:09 Found enabled service at boot: e2scrub_reap
2026-09-24 17:18:09 Found enabled service at boot: fail2ban
2026-09-24 17:18:09 Found enabled service at boot: getty@
2026-09-24 17:18:09 Found enabled service at boot: grub-common
2026-09-24 17:18:09 Found enabled service at boot: grub-initrd-fallback
2026-09-24 17:18:09 Found enabled service at boot: haproxy
2026-09-24 17:18:09 Found enabled service at boot: hcr
2026-09-24 17:18:09 Found enabled service at boot: hysteria1-server
2026-09-24 17:18:09 Found enabled service at boot: movivip-boot-network
2026-09-24 17:18:09 Found enabled service at boot: payload-pdirect
2026-09-24 17:18:09 Found enabled service at boot: payload-pget
2026-09-24 17:18:09 Found enabled service at boot: payload-popen
2026-09-24 17:18:09 Found enabled service at boot: payload-ppriv
2026-09-24 17:18:09 Found enabled service at boot: payload-ppub
2026-09-24 17:18:09 Found enabled service at boot: squid
2026-09-24 17:18:09 Found enabled service at boot: ssh-ws-internal
2026-09-24 17:18:09 Found enabled service at boot: ssh
2026-09-24 17:18:09 Found enabled service at boot: systemd-network-generator
2026-09-24 17:18:09 Found enabled service at boot: systemd-networkd-wait-online
2026-09-24 17:18:09 Found enabled service at boot: systemd-networkd
2026-09-24 17:18:09 Found enabled service at boot: systemd-pstore
2026-09-24 17:18:09 Found enabled service at boot: systemd-resolved
2026-09-24 17:18:09 Found enabled service at boot: systemd-timesyncd
2026-09-24 17:18:09 Found enabled service at boot: udp-custom
2026-09-24 17:18:09 Found enabled service at boot: xray
2026-09-24 17:18:09 Found enabled service at boot: zivpn
2026-09-24 17:18:09 Hint: Run systemctl list-unit-files --type=service to see all services
2026-09-24 17:18:09 Result: Found 30 enabled services
2026-09-24 17:18:09 ====
2026-09-24 17:18:09 Performing test ID BOOT-5180 (Check for Linux boot services (Debian style))
2026-09-24 17:18:09 Result: found runlevel 5
2026-09-24 17:18:09 Result: skipping further actions
2026-09-24 17:18:09 ====
2026-09-24 17:18:09 Performing test ID BOOT-5184 (Check permissions for boot files/scripts)
2026-09-24 17:18:09 Result: checking /etc/init.d scripts for writable bit
2026-09-24 17:18:09 Test: checking if directory /etc/init.d exists
2026-09-24 17:18:09 Result: directory /etc/init.d found
2026-09-24 17:18:09 Test: checking for available files in directory
2026-09-24 17:18:09 Result: found files in directory, checking permissions now
2026-09-24 17:18:09 Test: checking permissions of file /etc/init.d/cron
2026-09-24 17:18:09 Result: good, file /etc/init.d/cron not world writable
2026-09-24 17:18:09 Test: checking permissions of file /etc/init.d/danted
2026-09-24 17:18:09 Result: good, file /etc/init.d/danted not world writable
2026-09-24 17:18:09 Test: checking permissions of file /etc/init.d/dbus
2026-09-24 17:18:09 Result: good, file /etc/init.d/dbus not world writable
2026-09-24 17:18:09 Test: checking permissions of file /etc/init.d/fail2ban
2026-09-24 17:18:09 Result: good, file /etc/init.d/fail2ban not world writable
2026-09-24 17:18:09 Test: checking permissions of file /etc/init.d/grub-common
2026-09-24 17:18:09 Result: good, file /etc/init.d/grub-common not world writable
2026-09-24 17:18:09 Test: checking permissions of file /etc/init.d/haproxy
2026-09-24 17:18:09 Result: good, file /etc/init.d/haproxy not world writable
2026-09-24 17:18:09 Test: checking permissions of file /etc/init.d/hwclock.sh
2026-09-24 17:18:09 Result: good, file /etc/init.d/hwclock.sh not world writable
2026-09-24 17:18:09 Test: checking permissions of file /etc/init.d/kmod
2026-09-24 17:18:09 Result: good, file /etc/init.d/kmod not world writable
2026-09-24 17:18:09 Test: checking permissions of file /etc/init.d/openvpn
2026-09-24 17:18:09 Result: good, file /etc/init.d/openvpn not world writable
2026-09-24 17:18:09 Test: checking permissions of file /etc/init.d/procps
2026-09-24 17:18:09 Result: good, file /etc/init.d/procps not world writable
2026-09-24 17:18:09 Test: checking permissions of file /etc/init.d/qemu-guest-agent
2026-09-24 17:18:09 Result: good, file /etc/init.d/qemu-guest-agent not world writable
2026-09-24 17:18:09 Test: checking permissions of file /etc/init.d/screen-cleanup
2026-09-24 17:18:09 Result: good, file /etc/init.d/screen-cleanup not world writable
2026-09-24 17:18:09 Test: checking permissions of file /etc/init.d/shadowsocks-libev
2026-09-24 17:18:09 Result: good, file /etc/init.d/shadowsocks-libev not world writable
2026-09-24 17:18:09 Test: checking permissions of file /etc/init.d/squid
2026-09-24 17:18:09 Result: good, file /etc/init.d/squid not world writable
2026-09-24 17:18:09 Test: checking permissions of file /etc/init.d/ssh
2026-09-24 17:18:09 Result: good, file /etc/init.d/ssh not world writable
2026-09-24 17:18:09 Test: checking permissions of file /etc/init.d/stunnel4
2026-09-24 17:18:09 Result: good, file /etc/init.d/stunnel4 not world writable
2026-09-24 17:18:09 Test: checking permissions of file /etc/init.d/udev
2026-09-24 17:18:09 Result: good, file /etc/init.d/udev not world writable
2026-09-24 17:18:09 Test: checking if directory /etc/rc.d exists
2026-09-24 17:18:09 Result: directory /etc/rc.d not found. Skipping..
2026-09-24 17:18:09 Test: checking if directory /etc/rcS.d exists
2026-09-24 17:18:09 Result: directory /etc/rcS.d found
2026-09-24 17:18:09 Test: checking for available files in directory
2026-09-24 17:18:09 Result: found no files in directory.
2026-09-24 17:18:09 Test: Checking /etc/rc0.d scripts for writable bit
2026-09-24 17:18:09 Test: Checking /etc/rc1.d scripts for writable bit
2026-09-24 17:18:09 Test: Checking /etc/rc2.d scripts for writable bit
2026-09-24 17:18:09 Test: Checking /etc/rc3.d scripts for writable bit
2026-09-24 17:18:09 Test: Checking /etc/rc4.d scripts for writable bit
2026-09-24 17:18:09 Test: Checking /etc/rc5.d scripts for writable bit
2026-09-24 17:18:09 Test: Checking /etc/rc6.d scripts for writable bit
2026-09-24 17:18:09 Hardening: assigned maximum number of hardening points for this item (3). Currently having 5 points (out of 14)
2026-09-24 17:18:09 ====
2026-09-24 17:18:09 Performing test ID BOOT-5202 (Check uptime of system)
2026-09-24 17:18:09 Uptime (in seconds): 11620
2026-09-24 17:18:09 Uptime (in days): 0
2026-09-24 17:18:09 ====
2026-09-24 17:18:09 Performing test ID BOOT-5260 (Check single user mode for systemd)
2026-09-24 17:18:09 Test: Searching /usr/lib/systemd/system/rescue.service
2026-09-24 17:18:09 Result: file /usr/lib/systemd/system/rescue.service
2026-09-24 17:18:09 Test: checking presence sulogin for single user mode
2026-09-24 17:18:09 Result: found sulogin, so single user is protected
2026-09-24 17:18:09 Hardening: assigned maximum number of hardening points for this item (3). Currently having 8 points (out of 17)
2026-09-24 17:18:09 ====
2026-09-24 17:18:09 Skipped test BOOT-5262 (Check for OpenBSD boot daemons)
2026-09-24 17:18:09 Reason to skip: Incorrect guest OS (OpenBSD only)
2026-09-24 17:18:09 ====
2026-09-24 17:18:09 Skipped test BOOT-5263 (Check permissions for boot files/scripts)
2026-09-24 17:18:09 Reason to skip: Incorrect guest OS (OpenBSD only)
2026-09-24 17:18:09 ====
2026-09-24 17:18:09 Performing test ID BOOT-5264 (Run systemd-analyze security)
2026-09-24 17:18:09 Test: Run systemd-analyze security
2026-09-24 17:18:09 Result: badvpn-udpgw-7200.service: 9.6 UNSAFE
2026-09-24 17:18:09 Result: badvpn-udpgw-7300.service: 9.6 UNSAFE
2026-09-24 17:18:09 Result: cron.service: 9.6 UNSAFE
2026-09-24 17:18:09 Result: dbus.service: 9.5 UNSAFE
2026-09-24 17:18:09 Result: dropbear_custom.service: 9.6 UNSAFE
2026-09-24 17:18:09 Result: emergency.service: 9.5 UNSAFE
2026-09-24 17:18:09 Result: fail2ban.service: 9.6 UNSAFE
2026-09-24 17:18:09 Result: getty@tty1.service: 9.6 UNSAFE
2026-09-24 17:18:09 Result: haproxy.service: 9.6 UNSAFE
2026-09-24 17:18:09 Result: hcr.service: 9.6 UNSAFE
2026-09-24 17:18:09 Result: hysteria1-server.service: 9.6 UNSAFE
2026-09-24 17:18:09 Result: lynis.service: 9.6 UNSAFE
2026-09-24 17:18:09 Result: payload-pdirect.service: 9.6 UNSAFE
2026-09-24 17:18:09 Result: payload-pget.service: 9.6 UNSAFE
2026-09-24 17:18:09 Result: payload-popen.service: 9.6 UNSAFE
2026-09-24 17:18:09 Result: payload-ppriv.service: 9.6 UNSAFE
2026-09-24 17:18:09 Result: payload-ppub.service: 9.6 UNSAFE
2026-09-24 17:18:09 Result: qemu-guest-agent.service: 9.6 UNSAFE
2026-09-24 17:18:09 Result: rc-local.service: 9.6 UNSAFE
2026-09-24 17:18:09 Result: rescue.service: 9.5 UNSAFE
2026-09-24 17:18:09 Result: serial-getty@ttyS0.service: 9.6 UNSAFE
2026-09-24 17:18:09 Result: shadowsocks-libev-server@8388.service: 5.9 MEDIUM
2026-09-24 17:18:09 Result: squid.service: 9.8 UNSAFE
2026-09-24 17:18:09 Result: ssh-ws-internal.service: 9.6 UNSAFE
2026-09-24 17:18:09 Result: ssh.service: 9.6 UNSAFE
2026-09-24 17:18:09 Result: stunnel4.service: 9.6 UNSAFE
2026-09-24 17:18:09 Result: systemd-ask-password-console.service: 9.4 UNSAFE
2026-09-24 17:18:09 Result: systemd-ask-password-wall.service: 9.4 UNSAFE
2026-09-24 17:18:09 Result: systemd-fsckd.service: 9.5 UNSAFE
2026-09-24 17:18:09 Result: systemd-initctl.service: 9.4 UNSAFE
2026-09-24 17:18:09 Result: systemd-journald.service: 4.3 PROTECTED
2026-09-24 17:18:09 Result: systemd-logind.service: 2.8 PROTECTED
2026-09-24 17:18:09 Result: systemd-networkd.service: 2.9 PROTECTED
2026-09-24 17:18:09 Result: systemd-resolved.service: 2.1 PROTECTED
2026-09-24 17:18:09 Result: systemd-rfkill.service: 9.4 UNSAFE
2026-09-24 17:18:09 Result: systemd-timesyncd.service: 2.1 PROTECTED
2026-09-24 17:18:09 Result: systemd-udevd.service: 6.9 MEDIUM
2026-09-24 17:18:09 Result: udp-custom.service: 9.6 UNSAFE
2026-09-24 17:18:09 Result: xray.service: 7.2 MEDIUM
2026-09-24 17:18:09 Result: zivpn.service: 7.4 MEDIUM
2026-09-24 17:18:09 Suggestion: Consider hardening system services [test:BOOT-5264] [details:Run '/usr/bin/systemd-analyze security SERVICE' for each service] [solution:-]
2026-09-24 17:18:09 Security check: file is normal
2026-09-24 17:18:09 Checking permissions of /usr/share/lynis/include/tests_kernel
2026-09-24 17:18:09 File permissions are OK
2026-09-24 17:18:09 ====
2026-09-24 17:18:09 Action: Performing tests from category: Kernel
2026-09-24 17:18:09 ====
2026-09-24 17:18:09 Performing test ID KRNL-5622 (Determine Linux default run level)
2026-09-24 17:18:09 Test: Checking for systemd default.target
2026-09-24 17:18:09 Result: no systemd found, so trying inittab
2026-09-24 17:18:09 Test: Checking /etc/inittab
2026-09-24 17:18:09 Result: file /etc/inittab not found
2026-09-24 17:18:09 Test: Checking run level with who -r, for Debian based systems
2026-09-24 17:18:09 Result: Found default run level '5'
2026-09-24 17:18:09 ====
2026-09-24 17:18:09 Performing test ID KRNL-5677 (Check CPU options and support)
2026-09-24 17:18:09 Test: Checking /proc/cpuinfo
2026-09-24 17:18:09 Result: found /proc/cpuinfo
2026-09-24 17:18:09 Test: Checking CPU options (XD/NX/PAE)
2026-09-24 17:18:09 PAE: Yes
2026-09-24 17:18:09 NX: Yes
2026-09-24 17:18:09 Result: PAE or No eXecute option(s) both found
2026-09-24 17:18:09 ====
2026-09-24 17:18:09 Performing test ID KRNL-5695 (Determine Linux kernel version and release number)
2026-09-24 17:18:09 Result: found kernel release 5.15.0-191-generic
2026-09-24 17:18:09 Result: found kernel version #201-Ubuntu SMP Fri Aug 7 18:39:04 UTC 2026
2026-09-24 17:18:09 ====
2026-09-24 17:18:09 Performing test ID KRNL-5723 (Determining if Linux kernel is monolithic)
2026-09-24 17:18:09 Test: checking if kernel is monolithic or modular
2026-09-24 17:18:09 Result: Found modular kernel
2026-09-24 17:18:09 ====
2026-09-24 17:18:09 Performing test ID KRNL-5726 (Checking Linux loaded kernel modules)
2026-09-24 17:18:09 Loaded modules according lsmod:
2026-09-24 17:18:09 Loaded module: aesni_intel
2026-09-24 17:18:09 Loaded module: af_packet_diag
2026-09-24 17:18:09 Loaded module: ahci
2026-09-24 17:18:09 Loaded module: autofs4
2026-09-24 17:18:09 Loaded module: binfmt_misc
2026-09-24 17:18:09 Loaded module: ccp
2026-09-24 17:18:09 Loaded module: chacha_x86_64
2026-09-24 17:18:09 Loaded module: crc32_pclmul
2026-09-24 17:18:09 Loaded module: crct10dif_pclmul
2026-09-24 17:18:09 Loaded module: cryptd
2026-09-24 17:18:09 Loaded module: crypto_simd
2026-09-24 17:18:09 Loaded module: curve25519_x86_64
2026-09-24 17:18:09 Loaded module: drm
2026-09-24 17:18:09 Loaded module: efi_pstore
2026-09-24 17:18:09 Loaded module: failover
2026-09-24 17:18:09 Loaded module: floppy
2026-09-24 17:18:09 Loaded module: ghash_clmulni_intel
2026-09-24 17:18:09 Loaded module: hid
2026-09-24 17:18:09 Loaded module: hid_generic
2026-09-24 17:18:09 Loaded module: inet_diag
2026-09-24 17:18:09 Loaded module: input_leds
2026-09-24 17:18:09 Loaded module: ip6_udp_tunnel
2026-09-24 17:18:09 Loaded module: ip_tables
2026-09-24 17:18:09 Loaded module: joydev
2026-09-24 17:18:09 Loaded module: kvm
2026-09-24 17:18:09 Loaded module: kvm_amd
2026-09-24 17:18:09 Loaded module: libahci
2026-09-24 17:18:09 Loaded module: libchacha
2026-09-24 17:18:09 Loaded module: libchacha20poly1305
2026-09-24 17:18:09 Loaded module: libcrc32c
2026-09-24 17:18:09 Loaded module: libcurve25519_generic
2026-09-24 17:18:09 Loaded module: net_failover
2026-09-24 17:18:09 Loaded module: netlink_diag
2026-09-24 17:18:09 Loaded module: nf_conntrack
2026-09-24 17:18:09 Loaded module: nf_defrag_ipv4
2026-09-24 17:18:09 Loaded module: nf_defrag_ipv6
2026-09-24 17:18:09 Loaded module: nf_nat
2026-09-24 17:18:09 Loaded module: nf_tables
2026-09-24 17:18:09 Loaded module: nfnetlink
2026-09-24 17:18:09 Loaded module: nft_chain_nat
2026-09-24 17:18:09 Loaded module: nft_compat
2026-09-24 17:18:09 Loaded module: nft_counter
2026-09-24 17:18:09 Loaded module: nls_iso8859_1
2026-09-24 17:18:09 Loaded module: poly1305_x86_64
2026-09-24 17:18:09 Loaded module: psmouse
2026-09-24 17:18:09 Loaded module: raw_diag
2026-09-24 17:18:09 Loaded module: sch_fq
2026-09-24 17:18:09 Loaded module: sch_fq_codel
2026-09-24 17:18:09 Loaded module: serio_raw
2026-09-24 17:18:09 Loaded module: sha1_ssse3
2026-09-24 17:18:09 Loaded module: sha256_ssse3
2026-09-24 17:18:09 Loaded module: tcp_bbr
2026-09-24 17:18:09 Loaded module: tcp_diag
2026-09-24 17:18:09 Loaded module: tls
2026-09-24 17:18:09 Loaded module: udp_diag
2026-09-24 17:18:09 Loaded module: udp_tunnel
2026-09-24 17:18:09 Loaded module: unix_diag
2026-09-24 17:18:09 Loaded module: usbhid
2026-09-24 17:18:09 Loaded module: virtio_blk
2026-09-24 17:18:09 Loaded module: virtio_net
2026-09-24 17:18:09 Loaded module: virtio_scsi
2026-09-24 17:18:09 Loaded module: wireguard
2026-09-24 17:18:09 Loaded module: x_tables
2026-09-24 17:18:09 Loaded module: xt_DSCP
2026-09-24 17:18:09 Loaded module: xt_MASQUERADE
2026-09-24 17:18:09 Loaded module: xt_comment
2026-09-24 17:18:09 Loaded module: xt_conntrack
2026-09-24 17:18:09 Loaded module: xt_nat
2026-09-24 17:18:09 Loaded module: xt_tcpudp
2026-09-24 17:18:09 ====
2026-09-24 17:18:09 Performing test ID KRNL-5728 (Checking Linux kernel config)
2026-09-24 17:18:09 Result: found config (/boot/config-5.15.0-191-generic)
2026-09-24 17:18:09 ====
2026-09-24 17:18:09 Performing test ID KRNL-5730 (Checking disk I/O kernel scheduler)
2026-09-24 17:18:09 Test: Checking the default I/O kernel scheduler
2026-09-24 17:18:09 Result: no default I/O kernel scheduler found
2026-09-24 17:18:09 ====
2026-09-24 17:18:09 Skipped test KRNL-5745 (Checking FreeBSD loaded kernel modules)
2026-09-24 17:18:09 Reason to skip: Incorrect guest OS (FreeBSD only)
2026-09-24 17:18:09 ====
2026-09-24 17:18:09 Skipped test KRNL-5831 (Checking DragonFly loaded kernel modules)
2026-09-24 17:18:09 Reason to skip: Incorrect guest OS (DragonFly only)
2026-09-24 17:18:09 ====
2026-09-24 17:18:09 Skipped test KRNL-5770 (Checking active kernel modules)
2026-09-24 17:18:09 Reason to skip: Incorrect guest OS (Solaris only)
2026-09-24 17:18:09 ====
2026-09-24 17:18:09 Performing test ID KRNL-5788 (Checking availability new Linux kernel)
2026-09-24 17:18:09 Test: Searching apt-cache, to determine if a newer kernel is available
2026-09-24 17:18:09 Result: found /usr/bin/apt-cache
2026-09-24 17:18:09 Test: checking presence of /vmlinuz or /boot/vmlinuz
2026-09-24 17:18:09 Result: found /boot/vmlinuz
2026-09-24 17:18:09 Test: checking readlink location of /boot/vmlinuz
2026-09-24 17:18:09 Output: readlink reported file /boot/vmlinuz-5.15.0-191-generic
2026-09-24 17:18:09 Test: checking package from dpkg -S
2026-09-24 17:18:09 Output: dpkg -S reported package linux-image-5.15.0-191-generic
2026-09-24 17:18:09 Test: Using apt-cache policy to determine if there is an update available
2026-09-24 17:18:09 Kernel installed: 5.15.0-191.201
2026-09-24 17:18:09 Kernel candidate: 5.15.0-191.201
2026-09-24 17:18:09 Result: no kernel update available
2026-09-24 17:18:09 ====
2026-09-24 17:18:09 Performing test ID KRNL-5820 (Checking core dumps configuration)
2026-09-24 17:18:09 Test: Checking presence of systemd
2026-09-24 17:18:09 Result: systemd is present on this system
2026-09-24 17:18:09 Test: Checking if core dumps are disabled in /etc/systemd/coredump.conf and /etc/systemd/coredump.conf.d/*.conf
2026-09-24 17:18:09 Result: core dumps are not disabled in systemd configuration. Didn't find settings 'ProcessSizeMax=0' and 'Storage=none'
2026-09-24 17:18:09 Hardening: assigned partial number of hardening points (0 of 1). Currently having 8 points (out of 18)
2026-09-24 17:18:09 Test: Checking presence /etc/profile
2026-09-24 17:18:09 Test: Checking if 'ulimit -c 0' exists in /etc/profile or /etc/profile.d/*.sh
2026-09-24 17:18:09 Result: core dumps are not disabled in /etc/profile or /etc/profile.d/*.sh config files. Didn't find setting 'ulimit -c 0'
2026-09-24 17:18:09 Hardening: assigned partial number of hardening points (0 of 1). Currently having 8 points (out of 19)
2026-09-24 17:18:09 Test: Checking presence /etc/security/limits.conf
2026-09-24 17:18:09 Result: file /etc/security/limits.conf exists
2026-09-24 17:18:09 Test: Checking if core dumps are disabled in /etc/security/limits.conf and /etc/security/limits.d/*
2026-09-24 17:18:09 Result: core dumps are not explicitly disabled
2026-09-24 17:18:09 Suggestion: If not required, consider explicit disabling of core dump in /etc/security/limits.conf file [test:KRNL-5820] [details:-] [solution:-]
2026-09-24 17:18:09 Hardening: assigned partial number of hardening points (1 of 3). Currently having 9 points (out of 22)
2026-09-24 17:18:09 Test: Checking sysctl value of fs.suid_dumpable
2026-09-24 17:18:09 Result: value 0 found
2026-09-24 17:18:09 Result: found default option (0), no execute only program or program with changed privilege levels can dump
2026-09-24 17:18:09 Hardening: assigned maximum number of hardening points for this item (1). Currently having 10 points (out of 23)
2026-09-24 17:18:09 ====
2026-09-24 17:18:09 Performing test ID KRNL-5830 (Checking if system is running on the latest installed kernel)
2026-09-24 17:18:09 Test: Checking presence /var/run/reboot-required.pkgs
2026-09-24 17:18:09 Result: file /var/run/reboot-required.pkgs not found
2026-09-24 17:18:09 Result: /boot exists, performing more tests from here
2026-09-24 17:18:09 Result: found /boot/vmlinuz-5.15.0-191-generic
2026-09-24 17:18:09 Result: version derived from file name is '5.15.0-191-generic'
2026-09-24 17:18:09 Result: found version 5.15.0-191-generic
2026-09-24 17:18:09 Result: active kernel version 5.15.0-191-generic
2026-09-24 17:18:09 Result: no reboot needed, active kernel is the same version as the one on disk
2026-09-24 17:18:09 Result: /var/cache/apt/archives/ does not exist
2026-09-24 17:18:09 Hardening: assigned maximum number of hardening points for this item (5). Currently having 15 points (out of 28)
2026-09-24 17:18:09 Security check: file is normal
2026-09-24 17:18:09 Checking permissions of /usr/share/lynis/include/tests_memory_processes
2026-09-24 17:18:09 File permissions are OK
2026-09-24 17:18:09 ====
2026-09-24 17:18:09 Action: Performing tests from category: Memory and Processes
2026-09-24 17:18:09 ====
2026-09-24 17:18:09 Performing test ID PROC-3602 (Checking /proc/meminfo for memory details)
2026-09-24 17:18:09 Result: found /proc/meminfo
2026-09-24 17:18:09 Result: Found 943136 kB memory
2026-09-24 17:18:09 ====
2026-09-24 17:18:09 Skipped test PROC-3604 (Query prtconf for memory details)
2026-09-24 17:18:09 Reason to skip: Incorrect guest OS (Solaris only)
2026-09-24 17:18:09 ====
2026-09-24 17:18:09 Performing test ID PROC-3612 (Check dead or zombie processes)
2026-09-24 17:18:09 Result: no zombie processes found
2026-09-24 17:18:09 ====
2026-09-24 17:18:09 Performing test ID PROC-3614 (Check heavy IO waiting based processes)
2026-09-24 17:18:09 Result: No processes were waiting for IO requests to be handled first
2026-09-24 17:18:09 ====
2026-09-24 17:18:09 Performing test ID PROC-3802 (Check presence of prelink tooling)
2026-09-24 17:18:09 Result: prelink package is NOT installed
2026-09-24 17:18:09 Hardening: assigned maximum number of hardening points for this item (3). Currently having 18 points (out of 31)
2026-09-24 17:18:09 Security check: file is normal
2026-09-24 17:18:09 Checking permissions of /usr/share/lynis/include/tests_authentication
2026-09-24 17:18:10 File permissions are OK
2026-09-24 17:18:10 ====
2026-09-24 17:18:10 Action: Performing tests from category: Users, Groups and Authentication
2026-09-24 17:18:10 ====
2026-09-24 17:18:10 Performing test ID AUTH-9204 (Check users with an UID of zero)
2026-09-24 17:18:10 Test: Searching accounts with UID 0
2026-09-24 17:18:10 Result: No accounts found with UID 0 other than root.
2026-09-24 17:18:10 ====
2026-09-24 17:18:10 Performing test ID AUTH-9208 (Check non-unique accounts in passwd file)
2026-09-24 17:18:10 Test: Checking for non-unique accounts
2026-09-24 17:18:10 Result: all accounts found in /etc/passwd are unique
2026-09-24 17:18:10 Remarks: Non unique UIDs can be a risk for the system or part of a configuration mistake
2026-09-24 17:18:10 Prerequisite test: /usr/sbin/chkgrp
2026-09-24 17:18:10 ====
2026-09-24 17:18:10 Skipped test AUTH-9212 (Test group file)
2026-09-24 17:18:10 Reason to skip: Prerequisites not met (ie missing tool, other type of Linux distribution)
2026-09-24 17:18:10 ====
2026-09-24 17:18:10 Performing test ID AUTH-9216 (Check group and shadow group files)
2026-09-24 17:18:10 Test: Checking for grpck binary output
2026-09-24 17:18:10 Result: grpck binary didn't find any errors in the group files
2026-09-24 17:18:10 ====
2026-09-24 17:18:10 Skipped test AUTH-9218 (Check login shells for passwordless accounts)
2026-09-24 17:18:10 Reason to skip: Incorrect guest OS (DragonFly FreeBSD NetBSD OpenBSD only)
2026-09-24 17:18:10 ====
2026-09-24 17:18:10 Performing test ID AUTH-9222 (Check unique groups (IDs))
2026-09-24 17:18:10 Test: Checking for non unique group ID's in /etc/group
2026-09-24 17:18:10 Result: All group ID's are unique
2026-09-24 17:18:10 ====
2026-09-24 17:18:10 Performing test ID AUTH-9226 (Check unique group names)
2026-09-24 17:18:10 Test: Checking for non unique group names in /etc/group
2026-09-24 17:18:10 Result: All group names are unique
2026-09-24 17:18:10 ====
2026-09-24 17:18:10 Performing test ID AUTH-9228 (Check password file consistency with pwck)
2026-09-24 17:18:10 Test: Checking password file consistency (pwck)
2026-09-24 17:18:10 Result: pwck check didn't find any problems
2026-09-24 17:18:10 Hardening: assigned maximum number of hardening points for this item (2). Currently having 20 points (out of 33)
2026-09-24 17:18:10 ====
2026-09-24 17:18:10 Performing test ID AUTH-9229 (Check password hashing methods)
2026-09-24 17:18:10 Test: Checking password hashing methods
2026-09-24 17:18:10 Result: poor password hashing methods found: sha256crypt/sha512crypt(default=5000rounds) 
2026-09-24 17:18:10 Suggestion: Check PAM configuration, add rounds if applicable and expire passwords to encrypt with new values [test:AUTH-9229] [details:-] [solution:-]
2026-09-24 17:18:10 Hardening: assigned partial number of hardening points (0 of 2). Currently having 20 points (out of 35)
2026-09-24 17:18:10 ====
2026-09-24 17:18:10 Performing test ID AUTH-9230 (Check password hashing rounds)
2026-09-24 17:18:10 Test: Checking SHA_CRYPT_{MIN,MAX}_ROUNDS option in /etc/login.defs
2026-09-24 17:18:10 Result: number of password hashing rounds is not configured
2026-09-24 17:18:10 Suggestion: Configure password hashing rounds in /etc/login.defs [test:AUTH-9230] [details:-] [solution:-]
2026-09-24 17:18:10 Hardening: assigned partial number of hardening points (0 of 2). Currently having 20 points (out of 37)
2026-09-24 17:18:10 ====
2026-09-24 17:18:10 Performing test ID AUTH-9234 (Query user accounts)
2026-09-24 17:18:10 Test: Read system users (including root user) from password database (e.g. /etc/passwd)
2026-09-24 17:18:10 Result: found minimal user id specified: 1000
2026-09-24 17:18:10 Linux real users output (ID = 0, or 1000+, but not 65534):
2026-09-24 17:18:10 Real user: root,0
2026-09-24 17:18:10 Real user: esteban,1000
2026-09-24 17:18:10 Real user: gonzales,1001
2026-09-24 17:18:10 Real user: arena,1002
2026-09-24 17:18:10 ====
2026-09-24 17:18:10 Performing test ID AUTH-9240 (Query NIS+ authentication support)
2026-09-24 17:18:10 Result: NIS+ authentication not enabled
2026-09-24 17:18:10 ====
2026-09-24 17:18:10 Performing test ID AUTH-9242 (Query NIS authentication support)
2026-09-24 17:18:10 Result: NIS authentication not enabled
2026-09-24 17:18:10 ====
2026-09-24 17:18:10 Performing test ID AUTH-9250 (Checking sudoers file)
2026-09-24 17:18:10 Test: checking presence /etc/sudoers
2026-09-24 17:18:10 Result: found file (/etc/sudoers)
2026-09-24 17:18:10 Test: checking presence /usr/local/etc/sudoers
2026-09-24 17:18:10 Result: file /usr/local/etc/sudoers not found
2026-09-24 17:18:10 Test: checking presence /usr/pkg/etc/sudoers
2026-09-24 17:18:10 Result: file /usr/pkg/etc/sudoers not found
2026-09-24 17:18:10 Result: sudoers file found (/etc/sudoers)
2026-09-24 17:18:10 ====
2026-09-24 17:18:10 Performing test ID AUTH-9252 (Check ownership and permissions for sudo configuration files)
2026-09-24 17:18:10 Test: checking drop-in directory (/etc/sudoers.d)
2026-09-24 17:18:10 Result: Found directory permissions: rwxr-xr-x and owner UID GID: 00
2026-09-24 17:18:10 Result: directory /etc/sudoers.d has possibly unsafe permissions
2026-09-24 17:18:10 Result: directory /etc/sudoers.d ownership OK
2026-09-24 17:18:10 Test: checking file (/etc/sudoers)
2026-09-24 17:18:10 Result: Found file permissions: r--r----- and owner UID GID: 00
2026-09-24 17:18:10 Result: file /etc/sudoers permissions OK
2026-09-24 17:18:10 Result: file /etc/sudoers ownership OK
2026-09-24 17:18:10 Test: checking file (/etc/sudoers.d/README)
2026-09-24 17:18:10 Result: Found file permissions: r--r----- and owner UID GID: 00
2026-09-24 17:18:10 Result: file /etc/sudoers.d/README permissions OK
2026-09-24 17:18:10 Result: file /etc/sudoers.d/README ownership OK
2026-09-24 17:18:10 ====
2026-09-24 17:18:10 Skipped test AUTH-9254 (Solaris passwordless accounts)
2026-09-24 17:18:10 Reason to skip: Incorrect guest OS (Solaris only)
2026-09-24 17:18:10 ====
2026-09-24 17:18:10 Performing test ID AUTH-9262 (Checking presence password strength testing tools (PAM))
2026-09-24 17:18:10 Searching PAM password testing modules (cracklib, passwdqc, pwquality)
2026-09-24 17:18:10 Result: pam_cracklib.so NOT found (crack library PAM)
2026-09-24 17:18:10 Result: pam_passwdqc.so NOT found (passwd quality control PAM)
2026-09-24 17:18:10 Result: pam_pwquality.so NOT found (pwquality control PAM)
2026-09-24 17:18:10 Result: no PAM modules for password strength testing found
2026-09-24 17:18:10 Suggestion: Install a PAM module for password strength testing like pam_cracklib or pam_passwdqc [test:AUTH-9262] [details:-] [solution:-]
2026-09-24 17:18:10 Hardening: assigned partial number of hardening points (0 of 3). Currently having 20 points (out of 40)
2026-09-24 17:18:10 ====
2026-09-24 17:18:10 Performing test ID AUTH-9264 (Checking presence pam.conf)
2026-09-24 17:18:10 Test: Checking file /etc/pam.conf
2026-09-24 17:18:10 Result: file /etc/pam.conf exists
2026-09-24 17:18:10 Test: searching PAM configuration files
2026-09-24 17:18:10 Result: File has no configuration options defined (empty, or only filled with comments and empty lines)
2026-09-24 17:18:10 ====
2026-09-24 17:18:10 Performing test ID AUTH-9266 (Checking presence pam.d files)
2026-09-24 17:18:10 Test: Checking directory /etc/pam.d
2026-09-24 17:18:10 Result: directory /etc/pam.d exists
2026-09-24 17:18:10 Test: searching PAM configuration files
2026-09-24 17:18:10 Found file: /etc/pam.d/chfn
2026-09-24 17:18:10 Found file: /etc/pam.d/chpasswd
2026-09-24 17:18:10 Found file: /etc/pam.d/chsh
2026-09-24 17:18:10 Found file: /etc/pam.d/common-account
2026-09-24 17:18:10 Found file: /etc/pam.d/common-auth
2026-09-24 17:18:10 Found file: /etc/pam.d/common-password
2026-09-24 17:18:10 Found file: /etc/pam.d/common-session
2026-09-24 17:18:10 Found file: /etc/pam.d/common-session-noninteractive
2026-09-24 17:18:10 Found file: /etc/pam.d/cron
2026-09-24 17:18:10 Found file: /etc/pam.d/login
2026-09-24 17:18:10 Found file: /etc/pam.d/newusers
2026-09-24 17:18:10 Found file: /etc/pam.d/other
2026-09-24 17:18:10 Found file: /etc/pam.d/passwd
2026-09-24 17:18:10 Found file: /etc/pam.d/runuser
2026-09-24 17:18:10 Found file: /etc/pam.d/runuser-l
2026-09-24 17:18:10 Found file: /etc/pam.d/sshd
2026-09-24 17:18:10 Found file: /etc/pam.d/su
2026-09-24 17:18:10 Found file: /etc/pam.d/su-l
2026-09-24 17:18:10 Found file: /etc/pam.d/sudo
2026-09-24 17:18:10 Found file: /etc/pam.d/sudo-i
2026-09-24 17:18:10 Found file: /etc/pam.d/webmin
2026-09-24 17:18:10 ====
2026-09-24 17:18:10 Performing test ID AUTH-9268 (Checking presence pam.d files)
2026-09-24 17:18:10 Test: Searching pam modules
2026-09-24 17:18:10 Test: Checking /lib/arm-linux-gnueabihf/security
2026-09-24 17:18:10 Result: directory /lib/arm-linux-gnueabihf/security could not be found or is a symlink to another directory
2026-09-24 17:18:10 Test: Checking /lib/i386-linux-gnu/security
2026-09-24 17:18:10 Result: directory /lib/i386-linux-gnu/security could not be found or is a symlink to another directory
2026-09-24 17:18:10 Test: Checking /lib/security
2026-09-24 17:18:10 Result: directory /lib/security could not be found or is a symlink to another directory
2026-09-24 17:18:10 Test: Checking /lib/x86_64-linux-gnu/security
2026-09-24 17:18:10 Result: directory /lib/x86_64-linux-gnu/security exists
2026-09-24 17:18:10 Found file: /lib/x86_64-linux-gnu/security/pam_access.so
2026-09-24 17:18:10 Found file: /lib/x86_64-linux-gnu/security/pam_debug.so
2026-09-24 17:18:10 Found file: /lib/x86_64-linux-gnu/security/pam_deny.so
2026-09-24 17:18:10 Found file: /lib/x86_64-linux-gnu/security/pam_echo.so
2026-09-24 17:18:10 Found file: /lib/x86_64-linux-gnu/security/pam_env.so
2026-09-24 17:18:10 Found file: /lib/x86_64-linux-gnu/security/pam_exec.so
2026-09-24 17:18:10 Found file: /lib/x86_64-linux-gnu/security/pam_extrausers.so
2026-09-24 17:18:10 Found file: /lib/x86_64-linux-gnu/security/pam_faildelay.so
2026-09-24 17:18:10 Found file: /lib/x86_64-linux-gnu/security/pam_faillock.so
2026-09-24 17:18:10 Found file: /lib/x86_64-linux-gnu/security/pam_filter.so
2026-09-24 17:18:10 Found file: /lib/x86_64-linux-gnu/security/pam_ftp.so
2026-09-24 17:18:10 Found file: /lib/x86_64-linux-gnu/security/pam_group.so
2026-09-24 17:18:10 Found file: /lib/x86_64-linux-gnu/security/pam_issue.so
2026-09-24 17:18:10 Found file: /lib/x86_64-linux-gnu/security/pam_keyinit.so
2026-09-24 17:18:10 Found file: /lib/x86_64-linux-gnu/security/pam_lastlog.so
2026-09-24 17:18:10 Found file: /lib/x86_64-linux-gnu/security/pam_limits.so
2026-09-24 17:18:10 Found file: /lib/x86_64-linux-gnu/security/pam_listfile.so
2026-09-24 17:18:10 Found file: /lib/x86_64-linux-gnu/security/pam_localuser.so
2026-09-24 17:18:10 Found file: /lib/x86_64-linux-gnu/security/pam_loginuid.so
2026-09-24 17:18:10 Found file: /lib/x86_64-linux-gnu/security/pam_mail.so
2026-09-24 17:18:10 Found file: /lib/x86_64-linux-gnu/security/pam_mkhomedir.so
2026-09-24 17:18:10 Found file: /lib/x86_64-linux-gnu/security/pam_motd.so
2026-09-24 17:18:10 Found file: /lib/x86_64-linux-gnu/security/pam_namespace.so
2026-09-24 17:18:10 Found file: /lib/x86_64-linux-gnu/security/pam_nologin.so
2026-09-24 17:18:10 Found file: /lib/x86_64-linux-gnu/security/pam_permit.so
2026-09-24 17:18:10 Found file: /lib/x86_64-linux-gnu/security/pam_pwhistory.so
2026-09-24 17:18:10 Found file: /lib/x86_64-linux-gnu/security/pam_rhosts.so
2026-09-24 17:18:10 Found file: /lib/x86_64-linux-gnu/security/pam_rootok.so
2026-09-24 17:18:10 Found file: /lib/x86_64-linux-gnu/security/pam_securetty.so
2026-09-24 17:18:10 Found file: /lib/x86_64-linux-gnu/security/pam_selinux.so
2026-09-24 17:18:10 Found file: /lib/x86_64-linux-gnu/security/pam_sepermit.so
2026-09-24 17:18:10 Found file: /lib/x86_64-linux-gnu/security/pam_setquota.so
2026-09-24 17:18:10 Found file: /lib/x86_64-linux-gnu/security/pam_shells.so
2026-09-24 17:18:10 Found file: /lib/x86_64-linux-gnu/security/pam_stress.so
2026-09-24 17:18:10 Found file: /lib/x86_64-linux-gnu/security/pam_succeed_if.so
2026-09-24 17:18:10 Found file: /lib/x86_64-linux-gnu/security/pam_time.so
2026-09-24 17:18:10 Found file: /lib/x86_64-linux-gnu/security/pam_timestamp.so
2026-09-24 17:18:10 Found file: /lib/x86_64-linux-gnu/security/pam_tty_audit.so
2026-09-24 17:18:10 Found file: /lib/x86_64-linux-gnu/security/pam_umask.so
2026-09-24 17:18:10 Found file: /lib/x86_64-linux-gnu/security/pam_unix.so
2026-09-24 17:18:10 Found file: /lib/x86_64-linux-gnu/security/pam_userdb.so
2026-09-24 17:18:10 Found file: /lib/x86_64-linux-gnu/security/pam_usertype.so
2026-09-24 17:18:10 Found file: /lib/x86_64-linux-gnu/security/pam_warn.so
2026-09-24 17:18:10 Found file: /lib/x86_64-linux-gnu/security/pam_wheel.so
2026-09-24 17:18:10 Found file: /lib/x86_64-linux-gnu/security/pam_xauth.so
2026-09-24 17:18:10 Test: Checking /lib64/security
2026-09-24 17:18:10 Result: directory /lib64/security could not be found or is a symlink to another directory
2026-09-24 17:18:10 Test: Checking /usr/lib
2026-09-24 17:18:10 Result: directory /usr/lib exists
2026-09-24 17:18:10 Test: Checking /usr/lib/security
2026-09-24 17:18:10 Result: directory /usr/lib/security could not be found or is a symlink to another directory
2026-09-24 17:18:10 ====
2026-09-24 17:18:10 Performing test ID AUTH-9278 (Determine LDAP support in PAM files)
2026-09-24 17:18:10 Test: checking presence /etc/pam.d/common-auth
2026-09-24 17:18:10 Result: file /etc/pam.d/common-auth exists
2026-09-24 17:18:10 Test: checking presence LDAP module
2026-09-24 17:18:10 Result: LDAP module not found
2026-09-24 17:18:10 Test: checking presence /etc/pam.d/system-auth
2026-09-24 17:18:10 Result: file /etc/pam.d/system-auth not found, skipping test
2026-09-24 17:18:10 ====
2026-09-24 17:18:10 Performing test ID AUTH-9282 (Checking password protected account without expire date)
2026-09-24 17:18:10 Test: Checking Linux version and password expire date status
2026-09-24 17:18:10 Result: found one or more accounts without expire date set
2026-09-24 17:18:10 Account without expire date: root
2026-09-24 17:18:10 Account without expire date: esteban
2026-09-24 17:18:10 Account without expire date: gonzales
2026-09-24 17:18:10 Account without expire date: arena
2026-09-24 17:18:10 Suggestion: When possible set expire dates for all password protected accounts [test:AUTH-9282] [details:-] [solution:-]
2026-09-24 17:18:10 ====
2026-09-24 17:18:10 Performing test ID AUTH-9283 (Checking accounts without password)
2026-09-24 17:18:10 Test: Checking passwordless accounts
2026-09-24 17:18:10 Result: all accounts seem to have a password
2026-09-24 17:18:10 ====
2026-09-24 17:18:10 Performing test ID AUTH-9284 (Check locked user accounts in /etc/passwd)
2026-09-24 17:18:10 Test: Checking locked accounts
2026-09-24 17:18:10 Result: all accounts seem to be unlocked
2026-09-24 17:18:10 ====
2026-09-24 17:18:10 Performing test ID AUTH-9286 (Checking user password aging)
2026-09-24 17:18:10 Test: Checking PASS_MIN_DAYS option in /etc/login.defs
2026-09-24 17:18:10 Result: password minimum age is not configured
2026-09-24 17:18:10 Suggestion: Configure minimum password age in /etc/login.defs [test:AUTH-9286] [details:-] [solution:-]
2026-09-24 17:18:10 Hardening: assigned partial number of hardening points (0 of 1). Currently having 20 points (out of 41)
2026-09-24 17:18:10 Test: Checking PASS_MAX_DAYS option in /etc/login.defs 
2026-09-24 17:18:10 Result: password aging limits are not configured
2026-09-24 17:18:10 Suggestion: Configure maximum password age in /etc/login.defs [test:AUTH-9286] [details:-] [solution:-]
2026-09-24 17:18:10 Hardening: assigned partial number of hardening points (0 of 1). Currently having 20 points (out of 42)
2026-09-24 17:18:10 ====
2026-09-24 17:18:10 Performing test ID AUTH-9288 (Checking for expired passwords)
2026-09-24 17:18:10 Test: check if we can access /etc/shadow (escaped: /etc/shadow)
2026-09-24 17:18:10 Result: file is owned by our current user ID (0), checking if it is readable
2026-09-24 17:18:10 Result: file /etc/shadow is readable (or directory accessible).
2026-09-24 17:18:10 Data: Days since epoch is 20720
2026-09-24 17:18:10 Test: collecting accounts which have an expired password (last day changed + maximum change time)
2026-09-24 17:18:10 Result: good, no passwords have been expired
2026-09-24 17:18:10 Hardening: assigned maximum number of hardening points for this item (10). Currently having 30 points (out of 52)
2026-09-24 17:18:10 ====
2026-09-24 17:18:10 Skipped test AUTH-9304 (Check single user login configuration)
2026-09-24 17:18:10 Reason to skip: Incorrect guest OS (Solaris only)
2026-09-24 17:18:10 ====
2026-09-24 17:18:10 Skipped test AUTH-9306 (Check single boot authentication)
2026-09-24 17:18:10 Reason to skip: Incorrect guest OS (HP-UX only)
2026-09-24 17:18:10 ====
2026-09-24 17:18:10 Performing test ID AUTH-9308 (Check single user login configuration)
2026-09-24 17:18:10 Test: going to check several systemd targets now
2026-09-24 17:18:10 Test: checking if target console-shell.service is available (/lib/systemd/system/console-shell.service)
2026-09-24 17:18:10 Result: target console-shell.service not found
2026-09-24 17:18:10 Test: checking if target emergency.service is available (/lib/systemd/system/emergency.service)
2026-09-24 17:18:10 Result: found target emergency.service
2026-09-24 17:18:10 Result: sulogin was found, which is a good measure to protect single user mode
2026-09-24 17:18:10 Test: checking if target rescue.service is available (/lib/systemd/system/rescue.service)
2026-09-24 17:18:10 Result: found target rescue.service
2026-09-24 17:18:10 Result: sulogin was found, which is a good measure to protect single user mode
2026-09-24 17:18:10 Result: option set, password is needed at single user mode boot
2026-09-24 17:18:10 Hardening: assigned maximum number of hardening points for this item (2). Currently having 32 points (out of 54)
2026-09-24 17:18:10 ====
2026-09-24 17:18:10 Performing test ID AUTH-9328 (Default umask values)
2026-09-24 17:18:10 Test: Checking /etc/profile.d directory
2026-09-24 17:18:10 Result: found /etc/profile.d, with one or more files in it
2026-09-24 17:18:10 Test: Checking /etc/profile
2026-09-24 17:18:10 Result: file /etc/profile exists
2026-09-24 17:18:10 Test: Checking umask value in /etc/profile
2026-09-24 17:18:10 Result: did not find umask in /etc/profile
2026-09-24 17:18:10 Result: found no umask. Please check if this is correct
2026-09-24 17:18:10 Test: Checking umask entries in /etc/passwd (pam_umask)
2026-09-24 17:18:10 Result: file /etc/passwd exists
2026-09-24 17:18:10 Test: Checking umask value in /etc/passwd
2026-09-24 17:18:10 Manual: one or more manual actions are required for further testing of this control/plugin
2026-09-24 17:18:10 Test: Checking /etc/login.defs
2026-09-24 17:18:10 Result: file /etc/login.defs exists
2026-09-24 17:18:10 Test: Checking umask value in /etc/login.defs
2026-09-24 17:18:10 Result: found umask 022, which could be improved
2026-09-24 17:18:10 Suggestion: Default umask in /etc/login.defs could be more strict like 027 [test:AUTH-9328] [details:-] [solution:-]
2026-09-24 17:18:10 Hardening: assigned partial number of hardening points (0 of 2). Currently having 32 points (out of 56)
2026-09-24 17:18:10 Test: Checking /etc/init.d/functions
2026-09-24 17:18:10 Result: file /etc/init.d/functions does not exist
2026-09-24 17:18:10 Test: Checking /etc/init.d/rc
2026-09-24 17:18:10 Result: file /etc/init.d/rc does not exist
2026-09-24 17:18:10 Test: Checking /etc/init.d/rcS
2026-09-24 17:18:10 Result: file /etc/init.d/rcS does not exist
2026-09-24 17:18:10 ====
2026-09-24 17:18:10 Skipped test AUTH-9340 (Solaris account locking)
2026-09-24 17:18:10 Reason to skip: Incorrect guest OS (Solaris only)
2026-09-24 17:18:10 ====
2026-09-24 17:18:10 Performing test ID AUTH-9402 (Query LDAP authentication support)
2026-09-24 17:18:10 Result: LDAP authentication not enabled
2026-09-24 17:18:10 ====
2026-09-24 17:18:10 Skipped test AUTH-9406 (Query LDAP servers in client configuration)
2026-09-24 17:18:10 Reason to skip: Prerequisites not met (ie missing tool, other type of Linux distribution)
2026-09-24 17:18:10 ====
2026-09-24 17:18:10 Performing test ID AUTH-9408 (Logging of failed login attempts)
2026-09-24 17:18:10 Result: did not find /var/log/tallylog on disk or its file size is zero bytes
2026-09-24 17:18:10 Outcome: it looks like pam_tally2 is not configured to log failed login attempts
2026-09-24 17:18:10 Test: Checking FAILLOG_ENAB option in /etc/login.defs 
2026-09-24 17:18:10 Result: FAILLOG_ENAB is set to 'yes'
2026-09-24 17:18:10 Outcome: failed login attempts are logged in /var/log/faillog
2026-09-24 17:18:10 Hardening: assigned maximum number of hardening points for this item (3). Currently having 35 points (out of 59)
2026-09-24 17:18:10 ====
2026-09-24 17:18:10 Skipped test AUTH-9409 (Checking /etc/doas.conf file)
2026-09-24 17:18:10 Reason to skip: Incorrect guest OS (OpenBSD only)
2026-09-24 17:18:10 ====
2026-09-24 17:18:10 Skipped test AUTH-9410 (Check /etc/doas.conf file permissions)
2026-09-24 17:18:10 Reason to skip: Incorrect guest OS (OpenBSD only)
2026-09-24 17:18:10 Security check: file is normal
2026-09-24 17:18:10 Checking permissions of /usr/share/lynis/include/tests_shells
2026-09-24 17:18:10 File permissions are OK
2026-09-24 17:18:10 ====
2026-09-24 17:18:10 Action: Performing tests from category: Shells
2026-09-24 17:18:10 ====
2026-09-24 17:18:10 Skipped test SHLL-6202 (Check console TTYs)
2026-09-24 17:18:10 Reason to skip: Incorrect guest OS (FreeBSD only)
2026-09-24 17:18:10 ====
2026-09-24 17:18:10 Performing test ID SHLL-6211 (Available and valid shells)
2026-09-24 17:18:10 Test: Searching for /etc/shells
2026-09-24 17:18:10 Result: Found /etc/shells file
2026-09-24 17:18:10 Test: Reading available shells from /etc/shells
2026-09-24 17:18:10 Found installed shell: /bin/sh
2026-09-24 17:18:10 Found installed shell: /bin/bash
2026-09-24 17:18:10 Found installed shell: /usr/bin/bash
2026-09-24 17:18:10 Found installed shell: /bin/rbash
2026-09-24 17:18:10 Found installed shell: /usr/bin/rbash
2026-09-24 17:18:10 Found installed shell: /usr/bin/sh
2026-09-24 17:18:10 Found installed shell: /bin/dash
2026-09-24 17:18:10 Found installed shell: /usr/bin/dash
2026-09-24 17:18:10 Found installed shell: /usr/bin/screen
2026-09-24 17:18:10 ====
2026-09-24 17:18:10 Performing test ID SHLL-6220 (Idle session killing tools or settings)
2026-09-24 17:18:10 Test: Search for session timeout tools or settings in shell
2026-09-24 17:18:10 Performing pgrep scan without uid
2026-09-24 17:18:10 IsRunning: process 'timeoutd' not found
2026-09-24 17:18:10 Performing pgrep scan without uid
2026-09-24 17:18:10 IsRunning: process 'autolog' not found
2026-09-24 17:18:10 Result: could not find TMOUT setting in /etc/profile
2026-09-24 17:18:10 Result: could not find export, readonly or typeset -r in /etc/profile
2026-09-24 17:18:10 Result: could not find TMOUT setting in /etc/profile.d/*.sh
2026-09-24 17:18:10 Result: could not find export, readonly or typeset -r in /etc/profile
2026-09-24 17:18:10 Hardening: assigned partial number of hardening points (1 of 3). Currently having 36 points (out of 62)
2026-09-24 17:18:10 ====
2026-09-24 17:18:10 Performing test ID SHLL-6230 (Perform umask check for shell configurations)
2026-09-24 17:18:10 Result: file /etc/bashrc not found
2026-09-24 17:18:10 Result: file /etc/bash.bashrc exists
2026-09-24 17:18:10 Result: did not find umask configured in /etc/bash.bashrc
2026-09-24 17:18:10 Result: file /etc/bash.bashrc.local not found
2026-09-24 17:18:10 Result: file /etc/csh.cshrc not found
2026-09-24 17:18:10 Result: file /etc/profile exists
2026-09-24 17:18:10 Result: did not find umask configured in /etc/profile
2026-09-24 17:18:10 Security check: file is normal
2026-09-24 17:18:10 Checking permissions of /usr/share/lynis/include/tests_filesystems
2026-09-24 17:18:10 File permissions are OK
2026-09-24 17:18:10 ====
2026-09-24 17:18:10 Action: Performing tests from category: File systems
2026-09-24 17:18:10 ====
2026-09-24 17:18:10 Performing test ID FILE-6310 (Checking /tmp, /home and /var directory)
2026-09-24 17:18:10 Test: Checking if /home is mounted separately or mounted on / file system
2026-09-24 17:18:10 Result: directory /home exists
2026-09-24 17:18:10 Result: /home not found in mount list. Directory most likely stored on / file system
2026-09-24 17:18:10 Suggestion: To decrease the impact of a full /home file system, place /home on a separate partition [test:FILE-6310] [details:-] [solution:-]
2026-09-24 17:18:10 Hardening: assigned partial number of hardening points (9 of 10). Currently having 45 points (out of 72)
2026-09-24 17:18:10 Test: Checking if /tmp is mounted separately or mounted on / file system
2026-09-24 17:18:10 Result: directory /tmp exists
2026-09-24 17:18:10 Result: /tmp not found in mount list. Directory most likely stored on / file system
2026-09-24 17:18:10 Suggestion: To decrease the impact of a full /tmp file system, place /tmp on a separate partition [test:FILE-6310] [details:-] [solution:-]
2026-09-24 17:18:10 Hardening: assigned partial number of hardening points (9 of 10). Currently having 54 points (out of 82)
2026-09-24 17:18:10 Test: Checking if /var is mounted separately or mounted on / file system
2026-09-24 17:18:10 Result: directory /var exists
2026-09-24 17:18:10 Result: /var not found in mount list. Directory most likely stored on / file system
2026-09-24 17:18:10 Suggestion: To decrease the impact of a full /var file system, place /var on a separate partition [test:FILE-6310] [details:-] [solution:-]
2026-09-24 17:18:10 Hardening: assigned partial number of hardening points (9 of 10). Currently having 63 points (out of 92)
2026-09-24 17:18:10 ====
2026-09-24 17:18:10 Skipped test FILE-6311 (Checking LVM volume groups)
2026-09-24 17:18:10 Reason to skip: Prerequisites not met (ie missing tool, other type of Linux distribution)
2026-09-24 17:18:10 ====
2026-09-24 17:18:10 Skipped test FILE-6312 (Checking LVM volumes)
2026-09-24 17:18:10 Reason to skip: Prerequisites not met (ie missing tool, other type of Linux distribution)
2026-09-24 17:18:10 ====
2026-09-24 17:18:10 Performing test ID FILE-6323 (Checking EXT file systems)
2026-09-24 17:18:10 Test: Checking for Linux EXT file systems
2026-09-24 17:18:10 Result: found one or more EXT file systems
2026-09-24 17:18:10 File system: / (type: ext4)
2026-09-24 17:18:10 ====
2026-09-24 17:18:10 Performing test ID FILE-6324 (Checking XFS file systems)
2026-09-24 17:18:10 Test: Checking for Linux XFS file systems
2026-09-24 17:18:10 Result: no XFS file systems found
2026-09-24 17:18:10 ====
2026-09-24 17:18:10 Performing test ID FILE-6329 (Checking FFS/UFS file systems)
2026-09-24 17:18:10 Test: Query /etc/fstab for available FFS/UFS mount points
2026-09-24 17:18:10 Result: unable to find any single mount point (FFS/UFS)
2026-09-24 17:18:10 ====
2026-09-24 17:18:10 Skipped test FILE-6330 (Checking ZFS file systems)
2026-09-24 17:18:10 Reason to skip: Incorrect guest OS (FreeBSD only)
2026-09-24 17:18:10 ====
2026-09-24 17:18:10 Skipped test FILE-6439 (Checking HAMMER PFS mounts)
2026-09-24 17:18:10 Reason to skip: Incorrect guest OS (DragonFly only)
2026-09-24 17:18:10 ====
2026-09-24 17:18:10 Performing test ID FILE-6332 (Checking swap partitions)
2026-09-24 17:18:10 Test: query swap partitions from /etc/fstab file
2026-09-24 17:18:10 Swap partition found: /swap.img
2026-09-24 17:18:10 ====
2026-09-24 17:18:10 Performing test ID FILE-6336 (Checking swap mount options)
2026-09-24 17:18:10 Test: check swap partitions with incorrect mount options
2026-09-24 17:18:10 Result: all swap partitions have correct options (sw or swap)
2026-09-24 17:18:10 ====
2026-09-24 17:18:10 Performing test ID FILE-6344 (Checking proc mount options)
2026-09-24 17:18:10 Test: check proc mount with incorrect mount options
2026-09-24 17:18:10 Hardening: assigned partial number of hardening points (0 of 3). Currently having 63 points (out of 95)
2026-09-24 17:18:10 Result: /proc filesystem is not mounted with option hidepid=1 or hidepid=2
2026-09-24 17:18:10 ====
2026-09-24 17:18:10 Performing test ID FILE-6354 (Searching for old files in /tmp)
2026-09-24 17:18:10 Test: Searching for old files in /tmp
2026-09-24 17:18:10 Result: no files found in /tmp which are older than 3 months
2026-09-24 17:18:10 ====
2026-09-24 17:18:10 Performing test ID FILE-6362 (Checking /tmp sticky bit)
2026-09-24 17:18:10 Result: sticky bit found on /tmp directory
2026-09-24 17:18:10 Hardening: assigned maximum number of hardening points for this item (3). Currently having 66 points (out of 98)
2026-09-24 17:18:10 ====
2026-09-24 17:18:10 Performing test ID FILE-6363 (Checking /var/tmp sticky bit)
2026-09-24 17:18:10 Result: sticky bit found on /var/tmp directory
2026-09-24 17:18:10 Hardening: assigned maximum number of hardening points for this item (3). Currently having 69 points (out of 101)
2026-09-24 17:18:10 ====
2026-09-24 17:18:10 Performing test ID FILE-6368 (Checking ACL support on root file system)
2026-09-24 17:18:10 Test: Checking acl option on ext[2-4] root file system
2026-09-24 17:18:10 Result: mount point probably mounted with defaults
2026-09-24 17:18:10 Test: Checking device which holds root file system
2026-09-24 17:18:10 Result: found /dev/vda3
2026-09-24 17:18:10 Test: Checking default options on /dev/vda3
2026-09-24 17:18:10 Result: found ACL option in default mount options
2026-09-24 17:18:10 Test: Checking acl option on xfs root file system
2026-09-24 17:18:10 Result: ACL option enabled on root file system
2026-09-24 17:18:10 Hardening: assigned maximum number of hardening points for this item (3). Currently having 72 points (out of 104)
2026-09-24 17:18:10 ====
2026-09-24 17:18:10 Performing test ID FILE-6372 (Checking / mount options)
2026-09-24 17:18:10 Result: mount system / is configured with options: defaults
2026-09-24 17:18:10 ====
2026-09-24 17:18:10 Performing test ID FILE-6374 (Linux mount options)
2026-09-24 17:18:10 Result: file system /boot not found in /etc/fstab
2026-09-24 17:18:10 File system:    /dev
2026-09-24 17:18:10 Expected flags: noexec nosuid
2026-09-24 17:18:10 Found flags:    (rw nosuid relatime size=455732k nr_inodes=113933 mode=755 inode64) 
2026-09-24 17:18:10 Result: Could not find mount option noexec on file system /dev
2026-09-24 17:18:10 Result: GOOD, found mount option nosuid on file system /dev
2026-09-24 17:18:10 Result: marked /dev as partially hardened
2026-09-24 17:18:10 Hardening: assigned partial number of hardening points (4 of 5). Currently having 76 points (out of 109)
2026-09-24 17:18:10 File system:    /dev/shm
2026-09-24 17:18:10 Expected flags: nosuid nodev noexec
2026-09-24 17:18:10 Found flags:    (rw nosuid nodev inode64) 
2026-09-24 17:18:10 Result: GOOD, found mount option nosuid on file system /dev/shm
2026-09-24 17:18:10 Result: GOOD, found mount option nodev on file system /dev/shm
2026-09-24 17:18:10 Result: Could not find mount option noexec on file system /dev/shm
2026-09-24 17:18:10 Result: marked /dev/shm as partially hardened
2026-09-24 17:18:10 Hardening: assigned partial number of hardening points (4 of 5). Currently having 80 points (out of 114)
2026-09-24 17:18:10 Result: file system /home not found in /etc/fstab
2026-09-24 17:18:10 File system:    /run
2026-09-24 17:18:10 Expected flags: nodev nosuid
2026-09-24 17:18:10 Found flags:    (rw nosuid nodev noexec relatime size=94316k mode=755 inode64) 
2026-09-24 17:18:10 Result: GOOD, found mount option nodev on file system /run
2026-09-24 17:18:10 Result: GOOD, found mount option nosuid on file system /run
2026-09-24 17:18:10 Result: marked /run as fully hardened
2026-09-24 17:18:10 Hardening: assigned maximum number of hardening points for this item (5). Currently having 85 points (out of 119)
2026-09-24 17:18:10 Result: file system /tmp not found in /etc/fstab
2026-09-24 17:18:10 Result: file system /var not found in /etc/fstab
2026-09-24 17:18:10 Result: file system /var/log not found in /etc/fstab
2026-09-24 17:18:10 Result: file system /var/log/audit not found in /etc/fstab
2026-09-24 17:18:10 Result: file system /var/tmp not found in /etc/fstab
2026-09-24 17:18:10 Result: Total without nodev:6 noexec:6 nosuid:4 ro or noexec (W^X): 6, of total 23
2026-09-24 17:18:10 ====
2026-09-24 17:18:10 Performing test ID FILE-6376 (Determine if /var/tmp is bound to /tmp)
2026-09-24 17:18:10 Result: no mount point /var/tmp or expected options found
2026-09-24 17:18:10 ====
2026-09-24 17:18:10 Performing test ID FILE-6394 (Determine level of swappiness.)
2026-09-24 17:18:10 Test: checking level of vm.swappiness: 10
2026-09-24 17:18:10 Result: vm.swappiness=10 which is the preferred setting for database servers.
2026-09-24 17:18:10 ====
2026-09-24 17:18:10 Skipped test FILE-6410 (Checking Locate database)
2026-09-24 17:18:10 Reason to skip: Prerequisites not met (ie missing tool, other type of Linux distribution)
2026-09-24 17:18:10 ====
2026-09-24 17:18:10 Performing test ID FILE-6430 (Disable mounting of some filesystems)
2026-09-24 17:18:10 Hardening: assigned maximum number of hardening points for this item (3). Currently having 88 points (out of 122)
2026-09-24 17:18:10 Hardening: assigned maximum number of hardening points for this item (3). Currently having 91 points (out of 125)
2026-09-24 17:18:10 Hardening: assigned maximum number of hardening points for this item (3). Currently having 94 points (out of 128)
2026-09-24 17:18:10 Hardening: assigned maximum number of hardening points for this item (3). Currently having 97 points (out of 131)
2026-09-24 17:18:10 Hardening: assigned maximum number of hardening points for this item (3). Currently having 100 points (out of 134)
2026-09-24 17:18:10 Hardening: assigned maximum number of hardening points for this item (3). Currently having 103 points (out of 137)
2026-09-24 17:18:10 Result: found udf support in the kernel (output = insmod /lib/modules/5.15.0-191-generic/kernel/fs/udf/udf.ko )
2026-09-24 17:18:10 Test: Checking if udf is active
2026-09-24 17:18:10 Result: module udf is currently not loaded in the kernel.
2026-09-24 17:18:10 Hardening: assigned partial number of hardening points (2 of 3). Currently having 105 points (out of 140)
2026-09-24 17:18:10 Security check: file is normal
2026-09-24 17:18:10 Checking permissions of /usr/share/lynis/include/tests_usb
2026-09-24 17:18:10 File permissions are OK
2026-09-24 17:18:11 ====
2026-09-24 17:18:11 Action: Performing tests from category: USB Devices
2026-09-24 17:18:11 ====
2026-09-24 17:18:11 Performing test ID USB-1000 (Check if USB storage is disabled)
2026-09-24 17:18:11 Test: Checking USB storage driver in directory /etc/modprobe.d and configuration file /etc/modprobe.conf
2026-09-24 17:18:11 Result: usb-storage driver is not explicitly disabled
2026-09-24 17:18:11 Suggestion: Disable drivers like USB storage when not used, to prevent unauthorized storage or data theft [test:USB-1000] [details:-] [solution:-]
2026-09-24 17:18:11 Hardening: assigned partial number of hardening points (2 of 3). Currently having 107 points (out of 143)
2026-09-24 17:18:11 ====
2026-09-24 17:18:11 Performing test ID USB-2000 (Check USB authorizations)
2026-09-24 17:18:11 Test: checking presence of USB devices path (/sys/bus/usb/devices)
2026-09-24 17:18:11 Test: Checking USB devices authorization to connect to the system
2026-09-24 17:18:11 Test: /sys/bus/usb/devices/usb1 is authorized by default (authorized_default=1)
2026-09-24 17:18:11 Test: /sys/bus/usb/devices/usb1 is authorized currently (authorized=1)
2026-09-24 17:18:11 Result: Some USB devices are authorized by default (or temporary) to connect to the system
2026-09-24 17:18:11 Hardening: assigned partial number of hardening points (0 of 3). Currently having 107 points (out of 146)
2026-09-24 17:18:11 ====
2026-09-24 17:18:11 Performing test ID USB-3000 (Check for presence of USBGuard)
2026-09-24 17:18:11 Result: USBGuard not found
2026-09-24 17:18:11 Hardening: assigned partial number of hardening points (0 of 8). Currently having 107 points (out of 154)
2026-09-24 17:18:11 Security check: file is normal
2026-09-24 17:18:11 Checking permissions of /usr/share/lynis/include/tests_storage
2026-09-24 17:18:11 File permissions are OK
2026-09-24 17:18:11 ====
2026-09-24 17:18:11 Action: Performing tests from category: Storage
2026-09-24 17:18:11 ====
2026-09-24 17:18:11 Performing test ID STRG-1846 (Check if firewire storage is disabled)
2026-09-24 17:18:11 Test: Checking firewire storage driver in directory /etc/modprobe.d and configuration file /etc/modprobe.conf
2026-09-24 17:18:11 Result: found firewire ohci driver in disabled state
2026-09-24 17:18:11 Result: firewire ohci driver is disabled
2026-09-24 17:18:11 Hardening: assigned maximum number of hardening points for this item (3). Currently having 110 points (out of 157)
2026-09-24 17:18:11 Security check: file is normal
2026-09-24 17:18:11 Checking permissions of /usr/share/lynis/include/tests_storage_nfs
2026-09-24 17:18:11 File permissions are OK
2026-09-24 17:18:11 ====
2026-09-24 17:18:11 Action: Performing tests from category: NFS
2026-09-24 17:18:11 ====
2026-09-24 17:18:11 Skipped test STRG-1902 (Check rpcinfo registered programs)
2026-09-24 17:18:11 Reason to skip: Prerequisites not met (ie missing tool, other type of Linux distribution)
2026-09-24 17:18:11 ====
2026-09-24 17:18:11 Skipped test STRG-1904 (Check nfs rpc)
2026-09-24 17:18:11 Reason to skip: Prerequisites not met (ie missing tool, other type of Linux distribution)
2026-09-24 17:18:11 ====
2026-09-24 17:18:11 Skipped test STRG-1906 (Check nfs rpc)
2026-09-24 17:18:11 Reason to skip: Prerequisites not met (ie missing tool, other type of Linux distribution)
2026-09-24 17:18:11 ====
2026-09-24 17:18:11 Performing test ID STRG-1920 (Checking NFS daemon)
2026-09-24 17:18:11 Test: Checking running NFS daemon
2026-09-24 17:18:11 Output: NFS daemon is not running
2026-09-24 17:18:11 ====
2026-09-24 17:18:11 Skipped test STRG-1926 (Checking NFS exports)
2026-09-24 17:18:11 Reason to skip: Prerequisites not met (ie missing tool, other type of Linux distribution)
2026-09-24 17:18:11 ====
2026-09-24 17:18:11 Skipped test STRG-1928 (Checking empty /etc/exports)
2026-09-24 17:18:11 Reason to skip: Prerequisites not met (ie missing tool, other type of Linux distribution)
2026-09-24 17:18:11 ====
2026-09-24 17:18:11 Skipped test STRG-1930 (Check client access to nfs share)
2026-09-24 17:18:11 Reason to skip: Prerequisites not met (ie missing tool, other type of Linux distribution)
2026-09-24 17:18:11 Security check: file is normal
2026-09-24 17:18:11 Checking permissions of /usr/share/lynis/include/tests_nameservices
2026-09-24 17:18:11 File permissions are OK
2026-09-24 17:18:11 ====
2026-09-24 17:18:11 Action: Performing tests from category: Name services
2026-09-24 17:18:11 ====
2026-09-24 17:18:11 Performing test ID NAME-4016 (Check /etc/resolv.conf default domain)
2026-09-24 17:18:11 Test: check /etc/resolv.conf for default domain
2026-09-24 17:18:11 Result: /etc/resolv.conf found
2026-09-24 17:18:11 Result: no default domain found
2026-09-24 17:18:11 ====
2026-09-24 17:18:11 Performing test ID NAME-4018 (Check /etc/resolv.conf search domains)
2026-09-24 17:18:11 Test: check /etc/resolv.conf for search domains
2026-09-24 17:18:11 Result: /etc/resolv.conf found
2026-09-24 17:18:11 Found search domain: .
2026-09-24 17:18:11 Result: Found 1 search domains
2026-09-24 17:18:11 Result: found 1 line(s) with a search statement (expecting less than 2 lines)
2026-09-24 17:18:11 ====
2026-09-24 17:18:11 Performing test ID NAME-4020 (Check non default options)
2026-09-24 17:18:11 Test: check /etc/resolv.conf for non default options
2026-09-24 17:18:11 Result: /etc/resolv.conf found
2026-09-24 17:18:11 Found option: edns0
2026-09-24 17:18:11 ====
2026-09-24 17:18:11 Skipped test NAME-4024 (Solaris uname -n output)
2026-09-24 17:18:11 Reason to skip: Incorrect guest OS (Solaris only)
2026-09-24 17:18:11 ====
2026-09-24 17:18:11 Skipped test NAME-4026 (Check /etc/nodename)
2026-09-24 17:18:11 Reason to skip: Incorrect guest OS (Solaris only)
2026-09-24 17:18:11 ====
2026-09-24 17:18:11 Performing test ID NAME-4028 (Check domain name)
2026-09-24 17:18:11 Test: Checking if dnsdomainname command is available
2026-09-24 17:18:11 Result: dnsdomainname command returned no value
2026-09-24 17:18:11 Result: using domain name from FQDN hostname (ubuntu)
2026-09-24 17:18:11 Suggestion: Check DNS configuration for the dns domain name [test:NAME-4028] [details:-] [solution:-]
2026-09-24 17:18:11 ====
2026-09-24 17:18:11 Performing test ID NAME-4032 (Check nscd status)
2026-09-24 17:18:11 Test: checking nscd status
2026-09-24 17:18:11 Performing pgrep scan without uid
2026-09-24 17:18:11 IsRunning: process 'nscd' not found
2026-09-24 17:18:11 Result: nscd is not running
2026-09-24 17:18:11 ====
2026-09-24 17:18:11 Performing test ID NAME-4034 (Check Unbound status)
2026-09-24 17:18:11 Test: checking Unbound (unbound) status
2026-09-24 17:18:11 Performing pgrep scan without uid
2026-09-24 17:18:11 IsRunning: process 'unbound' not found
2026-09-24 17:18:11 Result: Unbound daemon is not running
2026-09-24 17:18:11 ====
2026-09-24 17:18:11 Skipped test NAME-4036 (Check Unbound configuration file)
2026-09-24 17:18:11 Reason to skip: Prerequisites not met (ie missing tool, other type of Linux distribution)
2026-09-24 17:18:11 ====
2026-09-24 17:18:11 Performing test ID NAME-4202 (Check BIND status)
2026-09-24 17:18:11 Test: Checking for running BIND instance
2026-09-24 17:18:11 Performing pgrep scan without uid
2026-09-24 17:18:11 IsRunning: process 'named' not found
2026-09-24 17:18:11 Result: BIND not running
2026-09-24 17:18:11 ====
2026-09-24 17:18:11 Skipped test NAME-4204 (Search BIND configuration file)
2026-09-24 17:18:11 Reason to skip: Prerequisites not met (ie missing tool, other type of Linux distribution)
2026-09-24 17:18:11 ====
2026-09-24 17:18:11 Skipped test NAME-4206 (Check BIND configuration consistency)
2026-09-24 17:18:11 Reason to skip: Prerequisites not met (ie missing tool, other type of Linux distribution)
2026-09-24 17:18:11 ====
2026-09-24 17:18:11 Skipped test NAME-4210 (Check DNS banner)
2026-09-24 17:18:11 Reason to skip: Prerequisites not met (ie missing tool, other type of Linux distribution)
2026-09-24 17:18:11 ====
2026-09-24 17:18:11 Performing test ID NAME-4230 (Check PowerDNS status)
2026-09-24 17:18:11 Test: Checking for running PowerDNS instance
2026-09-24 17:18:11 Performing pgrep scan without uid
2026-09-24 17:18:11 IsRunning: process 'pdns_server' not found
2026-09-24 17:18:11 Result: PowerDNS not running
2026-09-24 17:18:11 ====
2026-09-24 17:18:11 Skipped test NAME-4232 (Search PowerDNS configuration file)
2026-09-24 17:18:11 Reason to skip: Prerequisites not met (ie missing tool, other type of Linux distribution)
2026-09-24 17:18:11 ====
2026-09-24 17:18:11 Skipped test NAME-4236 (Check PowerDNS backends)
2026-09-24 17:18:11 Reason to skip: Prerequisites not met (ie missing tool, other type of Linux distribution)
2026-09-24 17:18:11 ====
2026-09-24 17:18:11 Skipped test NAME-4238 (Check PowerDNS authoritative status)
2026-09-24 17:18:11 Reason to skip: Prerequisites not met (ie missing tool, other type of Linux distribution)
2026-09-24 17:18:11 ====
2026-09-24 17:18:11 Performing test ID NAME-4304 (Check NIS ypbind status)
2026-09-24 17:18:11 Test: Checking status of ypbind daemon
2026-09-24 17:18:11 Performing pgrep scan without uid
2026-09-24 17:18:11 IsRunning: process 'ypbind' not found
2026-09-24 17:18:11 Result: ypbind is not active
2026-09-24 17:18:11 ====
2026-09-24 17:18:11 Skipped test NAME-4306 (Check NIS domain)
2026-09-24 17:18:11 Reason to skip: Prerequisites not met (ie missing tool, other type of Linux distribution)
2026-09-24 17:18:11 ====
2026-09-24 17:18:11 Performing test ID NAME-4402 (Check duplicate line in /etc/hosts)
2026-09-24 17:18:11 Test: check duplicate line in /etc/hosts
2026-09-24 17:18:11 Result: OK, no duplicate lines found
2026-09-24 17:18:11 ====
2026-09-24 17:18:11 Performing test ID NAME-4404 (Check /etc/hosts contains an entry for this server name)
2026-09-24 17:18:11 Test: Check /etc/hosts contains an entry for this server name
2026-09-24 17:18:11 Result: Found entry for ubuntu in /etc/hosts
2026-09-24 17:18:11 ====
2026-09-24 17:18:11 Performing test ID NAME-4406 (Check server hostname mapping)
2026-09-24 17:18:11 Test: Check server hostname not locally mapped in /etc/hosts
2026-09-24 17:18:11 Result: this server hostname is not mapped to a local address
2026-09-24 17:18:11 ====
2026-09-24 17:18:11 Performing test ID NAME-4408 (Check localhost entry)
2026-09-24 17:18:11 Test: Check server hostname not locally mapped in /etc/hosts
2026-09-24 17:18:11 Result: localhost mapped to ::1
2026-09-24 17:18:11 Security check: file is normal
2026-09-24 17:18:11 Checking permissions of /usr/share/lynis/include/tests_dns
2026-09-24 17:18:11 File permissions are OK
2026-09-24 17:18:11 Security check: file is normal
2026-09-24 17:18:11 Checking permissions of /usr/share/lynis/include/tests_ports_packages
2026-09-24 17:18:11 File permissions are OK
2026-09-24 17:18:11 ====
2026-09-24 17:18:11 Action: Performing tests from category: Ports and packages
2026-09-24 17:18:11 ====
2026-09-24 17:18:11 Skipped test PKGS-7301 (Query FreeBSD pkg)
2026-09-24 17:18:11 Reason to skip: Prerequisites not met (ie missing tool, other type of Linux distribution)
2026-09-24 17:18:11 ====
2026-09-24 17:18:11 Skipped test PKGS-7302 (Query FreeBSD/NetBSD pkg_info)
2026-09-24 17:18:11 Reason to skip: Prerequisites not met (ie missing tool, other type of Linux distribution)
2026-09-24 17:18:11 ====
2026-09-24 17:18:11 Skipped test PKGS-7303 (Query brew package manager)
2026-09-24 17:18:11 Reason to skip: Prerequisites not met (ie missing tool, other type of Linux distribution)
2026-09-24 17:18:11 Result: brew can NOT be found on this system
2026-09-24 17:18:11 ====
2026-09-24 17:18:11 Skipped test PKGS-7304 (Querying Gentoo packages)
2026-09-24 17:18:11 Reason to skip: Prerequisites not met (ie missing tool, other type of Linux distribution)
2026-09-24 17:18:11 Result: emerge can NOT be found on this system
2026-09-24 17:18:11 ====
2026-09-24 17:18:11 Skipped test PKGS-7306 (Querying Solaris packages)
2026-09-24 17:18:11 Reason to skip: Incorrect guest OS (Solaris only)
2026-09-24 17:18:11 Result: pkginfo can NOT be found on this system
2026-09-24 17:18:11 ====
2026-09-24 17:18:11 Skipped test PKGS-7308 (Checking package list with RPM)
2026-09-24 17:18:11 Reason to skip: Prerequisites not met (ie missing tool, other type of Linux distribution)
2026-09-24 17:18:11 Result: RPM binary NOT found on this system, test skipped
2026-09-24 17:18:11 ====
2026-09-24 17:18:11 Skipped test PKGS-7310 (Checking package list with pacman)
2026-09-24 17:18:11 Reason to skip: Prerequisites not met (ie missing tool, other type of Linux distribution)
2026-09-24 17:18:11 ====
2026-09-24 17:18:11 Skipped test PKGS-7312 (Checking available updates for pacman based system)
2026-09-24 17:18:11 Reason to skip: Prerequisites not met (ie missing tool, other type of Linux distribution)
2026-09-24 17:18:11 Result: pacman binary NOT found on this system, test skipped
2026-09-24 17:18:11 ====
2026-09-24 17:18:11 Skipped test PKGS-7314 (Checking pacman configuration options)
2026-09-24 17:18:11 Reason to skip: Prerequisites not met (ie missing tool, other type of Linux distribution)
2026-09-24 17:18:11 ====
2026-09-24 17:18:11 Skipped test PKGS-7320 (Checking for arch-audit tooling)
2026-09-24 17:18:11 Reason to skip: Test only applies to Arch Linux and Garuda Linux
2026-09-24 17:18:11 ====
2026-09-24 17:18:11 Skipped test PKGS-7322 (Discover vulnerable packages with arch-audit)
2026-09-24 17:18:11 Reason to skip: arch-audit not found
2026-09-24 17:18:11 ====
2026-09-24 17:18:11 Skipped test PKGS-7328 (Querying Zypper for installed packages)
2026-09-24 17:18:11 Reason to skip: Prerequisites not met (ie missing tool, other type of Linux distribution)
2026-09-24 17:18:11 ====
2026-09-24 17:18:11 Skipped test PKGS-7330 (Querying Zypper for vulnerable packages)
2026-09-24 17:18:11 Reason to skip: Prerequisites not met (ie missing tool, other type of Linux distribution)
2026-09-24 17:18:11 ====
2026-09-24 17:18:11 Skipped test PKGS-7332 (Query macOS ports)
2026-09-24 17:18:11 Reason to skip: Incorrect guest OS (macOS only)
2026-09-24 17:18:11 ====
2026-09-24 17:18:11 Skipped test PKGS-7334 (Query port for port upgrades)
2026-09-24 17:18:11 Reason to skip: Incorrect guest OS (macOS only)
2026-09-24 17:18:11 ====
2026-09-24 17:18:11 Performing test ID PKGS-7345 (Querying dpkg)
2026-09-24 17:18:11 Result: Found dpkg binary
2026-09-24 17:18:11 Test: Querying dpkg -l to get package list
2026-09-24 17:18:11 Output:
2026-09-24 17:18:11 Found package: adduser (version: 3.118ubuntu5)
2026-09-24 17:18:11 Found package: apt (version: 2.4.14)
2026-09-24 17:18:11 Found package: base-files (version: 12ubuntu4.7)
2026-09-24 17:18:11 Found package: base-passwd (version: 3.5.52build1)
2026-09-24 17:18:11 Found package: bash (version: 5.1-6ubuntu1.1)
2026-09-24 17:18:11 Found package: bash-completion (version: 1:2.11-5ubuntu1)
2026-09-24 17:18:11 Found package: bc (version: 1.07.1-3build1)
2026-09-24 17:18:11 Found package: bind9-dnsutils (version: 1:9.18.39-0ubuntu0.22.04.6)
2026-09-24 17:18:11 Found package: bind9-host (version: 1:9.18.39-0ubuntu0.22.04.6)
2026-09-24 17:18:11 Found package: bind9-libs:amd64 (version: 1:9.18.39-0ubuntu0.22.04.6)
2026-09-24 17:18:11 Found package: binutils (version: 2.38-4ubuntu2.12)
2026-09-24 17:18:11 Found package: binutils-common:amd64 (version: 2.38-4ubuntu2.12)
2026-09-24 17:18:11 Found package: binutils-x86-64-linux-gnu (version: 2.38-4ubuntu2.12)
2026-09-24 17:18:11 Found package: bsdutils (version: 1:2.37.2-4ubuntu3.6)
2026-09-24 17:18:11 Found package: build-essential (version: 12.9ubuntu3)
2026-09-24 17:18:11 Found package: busybox-initramfs (version: 1:1.30.1-7ubuntu3.1)
2026-09-24 17:18:11 Found package: bzip2 (version: 1.0.8-5ubuntu0.1)
2026-09-24 17:18:11 Found package: ca-certificates (version: 20260601~22.04.1)
2026-09-24 17:18:11 Found package: certbot (version: 1.21.0-1build1)
2026-09-24 17:18:11 Found package: chkrootkit (version: 0.55-4)
2026-09-24 17:18:11 Found package: cmake (version: 3.22.1-1ubuntu1.22.04.2)
2026-09-24 17:18:11 Found package: cmake-data (version: 3.22.1-1ubuntu1.22.04.2)
2026-09-24 17:18:11 Found package: conntrack (version: 1:1.4.6-2build2)
2026-09-24 17:18:11 Found package: coreutils (version: 8.32-4.1ubuntu1.4)
2026-09-24 17:18:11 Found package: cpio (version: 2.13+dfsg-7ubuntu0.2)
2026-09-24 17:18:11 Found package: cpp (version: 4:11.2.0-1ubuntu1)
2026-09-24 17:18:11 Found package: cpp-11 (version: 11.4.0-1ubuntu1~22.04.3)
2026-09-24 17:18:11 Found package: cron (version: 3.0pl1-137ubuntu3)
2026-09-24 17:18:11 Found package: curl (version: 7.81.0-1ubuntu1.27)
2026-09-24 17:18:11 Found package: dante-server (version: 1.4.2+dfsg-7build4)
2026-09-24 17:18:11 Found package: dash (version: 0.5.11+git20210903+057cd650a4ed-3build1)
2026-09-24 17:18:11 Found package: dbus (version: 1.12.20-2ubuntu4.1)
2026-09-24 17:18:11 Found package: debconf (version: 1.5.79ubuntu1)
2026-09-24 17:18:11 Found package: debianutils (version: 5.5-1ubuntu2)
2026-09-24 17:18:11 Found package: dh-elpa-helper (version: 2.0.9ubuntu1)
2026-09-24 17:18:11 Found package: dialog (version: 1.3-20211214-1)
2026-09-24 17:18:11 Found package: diffutils (version: 1:3.8-0ubuntu2.1)
2026-09-24 17:18:11 Found package: dirmngr (version: 2.2.27-3ubuntu2.5)
2026-09-24 17:18:11 Found package: distro-info-data (version: 0.72-0ubuntu0.22.04.1)
2026-09-24 17:18:11 Found package: dnsutils (version: 1:9.18.39-0ubuntu0.22.04.6)
2026-09-24 17:18:11 Found package: dpkg (version: 1.21.1ubuntu2.6)
2026-09-24 17:18:11 Found package: dpkg-dev (version: 1.21.1ubuntu2.6)
2026-09-24 17:18:11 Found package: dropbear-bin (version: 2020.81-5ubuntu0.1)
2026-09-24 17:18:11 Found package: e2fsprogs (version: 1.46.5-2ubuntu1.2)
2026-09-24 17:18:11 Found package: easy-rsa (version: 3.0.8-1ubuntu1)
2026-09-24 17:18:11 Found package: emacsen-common (version: 3.0.4)
2026-09-24 17:18:11 Found package: fail2ban (version: 0.11.2-6)
2026-09-24 17:18:11 Found package: file (version: 1:5.41-3ubuntu0.1)
2026-09-24 17:18:11 Found package: findutils (version: 4.8.0-1ubuntu3)
2026-09-24 17:18:11 Found package: g++ (version: 4:11.2.0-1ubuntu1)
2026-09-24 17:18:11 Found package: g++-11 (version: 11.4.0-1ubuntu1~22.04.3)
2026-09-24 17:18:11 Found package: gcc (version: 4:11.2.0-1ubuntu1)
2026-09-24 17:18:11 Found package: gcc-11 (version: 11.4.0-1ubuntu1~22.04.3)
2026-09-24 17:18:11 Found package: gcc-11-base:amd64 (version: 11.4.0-1ubuntu1~22.04.3)
2026-09-24 17:18:11 Found package: gcc-12-base:amd64 (version: 12.3.0-1ubuntu1~22.04.3)
2026-09-24 17:18:11 Found package: gettext-base (version: 0.21-4ubuntu4)
2026-09-24 17:18:11 Found package: gh (version: 2.4.0+dfsg1-2)
2026-09-24 17:18:11 Found package: git (version: 1:2.34.1-1ubuntu1.17)
2026-09-24 17:18:11 Found package: git-man (version: 1:2.34.1-1ubuntu1.17)
2026-09-24 17:18:11 Found package: gnupg (version: 2.2.27-3ubuntu2.5)
2026-09-24 17:18:11 Found package: gnupg-l10n (version: 2.2.27-3ubuntu2.5)
2026-09-24 17:18:11 Found package: gnupg-utils (version: 2.2.27-3ubuntu2.5)
2026-09-24 17:18:11 Found package: gpg (version: 2.2.27-3ubuntu2.5)
2026-09-24 17:18:11 Found package: gpg-agent (version: 2.2.27-3ubuntu2.5)
2026-09-24 17:18:11 Found package: gpg-wks-client (version: 2.2.27-3ubuntu2.5)
2026-09-24 17:18:11 Found package: gpg-wks-server (version: 2.2.27-3ubuntu2.5)
2026-09-24 17:18:11 Found package: gpgconf (version: 2.2.27-3ubuntu2.5)
2026-09-24 17:18:11 Found package: gpgsm (version: 2.2.27-3ubuntu2.5)
2026-09-24 17:18:11 Found package: gpgv (version: 2.2.27-3ubuntu2.5)
2026-09-24 17:18:11 Found package: grep (version: 3.7-1build1)
2026-09-24 17:18:11 Found package: grub-common (version: 2.06-2ubuntu7.2)
2026-09-24 17:18:11 Found package: grub-efi-amd64-bin (version: 2.06-2ubuntu14.8)
2026-09-24 17:18:11 Found package: grub-pc-bin (version: 2.06-2ubuntu7.2)
2026-09-24 17:18:11 Found package: grub2-common (version: 2.06-2ubuntu7.2)
2026-09-24 17:18:11 Found package: gzip (version: 1.10-4ubuntu4.2)
2026-09-24 17:18:11 Found package: haproxy (version: 2.4.30-0ubuntu0.22.04.2)
2026-09-24 17:18:11 Found package: hostname (version: 3.23ubuntu2)
2026-09-24 17:18:11 Found package: init-system-helpers (version: 1.62)
2026-09-24 17:18:11 Found package: initramfs-tools (version: 0.140ubuntu13.5)
2026-09-24 17:18:11 Found package: initramfs-tools-bin (version: 0.140ubuntu13.5)
2026-09-24 17:18:11 Found package: initramfs-tools-core (version: 0.140ubuntu13.5)
2026-09-24 17:18:11 Found package: iproute2 (version: 5.15.0-1ubuntu2.2)
2026-09-24 17:18:11 Found package: iptables (version: 1.8.7-1ubuntu5.2)
2026-09-24 17:18:11 Found package: jq (version: 1.6-2.1ubuntu3.2)
2026-09-24 17:18:11 Found package: klibc-utils (version: 2.0.10-4ubuntu0.2)
2026-09-24 17:18:11 Found package: kmod (version: 29-1ubuntu1.1)
2026-09-24 17:18:11 Found package: less (version: 590-1ubuntu0.22.04.3)
2026-09-24 17:18:11 Found package: libacl1:amd64 (version: 2.3.1-1)
2026-09-24 17:18:11 Found package: libapparmor1:amd64 (version: 3.0.4-2ubuntu2.5)
2026-09-24 17:18:11 Found package: libapt-pkg6.0:amd64 (version: 2.4.14)
2026-09-24 17:18:11 Found package: libarchive13:amd64 (version: 3.6.0-1ubuntu1.8)
2026-09-24 17:18:11 Found package: libargon2-1:amd64 (version: 0~20171227-0.3)
2026-09-24 17:18:11 Found package: libasan6:amd64 (version: 11.4.0-1ubuntu1~22.04.3)
2026-09-24 17:18:11 Found package: libassuan0:amd64 (version: 2.5.5-1build1)
2026-09-24 17:18:11 Found package: libatomic1:amd64 (version: 12.3.0-1ubuntu1~22.04.3)
2026-09-24 17:18:11 Found package: libattr1:amd64 (version: 1:2.5.1-1ubuntu0.1)
2026-09-24 17:18:11 Found package: libaudit-common (version: 1:3.0.7-1build1)
2026-09-24 17:18:11 Found package: libaudit1:amd64 (version: 1:3.0.7-1build1)
2026-09-24 17:18:11 Found package: libauthen-pam-perl (version: 0.16-3build9)
2026-09-24 17:18:11 Found package: libbinutils:amd64 (version: 2.38-4ubuntu2.12)
2026-09-24 17:18:11 Found package: libblkid1:amd64 (version: 2.37.2-4ubuntu3.6)
2026-09-24 17:18:11 Found package: libbloom1:amd64 (version: 1.6-6)
2026-09-24 17:18:11 Found package: libbpf0:amd64 (version: 1:0.5.0-1ubuntu22.04.1)
2026-09-24 17:18:11 Found package: libbrotli1:amd64 (version: 1.0.9-2build6)
2026-09-24 17:18:11 Found package: libbsd0:amd64 (version: 0.11.5-1)
2026-09-24 17:18:11 Found package: libbz2-1.0:amd64 (version: 1.0.8-5ubuntu0.1)
2026-09-24 17:18:11 Found package: libc-ares2:amd64 (version: 1.18.1-1ubuntu0.22.04.3)
2026-09-24 17:18:11 Found package: libc-bin (version: 2.35-0ubuntu3.15)
2026-09-24 17:18:11 Found package: libc-dev-bin (version: 2.35-0ubuntu3.15)
2026-09-24 17:18:11 Found package: libc6-dev:amd64 (version: 2.35-0ubuntu3.15)
2026-09-24 17:18:11 Found package: libc6-i386 (version: 2.35-0ubuntu3.15)
2026-09-24 17:18:11 Found package: libc6:amd64 (version: 2.35-0ubuntu3.15)
2026-09-24 17:18:11 Found package: libcap-ng0:amd64 (version: 0.7.9-2.2build3)
2026-09-24 17:18:11 Found package: libcap2-bin (version: 1:2.44-1ubuntu0.22.04.3)
2026-09-24 17:18:11 Found package: libcap2:amd64 (version: 1:2.44-1ubuntu0.22.04.3)
2026-09-24 17:18:11 Found package: libcbor0.8:amd64 (version: 0.8.0-2ubuntu1)
2026-09-24 17:18:11 Found package: libcc1-0:amd64 (version: 12.3.0-1ubuntu1~22.04.3)
2026-09-24 17:18:11 Found package: libcom-err2:amd64 (version: 1.46.5-2ubuntu1.2)
2026-09-24 17:18:11 Found package: libcork16:amd64 (version: 1.0.0~rc3-3)
2026-09-24 17:18:11 Found package: libcorkipset1:amd64 (version: 1.1.1+git20171111.6842a63-2)
2026-09-24 17:18:11 Found package: libcrypt-dev:amd64 (version: 1:4.4.27-1)
2026-09-24 17:18:11 Found package: libcrypt1:amd64 (version: 1:4.4.27-1)
2026-09-24 17:18:11 Found package: libcryptsetup12:amd64 (version: 2:2.4.3-1ubuntu1.3)
2026-09-24 17:18:11 Found package: libctf-nobfd0:amd64 (version: 2.38-4ubuntu2.12)
2026-09-24 17:18:11 Found package: libctf0:amd64 (version: 2.38-4ubuntu2.12)
2026-09-24 17:18:11 Found package: libcurl3-gnutls:amd64 (version: 7.81.0-1ubuntu1.27)
2026-09-24 17:18:11 Found package: libcurl4:amd64 (version: 7.81.0-1ubuntu1.27)
2026-09-24 17:18:11 Found package: libdb5.3:amd64 (version: 5.3.28+dfsg1-0.8ubuntu3)
2026-09-24 17:18:11 Found package: libdbi-perl:amd64 (version: 1.643-3ubuntu0.1)
2026-09-24 17:18:11 Found package: libdbus-1-3:amd64 (version: 1.12.20-2ubuntu4.1)
2026-09-24 17:18:11 Found package: libdebconfclient0:amd64 (version: 0.261ubuntu1)
2026-09-24 17:18:11 Found package: libdevmapper1.02.1:amd64 (version: 2:1.02.175-2.1ubuntu5)
2026-09-24 17:18:11 Found package: libdpkg-perl (version: 1.21.1ubuntu2.6)
2026-09-24 17:18:11 Found package: libecap3:amd64 (version: 1.0.1-3.2ubuntu4)
2026-09-24 17:18:11 Found package: libedit2:amd64 (version: 3.1-20210910-1build1)
2026-09-24 17:18:11 Found package: libefiboot1:amd64 (version: 37-6ubuntu2)
2026-09-24 17:18:11 Found package: libefivar1:amd64 (version: 37-6ubuntu2)
2026-09-24 17:18:11 Found package: libelf1:amd64 (version: 0.186-1ubuntu0.1)
2026-09-24 17:18:11 Found package: liberror-perl (version: 0.17029-1)
2026-09-24 17:18:11 Found package: libev4:amd64 (version: 1:4.33-1)
2026-09-24 17:18:11 Found package: libexpat1:amd64 (version: 2.4.7-1ubuntu0.7)
2026-09-24 17:18:11 Found package: libext2fs2:amd64 (version: 1.46.5-2ubuntu1.2)
2026-09-24 17:18:11 Found package: libffi8:amd64 (version: 3.4.2-4)
2026-09-24 17:18:11 Found package: libfido2-1:amd64 (version: 1.10.0-1)
2026-09-24 17:18:11 Found package: libfreetype6:amd64 (version: 2.11.1+dfsg-1ubuntu0.3)
2026-09-24 17:18:11 Found package: libfuse3-3:amd64 (version: 3.10.5-1build1)
2026-09-24 17:18:11 Found package: libgcc-11-dev:amd64 (version: 11.4.0-1ubuntu1~22.04.3)
2026-09-24 17:18:11 Found package: libgcc-s1:amd64 (version: 12.3.0-1ubuntu1~22.04.3)
2026-09-24 17:18:11 Found package: libgcrypt20:amd64 (version: 1.9.4-3ubuntu3.3)
2026-09-24 17:18:11 Found package: libgdbm-compat4:amd64 (version: 1.23-1)
2026-09-24 17:18:11 Found package: libgdbm6:amd64 (version: 1.23-1)
2026-09-24 17:18:11 Found package: libglib2.0-0:amd64 (version: 2.72.4-0ubuntu2.9)
2026-09-24 17:18:11 Found package: libgmp10:amd64 (version: 2:6.2.1+dfsg-3ubuntu1)
2026-09-24 17:18:11 Found package: libgnutls30:amd64 (version: 3.7.3-4ubuntu1.9)
2026-09-24 17:18:11 Found package: libgomp1:amd64 (version: 12.3.0-1ubuntu1~22.04.3)
2026-09-24 17:18:11 Found package: libgpg-error0:amd64 (version: 1.43-3)
2026-09-24 17:18:11 Found package: libgssapi-krb5-2:amd64 (version: 1.19.2-2ubuntu0.8)
2026-09-24 17:18:11 Found package: libhogweed6:amd64 (version: 3.7.3-1build2)
2026-09-24 17:18:11 Found package: libicu70:amd64 (version: 70.1-2)
2026-09-24 17:18:11 Found package: libidn2-0:amd64 (version: 2.3.2-2build1)
2026-09-24 17:18:11 Found package: libio-pty-perl (version: 1:1.15-2build2)
2026-09-24 17:18:11 Found package: libip4tc2:amd64 (version: 1.8.7-1ubuntu5.2)
2026-09-24 17:18:11 Found package: libip6tc2:amd64 (version: 1.8.7-1ubuntu5.2)
2026-09-24 17:18:11 Found package: libisl23:amd64 (version: 0.24-2build1)
2026-09-24 17:18:11 Found package: libitm1:amd64 (version: 12.3.0-1ubuntu1~22.04.3)
2026-09-24 17:18:11 Found package: libjq1:amd64 (version: 1.6-2.1ubuntu3.2)
2026-09-24 17:18:11 Found package: libjson-c5:amd64 (version: 0.15-3~ubuntu1.22.04.2)
2026-09-24 17:18:11 Found package: libjsoncpp25:amd64 (version: 1.9.5-3)
2026-09-24 17:18:11 Found package: libjsonparser1.1:amd64 (version: 1.1.0-2)
2026-09-24 17:18:11 Found package: libk5crypto3:amd64 (version: 1.19.2-2ubuntu0.8)
2026-09-24 17:18:11 Found package: libkeyutils1:amd64 (version: 1.6.1-2ubuntu3)
2026-09-24 17:18:11 Found package: libklibc:amd64 (version: 2.0.10-4ubuntu0.2)
2026-09-24 17:18:11 Found package: libkmod2:amd64 (version: 29-1ubuntu1.1)
2026-09-24 17:18:11 Found package: libkrb5-3:amd64 (version: 1.19.2-2ubuntu0.8)
2026-09-24 17:18:11 Found package: libkrb5support0:amd64 (version: 1.19.2-2ubuntu0.8)
2026-09-24 17:18:11 Found package: libksba8:amd64 (version: 1.6.0-2ubuntu0.2)
2026-09-24 17:18:11 Found package: libldap-2.5-0:amd64 (version: 2.5.20+dfsg-0ubuntu0.22.04.1)
2026-09-24 17:18:11 Found package: liblmdb0:amd64 (version: 0.9.24-1build2)
2026-09-24 17:18:11 Found package: liblsan0:amd64 (version: 12.3.0-1ubuntu1~22.04.3)
2026-09-24 17:18:11 Found package: libltdl7:amd64 (version: 2.4.6-15build2)
2026-09-24 17:18:11 Found package: liblua5.3-0:amd64 (version: 5.3.6-1build1)
2026-09-24 17:18:11 Found package: liblz4-1:amd64 (version: 1.9.3-2build2)
2026-09-24 17:18:11 Found package: liblzma5:amd64 (version: 5.2.5-2ubuntu1.1)
2026-09-24 17:18:11 Found package: liblzo2-2:amd64 (version: 2.10-2build3)
2026-09-24 17:18:11 Found package: libmagic-mgc (version: 1:5.41-3ubuntu0.1)
2026-09-24 17:18:11 Found package: libmagic1:amd64 (version: 1:5.41-3ubuntu0.1)
2026-09-24 17:18:11 Found package: libmaxminddb0:amd64 (version: 1.5.2-1build2)
2026-09-24 17:18:11 Found package: libmbedcrypto7:amd64 (version: 2.28.0-1build1)
2026-09-24 17:18:11 Found package: libmd0:amd64 (version: 1.0.4-1build1)
2026-09-24 17:18:11 Found package: libmnl0:amd64 (version: 1.0.4-3build2)
2026-09-24 17:18:11 Found package: libmount1:amd64 (version: 2.37.2-4ubuntu3.6)
2026-09-24 17:18:11 Found package: libmpc3:amd64 (version: 1.2.1-2build1)
2026-09-24 17:18:11 Found package: libmpdec3:amd64 (version: 2.5.1-2build2)
2026-09-24 17:18:11 Found package: libmpfr6:amd64 (version: 4.1.0-3build3)
2026-09-24 17:18:11 Found package: libncurses6:amd64 (version: 6.3-2ubuntu0.3)
2026-09-24 17:18:11 Found package: libncursesw6:amd64 (version: 6.3-2ubuntu0.3)
2026-09-24 17:18:11 Found package: libnet-ssleay-perl:amd64 (version: 1.92-1build2)
2026-09-24 17:18:11 Found package: libnetfilter-conntrack3:amd64 (version: 1.0.9-1)
2026-09-24 17:18:11 Found package: libnetplan0:amd64 (version: 0.106.1-7ubuntu0.22.04.4)
2026-09-24 17:18:11 Found package: libnettle8:amd64 (version: 3.7.3-1build2)
2026-09-24 17:18:11 Found package: libnfnetlink0:amd64 (version: 1.0.1-3build3)
2026-09-24 17:18:11 Found package: libnftnl11:amd64 (version: 1.2.1-1build1)
2026-09-24 17:18:11 Found package: libnghttp2-14:amd64 (version: 1.43.0-1ubuntu0.4)
2026-09-24 17:18:11 Found package: libnpth0:amd64 (version: 1.6-3build2)
2026-09-24 17:18:11 Found package: libnsl-dev:amd64 (version: 1.3.0-2build2)
2026-09-24 17:18:11 Found package: libnsl2:amd64 (version: 1.3.0-2build2)
2026-09-24 17:18:11 Found package: libonig5:amd64 (version: 6.9.7.1-2build1)
2026-09-24 17:18:11 Found package: libp11-kit0:amd64 (version: 0.24.0-6ubuntu0.1)
2026-09-24 17:18:11 Found package: libpam-modules-bin (version: 1.4.0-11ubuntu2.8)
2026-09-24 17:18:11 Found package: libpam-modules:amd64 (version: 1.4.0-11ubuntu2.8)
2026-09-24 17:18:11 Found package: libpam-runtime (version: 1.4.0-11ubuntu2.8)
2026-09-24 17:18:11 Found package: libpam0g:amd64 (version: 1.4.0-11ubuntu2.8)
2026-09-24 17:18:11 Found package: libpcap0.8:amd64 (version: 1.10.1-4ubuntu1.22.04.1)
2026-09-24 17:18:11 Found package: libpcre2-8-0:amd64 (version: 10.39-3ubuntu0.1)
2026-09-24 17:18:12 Found package: libpcre3:amd64 (version: 2:8.39-13ubuntu0.22.04.1)
2026-09-24 17:18:12 Found package: libperl5.34:amd64 (version: 5.34.0-3ubuntu1.9)
2026-09-24 17:18:12 Found package: libpkcs11-helper1:amd64 (version: 1.28-1ubuntu0.22.04.1)
2026-09-24 17:18:12 Found package: libpng16-16:amd64 (version: 1.6.37-3ubuntu0.6)
2026-09-24 17:18:12 Found package: libpopt0:amd64 (version: 1.18-3build1)
2026-09-24 17:18:12 Found package: libprocps8:amd64 (version: 2:3.3.17-6ubuntu2.1)
2026-09-24 17:18:12 Found package: libpsl5:amd64 (version: 0.21.0-1.2build2)
2026-09-24 17:18:12 Found package: libpython3-stdlib:amd64 (version: 3.10.6-1~22.04.1)
2026-09-24 17:18:12 Found package: libpython3.10-minimal:amd64 (version: 3.10.12-1~22.04.18)
2026-09-24 17:18:12 Found package: libpython3.10-stdlib:amd64 (version: 3.10.12-1~22.04.18)
2026-09-24 17:18:12 Found package: libqrencode4:amd64 (version: 4.1.1-1)
2026-09-24 17:18:12 Found package: libquadmath0:amd64 (version: 12.3.0-1ubuntu1~22.04.3)
2026-09-24 17:18:12 Found package: libreadline8:amd64 (version: 8.1.2-1)
2026-09-24 17:18:12 Found package: librhash0:amd64 (version: 1.4.2-1ubuntu1)
2026-09-24 17:18:12 Found package: librtmp1:amd64 (version: 2.4+20151223.gitfa8646d.1-2build4)
2026-09-24 17:18:12 Found package: libsasl2-2:amd64 (version: 2.1.27+dfsg2-3ubuntu1.2)
2026-09-24 17:18:12 Found package: libsasl2-modules-db:amd64 (version: 2.1.27+dfsg2-3ubuntu1.2)
2026-09-24 17:18:12 Found package: libseccomp2:amd64 (version: 2.5.3-2ubuntu3~22.04.1)
2026-09-24 17:18:12 Found package: libselinux1:amd64 (version: 3.3-1build2)
2026-09-24 17:18:12 Found package: libsemanage-common (version: 3.3-1build2)
2026-09-24 17:18:12 Found package: libsemanage2:amd64 (version: 3.3-1build2)
2026-09-24 17:18:12 Found package: libsepol2:amd64 (version: 3.3-1build1)
2026-09-24 17:18:12 Found package: libsmartcols1:amd64 (version: 2.37.2-4ubuntu3.6)
2026-09-24 17:18:12 Found package: libsodium23:amd64 (version: 1.0.18-1ubuntu0.22.04.1)
2026-09-24 17:18:12 Found package: libsqlite3-0:amd64 (version: 3.37.2-2ubuntu0.8)
2026-09-24 17:18:12 Found package: libss2:amd64 (version: 1.46.5-2ubuntu1.2)
2026-09-24 17:18:12 Found package: libssh-4:amd64 (version: 0.9.6-2ubuntu0.22.04.8)
2026-09-24 17:18:12 Found package: libssl3:amd64 (version: 3.0.2-0ubuntu1.29)
2026-09-24 17:18:12 Found package: libstdc++-11-dev:amd64 (version: 11.4.0-1ubuntu1~22.04.3)
2026-09-24 17:18:12 Found package: libstdc++6:amd64 (version: 12.3.0-1ubuntu1~22.04.3)
2026-09-24 17:18:12 Found package: libsystemd0:amd64 (version: 249.11-0ubuntu3.22)
2026-09-24 17:18:12 Found package: libtasn1-6:amd64 (version: 4.18.0-4ubuntu0.2)
2026-09-24 17:18:12 Found package: libtdb1:amd64 (version: 1.4.5-2build1)
2026-09-24 17:18:12 Found package: libtinfo6:amd64 (version: 6.3-2ubuntu0.3)
2026-09-24 17:18:12 Found package: libtirpc-common (version: 1.3.2-2ubuntu0.1)
2026-09-24 17:18:12 Found package: libtirpc-dev:amd64 (version: 1.3.2-2ubuntu0.1)
2026-09-24 17:18:12 Found package: libtirpc3:amd64 (version: 1.3.2-2ubuntu0.1)
2026-09-24 17:18:12 Found package: libtomcrypt1:amd64 (version: 1.18.2-5)
2026-09-24 17:18:12 Found package: libtommath1:amd64 (version: 1.2.0-6ubuntu0.22.04.1)
2026-09-24 17:18:12 Found package: libtsan0:amd64 (version: 11.4.0-1ubuntu1~22.04.3)
2026-09-24 17:18:12 Found package: libubsan1:amd64 (version: 12.3.0-1ubuntu1~22.04.3)
2026-09-24 17:18:12 Found package: libucl1:amd64 (version: 1.03+repack-6)
2026-09-24 17:18:12 Found package: libudev1:amd64 (version: 249.11-0ubuntu3.22)
2026-09-24 17:18:12 Found package: libunistring2:amd64 (version: 1.0-1)
2026-09-24 17:18:12 Found package: liburing2:amd64 (version: 2.1-2build1)
2026-09-24 17:18:12 Found package: libutempter0:amd64 (version: 1.2.1-2build2)
2026-09-24 17:18:12 Found package: libuuid1:amd64 (version: 2.37.2-4ubuntu3.6)
2026-09-24 17:18:12 Found package: libuv1:amd64 (version: 1.43.0-1ubuntu0.1)
2026-09-24 17:18:12 Found package: libwrap0:amd64 (version: 7.6.q-31build2)
2026-09-24 17:18:12 Found package: libxml2:amd64 (version: 2.9.13+dfsg-1ubuntu0.12)
2026-09-24 17:18:12 Found package: libxtables12:amd64 (version: 1.8.7-1ubuntu5.2)
2026-09-24 17:18:12 Found package: libxxhash0:amd64 (version: 0.8.1-1)
2026-09-24 17:18:12 Found package: libyaml-0-2:amd64 (version: 0.2.2-1build2)
2026-09-24 17:18:12 Found package: libzstd1:amd64 (version: 1.4.8+dfsg-3build1)
2026-09-24 17:18:12 Found package: linux-base (version: 4.5ubuntu9+22.04.1)
2026-09-24 17:18:12 Found package: linux-image-5.15.0-168-generic (version: 5.15.0-168.178)
2026-09-24 17:18:12 Found package: linux-image-5.15.0-191-generic (version: 5.15.0-191.201)
2026-09-24 17:18:12 Found package: linux-image-virtual (version: 5.15.0.191.169)
2026-09-24 17:18:12 Found package: linux-libc-dev:amd64 (version: 5.15.0-191.201)
2026-09-24 17:18:12 Found package: linux-modules-5.15.0-168-generic (version: 5.15.0-168.178)
2026-09-24 17:18:12 Found package: linux-modules-5.15.0-191-generic (version: 5.15.0-191.201)
2026-09-24 17:18:12 Found package: locales (version: 2.35-0ubuntu3.15)
2026-09-24 17:18:12 Found package: login (version: 1:4.8.1-2ubuntu2.2)
2026-09-24 17:18:12 Found package: logrotate (version: 3.19.0-1ubuntu1.1)
2026-09-24 17:18:12 Found package: logsave (version: 1.46.5-2ubuntu1.2)
2026-09-24 17:18:12 Found package: lsb-base (version: 11.1.0ubuntu4)
2026-09-24 17:18:12 Found package: lsb-release (version: 11.1.0ubuntu4)
2026-09-24 17:18:12 Found package: lsof (version: 4.93.2+dfsg-1.1build2)
2026-09-24 17:18:12 Found package: lto-disabled-list (version: 24)
2026-09-24 17:18:12 Found package: lynis (version: 3.0.7-1)
2026-09-24 17:18:12 Found package: make (version: 4.3-4.1build1)
2026-09-24 17:18:12 Found package: mawk (version: 1.3.4.20200120-3)
2026-09-24 17:18:12 Found package: media-types (version: 7.0.0)
2026-09-24 17:18:12 Found package: mount (version: 2.37.2-4ubuntu3.6)
2026-09-24 17:18:12 Found package: nano (version: 6.2-1ubuntu0.2)
2026-09-24 17:18:12 Found package: ncurses-base (version: 6.3-2ubuntu0.3)
2026-09-24 17:18:12 Found package: ncurses-bin (version: 6.3-2ubuntu0.3)
2026-09-24 17:18:12 Found package: net-tools (version: 1.60+git20181103.0eebece-1ubuntu5.4)
2026-09-24 17:18:12 Found package: netbase (version: 6.3)
2026-09-24 17:18:12 Found package: netcat-openbsd (version: 1.218-4ubuntu1)
2026-09-24 17:18:12 Found package: netplan.io (version: 0.106.1-7ubuntu0.22.04.4)
2026-09-24 17:18:12 Found package: openssh-client (version: 1:8.9p1-3ubuntu0.17)
2026-09-24 17:18:12 Found package: openssh-server (version: 1:8.9p1-3ubuntu0.17)
2026-09-24 17:18:12 Found package: openssh-sftp-server (version: 1:8.9p1-3ubuntu0.17)
2026-09-24 17:18:12 Found package: openssl (version: 3.0.2-0ubuntu1.29)
2026-09-24 17:18:12 Found package: openvpn (version: 2.5.11-0ubuntu0.22.04.4)
2026-09-24 17:18:12 Found package: passwd (version: 1:4.8.1-2ubuntu2.2)
2026-09-24 17:18:12 Found package: patch (version: 2.7.6-7build2)
2026-09-24 17:18:12 Found package: perl (version: 5.34.0-3ubuntu1.9)
2026-09-24 17:18:12 Found package: perl-base (version: 5.34.0-3ubuntu1.9)
2026-09-24 17:18:12 Found package: perl-modules-5.34 (version: 5.34.0-3ubuntu1.9)
2026-09-24 17:18:12 Found package: perl-openssl-defaults:amd64 (version: 5build2)
2026-09-24 17:18:12 Found package: pinentry-curses (version: 1.1.1-1build2)
2026-09-24 17:18:12 Found package: procps (version: 2:3.3.17-6ubuntu2.1)
2026-09-24 17:18:12 Found package: psmisc (version: 23.4-2build3)
2026-09-24 17:18:12 Found package: python3 (version: 3.10.6-1~22.04.1)
2026-09-24 17:18:12 Found package: python3-acme (version: 1.21.0-1ubuntu0.1)
2026-09-24 17:18:12 Found package: python3-certbot (version: 1.21.0-1build1)
2026-09-24 17:18:12 Found package: python3-certifi (version: 2020.6.20-1)
2026-09-24 17:18:12 Found package: python3-cffi-backend:amd64 (version: 1.15.0-1build2)
2026-09-24 17:18:12 Found package: python3-chardet (version: 4.0.0-1)
2026-09-24 17:18:12 Found package: python3-configargparse (version: 1.5.3-1)
2026-09-24 17:18:12 Found package: python3-configobj (version: 5.0.6-5ubuntu0.1)
2026-09-24 17:18:12 Found package: python3-cryptography (version: 3.4.8-1ubuntu2.4)
2026-09-24 17:18:12 Found package: python3-dbus (version: 1.2.18-3build1)
2026-09-24 17:18:12 Found package: python3-distro (version: 1.7.0-1)
2026-09-24 17:18:12 Found package: python3-distutils (version: 3.10.8-1~22.04)
2026-09-24 17:18:12 Found package: python3-idna (version: 3.3-1ubuntu0.2)
2026-09-24 17:18:12 Found package: python3-josepy (version: 1.10.0-1)
2026-09-24 17:18:12 Found package: python3-lib2to3 (version: 3.10.8-1~22.04)
2026-09-24 17:18:12 Found package: python3-minimal (version: 3.10.6-1~22.04.1)
2026-09-24 17:18:12 Found package: python3-netifaces:amd64 (version: 0.11.0-1build2)
2026-09-24 17:18:12 Found package: python3-openssl (version: 21.0.0-1ubuntu0.1)
2026-09-24 17:18:12 Found package: python3-parsedatetime (version: 2.6-2)
2026-09-24 17:18:12 Found package: python3-pip (version: 22.0.2+dfsg-1ubuntu0.7)
2026-09-24 17:18:12 Found package: python3-pip-whl (version: 22.0.2+dfsg-1ubuntu0.7)
2026-09-24 17:18:12 Found package: python3-pkg-resources (version: 59.6.0-1.2ubuntu0.22.04.3)
2026-09-24 17:18:12 Found package: python3-requests (version: 2.25.1+dfsg-2ubuntu0.3)
2026-09-24 17:18:12 Found package: python3-requests-toolbelt (version: 0.9.1-1)
2026-09-24 17:18:12 Found package: python3-rfc3339 (version: 1.1-3)
2026-09-24 17:18:12 Found package: python3-setuptools (version: 59.6.0-1.2ubuntu0.22.04.3)
2026-09-24 17:18:12 Found package: python3-setuptools-whl (version: 59.6.0-1.2ubuntu0.22.04.3)
2026-09-24 17:18:12 Found package: python3-six (version: 1.16.0-3ubuntu1)
2026-09-24 17:18:12 Found package: python3-tz (version: 2022.1-1ubuntu0.22.04.1)
2026-09-24 17:18:12 Found package: python3-urllib3 (version: 1.26.5-1~exp1ubuntu0.7)
2026-09-24 17:18:12 Found package: python3-venv (version: 3.10.6-1~22.04.1)
2026-09-24 17:18:12 Found package: python3-wheel (version: 0.37.1-2ubuntu0.22.04.1)
2026-09-24 17:18:12 Found package: python3-yaml (version: 5.4.1-1ubuntu1)
2026-09-24 17:18:12 Found package: python3-zope.component (version: 4.3.0-3)
2026-09-24 17:18:12 Found package: python3-zope.event (version: 4.4-3)
2026-09-24 17:18:12 Found package: python3-zope.hookable (version: 5.1.0-1build1)
2026-09-24 17:18:12 Found package: python3-zope.interface (version: 5.4.0-1build1)
2026-09-24 17:18:12 Found package: python3.10 (version: 3.10.12-1~22.04.18)
2026-09-24 17:18:12 Found package: python3.10-minimal (version: 3.10.12-1~22.04.18)
2026-09-24 17:18:12 Found package: python3.10-venv (version: 3.10.12-1~22.04.18)
2026-09-24 17:18:12 Found package: qemu-guest-agent (version: 1:6.2+dfsg-2ubuntu6.31)
2026-09-24 17:18:12 Found package: qrencode (version: 4.1.1-1)
2026-09-24 17:18:12 Found package: readline-common (version: 8.1.2-1)
2026-09-24 17:18:12 Found package: rkhunter (version: 1.4.6-10)
2026-09-24 17:18:12 Found package: rpcsvc-proto (version: 1.4.2-0ubuntu6)
2026-09-24 17:18:12 Found package: screen (version: 4.9.0-1ubuntu0.1)
2026-09-24 17:18:12 Found package: sed (version: 4.8-1ubuntu2.1)
2026-09-24 17:18:12 Found package: sensible-utils (version: 0.0.17)
2026-09-24 17:18:12 Found package: shadowsocks-libev (version: 3.3.5+ds-7build1)
2026-09-24 17:18:12 Found package: shared-mime-info (version: 2.1-2)
2026-09-24 17:18:12 Found package: socat (version: 1.7.4.1-3ubuntu4)
2026-09-24 17:18:12 Found package: sqlite3 (version: 3.37.2-2ubuntu0.8)
2026-09-24 17:18:12 Found package: squid (version: 5.9-0ubuntu0.22.04.7)
2026-09-24 17:18:12 Found package: squid-common (version: 5.9-0ubuntu0.22.04.7)
2026-09-24 17:18:12 Found package: squid-langpack (version: 20200403-1)
2026-09-24 17:18:12 Found package: sshpass (version: 1.09-1)
2026-09-24 17:18:12 Found package: ssl-cert (version: 1.1.2)
2026-09-24 17:18:12 Found package: stunnel4 (version: 3:5.63-1build1)
2026-09-24 17:18:12 Found package: sudo (version: 1.9.9-1ubuntu2.6)
2026-09-24 17:18:12 Found package: systemd (version: 249.11-0ubuntu3.22)
2026-09-24 17:18:12 Found package: systemd-sysv (version: 249.11-0ubuntu3.22)
2026-09-24 17:18:12 Found package: systemd-timesyncd (version: 249.11-0ubuntu3.22)
2026-09-24 17:18:12 Found package: sysvinit-utils (version: 3.01-1ubuntu1)
2026-09-24 17:18:12 Found package: tar (version: 1.34+dfsg-1ubuntu0.1.22.04.6)
2026-09-24 17:18:12 Found package: tcpdump (version: 4.99.1-3ubuntu0.2)
2026-09-24 17:18:12 Found package: tzdata (version: 2026c-0ubuntu0.22.04.1)
2026-09-24 17:18:12 Found package: ubuntu-keyring (version: 2021.03.26)
2026-09-24 17:18:12 Found package: ucf (version: 3.0043)
2026-09-24 17:18:12 Found package: udev (version: 249.11-0ubuntu3.22)
2026-09-24 17:18:12 Found package: unzip (version: 6.0-26ubuntu3.2)
2026-09-24 17:18:12 Found package: upx-ucl (version: 3.96-3)
2026-09-24 17:18:12 Found package: usrmerge (version: 25ubuntu2)
2026-09-24 17:18:12 Found package: util-linux (version: 2.37.2-4ubuntu3.6)
2026-09-24 17:18:12 Found package: webmin (version: 2.670)
2026-09-24 17:18:12 Found package: wget (version: 1.21.2-2ubuntu1.5)
2026-09-24 17:18:12 Found package: whois (version: 5.5.13)
2026-09-24 17:18:12 Found package: wireguard (version: 1.0.20210914-1ubuntu2)
2026-09-24 17:18:12 Found package: wireguard-tools (version: 1.0.20210914-1ubuntu2)
2026-09-24 17:18:12 Found package: xz-utils (version: 5.2.5-2ubuntu1.1)
2026-09-24 17:18:12 Found package: zip (version: 3.0-12build2)
2026-09-24 17:18:12 Found package: zlib1g:amd64 (version: 1:1.2.11.dfsg-2ubuntu9.2)
2026-09-24 17:18:12 Found package: zstd (version: 1.4.8+dfsg-3build1)
2026-09-24 17:18:12 ====
2026-09-24 17:18:12 Performing test ID PKGS-7346 (Search unpurged packages on system)
2026-09-24 17:18:12 Test: Querying dpkg -l to get unpurged packages
2026-09-24 17:18:12 Result: found one or more packages with left over configuration files, cron jobs etc
2026-09-24 17:18:12 Output:
2026-09-24 17:18:12 Found unpurged package: cloud-init
2026-09-24 17:18:12 Found unpurged package: isc-dhcp-client
2026-09-24 17:18:12 Found unpurged package: python3-json-pointer
2026-09-24 17:18:12 Found unpurged package: python3-jsonpatch
2026-09-24 17:18:12 Found unpurged package: python3-jsonschema
2026-09-24 17:18:12 Suggestion: Purge old/removed packages (5 found) with aptitude purge or dpkg --purge command. This will cleanup old configuration files, cron jobs and startup scripts. [test:PKGS-7346] [details:-] [solution:-]
2026-09-24 17:18:12 ====
2026-09-24 17:18:12 Skipped test PKGS-7348 (Check for old distfiles)
2026-09-24 17:18:12 Reason to skip: Incorrect guest OS (FreeBSD only)
2026-09-24 17:18:12 ====
2026-09-24 17:18:12 Skipped test PKGS-7350 (Checking for installed packages with DNF utility)
2026-09-24 17:18:12 Reason to skip: Prerequisites not met (ie missing tool, other type of Linux distribution)
2026-09-24 17:18:12 ====
2026-09-24 17:18:12 Skipped test PKGS-7352 (Checking for security updates with DNF utility)
2026-09-24 17:18:12 Reason to skip: Prerequisites not met (ie missing tool, other type of Linux distribution)
2026-09-24 17:18:12 ====
2026-09-24 17:18:12 Skipped test PKGS-7354 (Checking package database integrity)
2026-09-24 17:18:12 Reason to skip: Prerequisites not met (ie missing tool, other type of Linux distribution)
2026-09-24 17:18:12 ====
2026-09-24 17:18:12 Skipped test PKGS-7366 (Checking for debsecan utility)
2026-09-24 17:18:12 Reason to skip: Prerequisites not met (ie missing tool, other type of Linux distribution)
2026-09-24 17:18:12 ====
2026-09-24 17:18:12 Performing test ID PKGS-7370 (Checking for debsums utility)
2026-09-24 17:18:12 Result: debsums utility is not installed.
2026-09-24 17:18:12 Hardening: assigned partial number of hardening points (0 of 2). Currently having 110 points (out of 159)
2026-09-24 17:18:12 Suggestion: Install debsums utility for the verification of packages with known good database. [test:PKGS-7370] [details:-] [solution:-]
2026-09-24 17:18:12 ====
2026-09-24 17:18:12 Skipped test PKGS-7378 (Query portmaster for port upgrades)
2026-09-24 17:18:12 Reason to skip: Prerequisites not met (ie missing tool, other type of Linux distribution)
2026-09-24 17:18:12 ====
2026-09-24 17:18:12 Skipped test PKGS-7380 (Check for vulnerable NetBSD packages)
2026-09-24 17:18:12 Reason to skip: Incorrect guest OS (NetBSD only)
2026-09-24 17:18:12 ====
2026-09-24 17:18:12 Skipped test PKGS-7381 (Check for vulnerable FreeBSD packages with pkg)
2026-09-24 17:18:12 Reason to skip: pkg tool not available
2026-09-24 17:18:12 ====
2026-09-24 17:18:12 Skipped test PKGS-7382 (Check for vulnerable FreeBSD packages with portaudit)
2026-09-24 17:18:12 Reason to skip: Prerequisites not met (ie missing tool, other type of Linux distribution)
2026-09-24 17:18:12 ====
2026-09-24 17:18:12 Skipped test PKGS-7383 (Check for YUM package update management)
2026-09-24 17:18:12 Reason to skip: Prerequisites not met (ie missing tool, other type of Linux distribution)
2026-09-24 17:18:12 ====
2026-09-24 17:18:12 Skipped test PKGS-7384 (Check for YUM utils package)
2026-09-24 17:18:12 Reason to skip: Prerequisites not met (ie missing tool, other type of Linux distribution)
2026-09-24 17:18:12 ====
2026-09-24 17:18:12 Skipped test PKGS-7386 (Check for YUM security package)
2026-09-24 17:18:12 Reason to skip: Prerequisites not met (ie missing tool, other type of Linux distribution)
2026-09-24 17:18:12 ====
2026-09-24 17:18:12 Skipped test PKGS-7387 (Check for GPG signing in YUM security package)
2026-09-24 17:18:12 Reason to skip: Prerequisites not met (ie missing tool, other type of Linux distribution)
2026-09-24 17:18:12 ====
2026-09-24 17:18:12 Performing test ID PKGS-7388 (Check security repository in apt sources.list file)
2026-09-24 17:18:12 Searching for security.debian.org/security.ubuntu.com or security repositories in /etc/apt/sources.list file
2026-09-24 17:18:12 Result: Found security repository in /etc/apt/sources.list
2026-09-24 17:18:12 Output: deb http://security.ubuntu.com/ubuntu jammy-security main universe
2026-09-24 17:18:12 Searching for security.debian.org/security.ubuntu.com or security repositories in /etc/apt/sources.list.d directory
2026-09-24 17:18:12 Result: security repository was found
2026-09-24 17:18:12 Hardening: assigned maximum number of hardening points for this item (3). Currently having 113 points (out of 162)
2026-09-24 17:18:12 ====
2026-09-24 17:18:12 Performing test ID PKGS-7390 (Check Ubuntu database consistency)
2026-09-24 17:18:12 Test: Package database consistency by running apt-get check
2026-09-24 17:18:12 Result: package database seems to be consistent.
2026-09-24 17:18:12 ====
2026-09-24 17:18:12 Performing test ID PKGS-7392 (Check for Debian/Ubuntu security updates)
2026-09-24 17:18:12 Action: updating package repository with apt-get
2026-09-24 17:18:14 Result: apt-get finished
2026-09-24 17:18:14 Test: Checking if /usr/lib/update-notifier/apt-check exists
2026-09-24 17:18:14 Result: apt-check (update-notifier-common) not found
2026-09-24 17:18:15 Result: found vulnerable package(s) via apt-get (-security channel)
2026-09-24 17:18:15 Found vulnerable package: curl
2026-09-24 17:18:15 Found vulnerable package: libcurl3-gnutls
2026-09-24 17:18:15 Found vulnerable package: libcurl4
2026-09-24 17:18:15 Found vulnerable package: libexpat1
2026-09-24 17:18:15 Found vulnerable package: libglib2.0-0
2026-09-24 17:18:15 Found vulnerable package: libxml2
2026-09-24 17:18:15 Warning: Found one or more vulnerable packages. [test:PKGS-7392] [details:-] [solution:-]
2026-09-24 17:18:15 Suggestion: Update your system with apt-get update, apt-get upgrade, apt-get dist-upgrade and/or unattended-upgrades [test:PKGS-7392] [details:-] [solution:-]
2026-09-24 17:18:15 ====
2026-09-24 17:18:15 Skipped test PKGS-7393 (Check for Gentoo vulnerable packages)
2026-09-24 17:18:15 Reason to skip: Prerequisites not met (ie missing tool, other type of Linux distribution)
2026-09-24 17:18:15 ====
2026-09-24 17:18:15 Performing test ID PKGS-7394 (Check for Ubuntu updates)
2026-09-24 17:18:15 Test: checking /usr/bin/apt-show-versions
2026-09-24 17:18:15 Result: /usr/bin/apt-show-versions not found
2026-09-24 17:18:15 Suggestion: Install package apt-show-versions for patch management purposes [test:PKGS-7394] [details:-] [solution:-]
2026-09-24 17:18:15 ====
2026-09-24 17:18:15 Performing test ID PKGS-7398 (Check for package audit tool)
2026-09-24 17:18:15 Test: checking for package audit tool
2026-09-24 17:18:15 Result: found package audit tool: apt-get
2026-09-24 17:18:15 ====
2026-09-24 17:18:15 Performing test ID PKGS-7410 (Count installed kernel packages)
2026-09-24 17:18:15 Test: Checking how many kernel packages are installed
2026-09-24 17:18:15 Result: found 2 kernel packages on the system, which is fine
2026-09-24 17:18:15 ====
2026-09-24 17:18:15 Performing test ID PKGS-7420 (Detect toolkit to automatically download and apply upgrades)
2026-09-24 17:18:15 Hardening: assigned partial number of hardening points (1 of 5). Currently having 114 points (out of 167)
2026-09-24 17:18:15 Result: no toolkit for automatic updates discovered
2026-09-24 17:18:15 Suggestion: Consider using a tool to automatically apply upgrades [test:PKGS-7420] [details:-] [solution:-]
2026-09-24 17:18:15 Security check: file is normal
2026-09-24 17:18:15 Checking permissions of /usr/share/lynis/include/tests_networking
2026-09-24 17:18:15 File permissions are OK
2026-09-24 17:18:15 ====
2026-09-24 17:18:15 Action: Performing tests from category: Networking
2026-09-24 17:18:15 ====
2026-09-24 17:18:15 Performing test ID NETW-2400 (Hostname length and value check)
2026-09-24 17:18:15 Result: FQDN is defined and not longer than 253 characters (6 characters)
2026-09-24 17:18:15 Result: hostnamed is defined and not longer than 63 characters
2026-09-24 17:18:15 Result: good, no unexpected characters discovered in hostname
2026-09-24 17:18:15 ====
2026-09-24 17:18:15 Performing test ID NETW-2600 (Checking IPv6 configuration)
2026-09-24 17:18:15 Result: IPV6 mode is auto
2026-09-24 17:18:15 Result: IPv6 only configuration: NO
2026-09-24 17:18:15 ====
2026-09-24 17:18:15 Performing test ID NETW-2704 (Basic nameserver configuration tests)
2026-09-24 17:18:15 Test: Checking /etc/resolv.conf file
2026-09-24 17:18:15 Result: Found /etc/resolv.conf file
2026-09-24 17:18:15 Test: Querying nameservers
2026-09-24 17:18:15 Found nameserver: 127.0.0.53
2026-09-24 17:18:15 Nameserver 127.0.0.53 seems to respond to queries from this host.
2026-09-24 17:18:15 ====
2026-09-24 17:18:15 Skipped test NETW-2705 (Check availability two nameservers)
2026-09-24 17:18:15 Reason to skip: Prerequisites not met (ie missing tool, other type of Linux distribution)
2026-09-24 17:18:15 Result: Test most likely skipped due having local resolver in /etc/resolv.conf
2026-09-24 17:18:15 ====
2026-09-24 17:18:15 Performing test ID NETW-2706 (Check systemd-resolved and upstream DNSSEC status)
2026-09-24 17:18:16 Result: DNSSEC not supported by systemd-resolved or upstream DNS servers
2026-09-24 17:18:16 ====
2026-09-24 17:18:16 Performing test ID NETW-3001 (Find default gateway (route))
2026-09-24 17:18:16 Test: Searching default gateway(s)
2026-09-24 17:18:16 Result: Found default gateway 82.39.109.1
2026-09-24 17:18:16 ====
2026-09-24 17:18:16 Performing test ID NETW-3004 (Search for available network interfaces)
2026-09-24 17:18:16 Found network interface: lo
2026-09-24 17:18:16 Found network interface: eth0
2026-09-24 17:18:16 Found network interface: wg0
2026-09-24 17:18:16 ====
2026-09-24 17:18:16 Performing test ID NETW-3006 (Get network MAC addresses)
2026-09-24 17:18:16 Found MAC address: 00:be:5c:8e:ad:f6
2026-09-24 17:18:16 ====
2026-09-24 17:18:16 Performing test ID NETW-3008 (Get network IP addresses)
2026-09-24 17:18:16 Found IPv4 address: 82.39.109.42
2026-09-24 17:18:16 Found IPv4 address: 127.0.0.1
2026-09-24 17:18:16 Found IPv4 address: 10.66.66.1
2026-09-24 17:18:16 Found IPv6 address: fe80::2be:5cff:fe8e:adf6
2026-09-24 17:18:16 Found IPv6 address: ::1
2026-09-24 17:18:16 ====
2026-09-24 17:18:16 Performing test ID NETW-3012 (Check listening ports)
2026-09-24 17:18:16 Test: Retrieving ss information to find listening ports
2026-09-24 17:18:16 ====
2026-09-24 17:18:16 Skipped test NETW-3014 (Checking promiscuous interfaces (BSD))
2026-09-24 17:18:16 Reason to skip: Prerequisites not met (ie missing tool, other type of Linux distribution)
2026-09-24 17:18:16 ====
2026-09-24 17:18:16 Performing test ID NETW-3015 (Checking promiscuous interfaces (Linux))
2026-09-24 17:18:16 Test: Using ip binary to retrieve network interfaces
2026-09-24 17:18:16 Test: Checking all interfaces to discover any with promiscuous mode enabled
2026-09-24 17:18:16 Result: No promiscuous interfaces found
2026-09-24 17:18:16 ====
2026-09-24 17:18:16 Performing test ID NETW-3028 (Checking connections in WAIT state)
2026-09-24 17:18:16 Test: Using netstat for check for connections in WAIT state
2026-09-24 17:18:16 Result: currently 8 connections are in a waiting state (max configured: 5000).
2026-09-24 17:18:16 Result: 8 connections are in WAIT state
2026-09-24 17:18:16 ====
2026-09-24 17:18:16 Performing test ID NETW-3030 (Checking DHCP client status)
2026-09-24 17:18:16 Performing pgrep scan without uid
2026-09-24 17:18:16 IsRunning: process 'dhclient' not found
2026-09-24 17:18:16 Performing pgrep scan without uid
2026-09-24 17:18:16 IsRunning: process 'dhcpcd' not found
2026-09-24 17:18:16 Performing pgrep scan without uid
2026-09-24 17:18:16 IsRunning: process 'udhcpc' not found
2026-09-24 17:18:16 ====
2026-09-24 17:18:16 Performing test ID NETW-3032 (Checking for ARP monitoring software)
2026-09-24 17:18:16 Performing pgrep scan without uid
2026-09-24 17:18:16 IsRunning: process 'addrwatch' not found
2026-09-24 17:18:16 Performing pgrep scan without uid
2026-09-24 17:18:16 IsRunning: process 'arpwatch' not found
2026-09-24 17:18:16 Performing pgrep scan without uid
2026-09-24 17:18:16 IsRunning: process 'arpon' not found
2026-09-24 17:18:16 ====
2026-09-24 17:18:16 Performing test ID NETW-3200 (Determine available network protocols)
2026-09-24 17:18:16 Test: checking the status of some network protocols that typically are not used
2026-09-24 17:18:16 Test: now checking module 'dccp'
2026-09-24 17:18:16 Suggestion: Determine if protocol 'dccp' is really needed on this system [test:NETW-3200] [details:-] [solution:-]
2026-09-24 17:18:16 Test: now checking module 'sctp'
2026-09-24 17:18:16 Suggestion: Determine if protocol 'sctp' is really needed on this system [test:NETW-3200] [details:-] [solution:-]
2026-09-24 17:18:16 Test: now checking module 'rds'
2026-09-24 17:18:16 Suggestion: Determine if protocol 'rds' is really needed on this system [test:NETW-3200] [details:-] [solution:-]
2026-09-24 17:18:16 Test: now checking module 'tipc'
2026-09-24 17:18:16 Suggestion: Determine if protocol 'tipc' is really needed on this system [test:NETW-3200] [details:-] [solution:-]
2026-09-24 17:18:16 Security check: file is normal
2026-09-24 17:18:16 Checking permissions of /usr/share/lynis/include/tests_printers_spoolers
2026-09-24 17:18:16 File permissions are OK
2026-09-24 17:18:16 ====
2026-09-24 17:18:16 Action: Performing tests from category: Printers and Spools
2026-09-24 17:18:16 ====
2026-09-24 17:18:16 Skipped test PRNT-2302 (Check for printcap consistency)
2026-09-24 17:18:16 Reason to skip: Incorrect guest OS (FreeBSD only)
2026-09-24 17:18:16 ====
2026-09-24 17:18:16 Performing test ID PRNT-2304 (Check cupsd status)
2026-09-24 17:18:16 Test: Checking cupsd status
2026-09-24 17:18:16 Performing pgrep scan without uid
2026-09-24 17:18:16 IsRunning: process 'cupsd' not found
2026-09-24 17:18:16 Result: cups daemon not running, cups daemon tests skipped
2026-09-24 17:18:16 ====
2026-09-24 17:18:16 Skipped test PRNT-2306 (Check CUPSd configuration file)
2026-09-24 17:18:16 Reason to skip: Prerequisites not met (ie missing tool, other type of Linux distribution)
2026-09-24 17:18:16 ====
2026-09-24 17:18:16 Skipped test PRNT-2307 (Check CUPSd configuration file permissions)
2026-09-24 17:18:16 Reason to skip: Prerequisites not met (ie missing tool, other type of Linux distribution)
2026-09-24 17:18:16 ====
2026-09-24 17:18:16 Skipped test PRNT-2308 (Check CUPSd network configuration)
2026-09-24 17:18:16 Reason to skip: Prerequisites not met (ie missing tool, other type of Linux distribution)
2026-09-24 17:18:16 ====
2026-09-24 17:18:16 Performing test ID PRNT-2314 (Check lpd status)
2026-09-24 17:18:16 Test: Checking lpd status
2026-09-24 17:18:16 Performing pgrep scan without uid
2026-09-24 17:18:16 IsRunning: process 'lpd' not found
2026-09-24 17:18:16 Result: lp daemon not running
2026-09-24 17:18:16 Hardening: assigned maximum number of hardening points for this item (4). Currently having 118 points (out of 171)
2026-09-24 17:18:16 ====
2026-09-24 17:18:16 Skipped test PRNT-2316 (Checking /etc/qconfig file)
2026-09-24 17:18:16 Reason to skip: Incorrect guest OS (AIX only)
2026-09-24 17:18:16 ====
2026-09-24 17:18:16 Skipped test PRNT-2418 (Checking qdaemon printer spooler status)
2026-09-24 17:18:16 Reason to skip: Incorrect guest OS (AIX only)
2026-09-24 17:18:16 ====
2026-09-24 17:18:16 Skipped test PRNT-2420 (Checking old print jobs)
2026-09-24 17:18:16 Reason to skip: Incorrect guest OS (AIX only)
2026-09-24 17:18:16 Security check: file is normal
2026-09-24 17:18:16 Checking permissions of /usr/share/lynis/include/tests_mail_messaging
2026-09-24 17:18:16 File permissions are OK
2026-09-24 17:18:16 ====
2026-09-24 17:18:16 Action: Performing tests from category: Software: e-mail and messaging
2026-09-24 17:18:16 ====
2026-09-24 17:18:16 Performing test ID MAIL-8802 (Check Exim status)
2026-09-24 17:18:16 Test: check Exim status
2026-09-24 17:18:16 Performing pgrep scan without uid
2026-09-24 17:18:16 IsRunning: process 'exim4' not found
2026-09-24 17:18:16 Performing pgrep scan without uid
2026-09-24 17:18:16 IsRunning: process 'exim' not found
2026-09-24 17:18:16 Result: no running Exim processes found
2026-09-24 17:18:16 ====
2026-09-24 17:18:16 Skipped test MAIL-8804 (Exim configuration options)
2026-09-24 17:18:16 Reason to skip: Prerequisites not met (ie missing tool, other type of Linux distribution)
2026-09-24 17:18:16 ====
2026-09-24 17:18:16 Performing test ID MAIL-8814 (Check postfix process status)
2026-09-24 17:18:16 Test: check Postfix status
2026-09-24 17:18:16 Result: no running Postfix processes found
2026-09-24 17:18:16 ====
2026-09-24 17:18:16 Skipped test MAIL-8816 (Check Postfix configuration)
2026-09-24 17:18:16 Reason to skip: Prerequisites not met (ie missing tool, other type of Linux distribution)
2026-09-24 17:18:16 ====
2026-09-24 17:18:16 Skipped test MAIL-8817 (Check Postfix configuration errors)
2026-09-24 17:18:16 Reason to skip: Prerequisites not met (ie missing tool, other type of Linux distribution)
2026-09-24 17:18:16 ====
2026-09-24 17:18:16 Skipped test MAIL-8818 (Check Postfix configuration: banner)
2026-09-24 17:18:16 Reason to skip: Prerequisites not met (ie missing tool, other type of Linux distribution)
2026-09-24 17:18:16 ====
2026-09-24 17:18:16 Performing test ID MAIL-8820 (Postfix configuration scan)
2026-09-24 17:18:16 ====
2026-09-24 17:18:16 Performing test ID MAIL-8838 (Check dovecot process)
2026-09-24 17:18:16 Test: check dovecot status
2026-09-24 17:18:16 Performing pgrep scan without uid
2026-09-24 17:18:16 IsRunning: process 'dovecot' not found
2026-09-24 17:18:16 Result: dovecot not found
2026-09-24 17:18:16 ====
2026-09-24 17:18:16 Performing test ID MAIL-8860 (Check Qmail status)
2026-09-24 17:18:16 Test: check Qmail status
2026-09-24 17:18:16 Performing pgrep scan without uid
2026-09-24 17:18:16 IsRunning: process 'qmail-smtpd' not found
2026-09-24 17:18:16 Result: no running Qmail processes found
2026-09-24 17:18:16 ====
2026-09-24 17:18:16 Performing test ID MAIL-8880 (Check Sendmail status)
2026-09-24 17:18:16 Test: check sendmail status
2026-09-24 17:18:16 Performing pgrep scan without uid
2026-09-24 17:18:16 IsRunning: process 'sendmail' not found
2026-09-24 17:18:16 Result: no running Sendmail processes found
2026-09-24 17:18:16 ====
2026-09-24 17:18:16 Skipped test MAIL-8920 (Check OpenSMTPD status)
2026-09-24 17:18:16 Reason to skip: Prerequisites not met (ie missing tool, other type of Linux distribution)
2026-09-24 17:18:16 Security check: file is normal
2026-09-24 17:18:16 Checking permissions of /usr/share/lynis/include/tests_firewalls
2026-09-24 17:18:16 File permissions are OK
2026-09-24 17:18:16 ====
2026-09-24 17:18:16 Action: Performing tests from category: Software: firewalls
2026-09-24 17:18:16 ====
2026-09-24 17:18:16 Performing test ID FIRE-4502 (Check iptables kernel module)
2026-09-24 17:18:16 Result: Found iptables in loaded kernel modules
2026-09-24 17:18:16 Found module: ip_tables
2026-09-24 17:18:16 ====
2026-09-24 17:18:16 Performing test ID FIRE-4508 (Check used policies of iptables chains)
2026-09-24 17:18:16 Test: gathering information from table filter
2026-09-24 17:18:16 Result: iptables    --  policy is .
2026-09-24 17:18:16 Result: 
2026-09-24 17:18:16 Result: iptables  filter  -- INPUTDROPACCEPTACCEPTACCEPTACCEPTACCEPTACCEPTRELATEDESTABLISHEDACCEPTACCEPTACCEPTACCEPTACCEPTACCEPTACCEPTACCEPTACCEPTACCEPTACCEPTACCEPTFORWARDDROPOUTPUTACCEPTACCEPT policy is .
2026-09-24 17:18:16 Result: 
2026-09-24 17:18:16 ====
2026-09-24 17:18:16 Performing test ID FIRE-4512 (Check iptables for empty ruleset)
2026-09-24 17:18:16 Result: one or more rules are available (20 rules)
2026-09-24 17:18:16 ====
2026-09-24 17:18:16 Performing test ID FIRE-4513 (Check iptables for unused rules)
2026-09-24 17:18:16 Result: Found one or more possible unused rules
2026-09-24 17:18:16 Description: Unused rules can be a sign that the firewall rules aren't optimized or up-to-date
2026-09-24 17:18:16 Note: Sometimes rules aren't triggered but still in use. Keep this in mind before cleaning up rules.
2026-09-24 17:18:16 Output: iptables rule numbers: 12 14 15 16 18
2026-09-24 17:18:16 Suggestion: Check iptables rules to see which rules are currently not used [test:FIRE-4513] [details:-] [solution:-]
2026-09-24 17:18:16 Tip: iptables --list --numeric --line-numbers --verbose
2026-09-24 17:18:16 ====
2026-09-24 17:18:16 Skipped test FIRE-4518 (Check pf firewall components)
2026-09-24 17:18:16 Reason to skip: No /dev/pf device
2026-09-24 17:18:16 ====
2026-09-24 17:18:16 Skipped test FIRE-4520 (Check pf configuration consistency)
2026-09-24 17:18:16 Reason to skip: Prerequisites not met (ie missing tool, other type of Linux distribution)
2026-09-24 17:18:16 ====
2026-09-24 17:18:16 Performing test ID FIRE-4524 (Check for CSF presence)
2026-09-24 17:18:16 Test: check /etc/csf/csf.conf
2026-09-24 17:18:16 Result: /etc/csf/csf.conf does NOT exist
2026-09-24 17:18:16 ====
2026-09-24 17:18:16 Skipped test FIRE-4526 (Check ipf status)
2026-09-24 17:18:16 Reason to skip: Incorrect guest OS (Solaris only)
2026-09-24 17:18:16 ====
2026-09-24 17:18:16 Skipped test FIRE-4530 (Check IPFW status)
2026-09-24 17:18:16 Reason to skip: Incorrect guest OS (FreeBSD only)
2026-09-24 17:18:16 ====
2026-09-24 17:18:16 Skipped test FIRE-4532 (Check macOS application firewall)
2026-09-24 17:18:16 Reason to skip: Incorrect guest OS (macOS only)
2026-09-24 17:18:16 ====
2026-09-24 17:18:16 Skipped test FIRE-4534 (Check for presence of outbound firewalls on macOS)
2026-09-24 17:18:16 Reason to skip: Incorrect guest OS (macOS only)
2026-09-24 17:18:16 ====
2026-09-24 17:18:16 Skipped test FIRE-4536 (Check nftables status)
2026-09-24 17:18:16 Reason to skip: Prerequisites not met (ie missing tool, other type of Linux distribution)
2026-09-24 17:18:16 ====
2026-09-24 17:18:16 Skipped test FIRE-4538 (Check nftables basic configuration)
2026-09-24 17:18:16 Reason to skip: Prerequisites not met (ie missing tool, other type of Linux distribution)
2026-09-24 17:18:16 ====
2026-09-24 17:18:16 Skipped test FIRE-4540 (Check for empty nftables configuration)
2026-09-24 17:18:16 Reason to skip: Prerequisites not met (ie missing tool, other type of Linux distribution)
2026-09-24 17:18:16 ====
2026-09-24 17:18:16 Performing test ID FIRE-4586 (Check firewall logging)
2026-09-24 17:18:16 ====
2026-09-24 17:18:16 Performing test ID FIRE-4590 (Check firewall status)
2026-09-24 17:18:16 Result: host based firewall or packet filter is active
2026-09-24 17:18:16 Hardening: assigned maximum number of hardening points for this item (5). Currently having 123 points (out of 176)
2026-09-24 17:18:16 ====
2026-09-24 17:18:16 Performing test ID FIRE-4594 (Check for APF presence)
2026-09-24 17:18:16 Test: check /etc/apf/conf.apf
2026-09-24 17:18:16 Result: /etc/apf/conf.apf does NOT exist
2026-09-24 17:18:16 Security check: file is normal
2026-09-24 17:18:16 Checking permissions of /usr/share/lynis/include/tests_webservers
2026-09-24 17:18:16 File permissions are OK
2026-09-24 17:18:16 ====
2026-09-24 17:18:16 Action: Performing tests from category: Software: webserver
2026-09-24 17:18:16 Action: created temporary file /tmp/lynis.yiEUIpWkFm
2026-09-24 17:18:16 Action: created temporary file /tmp/lynis.qGP1ZPaz1C
2026-09-24 17:18:16 ====
2026-09-24 17:18:16 Performing test ID HTTP-6622 (Checking Apache presence)
2026-09-24 17:18:16 ====
2026-09-24 17:18:16 Skipped test HTTP-6624 (Testing main Apache configuration file)
2026-09-24 17:18:16 Reason to skip: Prerequisites not met (ie missing tool, other type of Linux distribution)
2026-09-24 17:18:16 ====
2026-09-24 17:18:16 Skipped test HTTP-6626 (Testing other Apache configuration file)
2026-09-24 17:18:16 Reason to skip: Prerequisites not met (ie missing tool, other type of Linux distribution)
2026-09-24 17:18:16 ====
2026-09-24 17:18:16 Skipped test HTTP-6632 (Determining all available Apache modules)
2026-09-24 17:18:16 Reason to skip: Prerequisites not met (ie missing tool, other type of Linux distribution)
2026-09-24 17:18:16 ====
2026-09-24 17:18:16 Skipped test HTTP-6640 (Determining existence of specific Apache modules)
2026-09-24 17:18:16 Reason to skip: Prerequisites not met (ie missing tool, other type of Linux distribution)
2026-09-24 17:18:16 ====
2026-09-24 17:18:16 Skipped test HTTP-6641 (Determining existence of specific Apache modules)
2026-09-24 17:18:16 Reason to skip: Prerequisites not met (ie missing tool, other type of Linux distribution)
2026-09-24 17:18:16 ====
2026-09-24 17:18:16 Skipped test HTTP-6643 (Determining existence of specific Apache modules)
2026-09-24 17:18:16 Reason to skip: Prerequisites not met (ie missing tool, other type of Linux distribution)
2026-09-24 17:18:16 ====
2026-09-24 17:18:16 Performing test ID HTTP-6702 (Check nginx process)
2026-09-24 17:18:16 Test: searching running nginx process
2026-09-24 17:18:16 Performing pgrep scan without uid
2026-09-24 17:18:16 IsRunning: process 'nginx' not found
2026-09-24 17:18:16 Result: no running nginx process found
2026-09-24 17:18:16 ====
2026-09-24 17:18:16 Skipped test HTTP-6704 (Check nginx configuration file)
2026-09-24 17:18:16 Reason to skip: Prerequisites not met (ie missing tool, other type of Linux distribution)
2026-09-24 17:18:16 ====
2026-09-24 17:18:16 Skipped test HTTP-6706 (Check for additional nginx configuration files)
2026-09-24 17:18:16 Reason to skip: Prerequisites not met (ie missing tool, other type of Linux distribution)
2026-09-24 17:18:16 ====
2026-09-24 17:18:16 Skipped test HTTP-6708 (Check discovered nginx configuration settings)
2026-09-24 17:18:16 Reason to skip: Prerequisites not met (ie missing tool, other type of Linux distribution)
2026-09-24 17:18:16 ====
2026-09-24 17:18:16 Skipped test HTTP-6710 (Check nginx SSL configuration settings)
2026-09-24 17:18:16 Reason to skip: Prerequisites not met (ie missing tool, other type of Linux distribution)
2026-09-24 17:18:16 ====
2026-09-24 17:18:16 Skipped test HTTP-6712 (Check nginx access logging)
2026-09-24 17:18:16 Reason to skip: Prerequisites not met (ie missing tool, other type of Linux distribution)
2026-09-24 17:18:16 ====
2026-09-24 17:18:16 Skipped test HTTP-6714 (Check for missing error logs in nginx)
2026-09-24 17:18:16 Reason to skip: Prerequisites not met (ie missing tool, other type of Linux distribution)
2026-09-24 17:18:16 ====
2026-09-24 17:18:16 Skipped test HTTP-6716 (Check for debug mode on error log in nginx)
2026-09-24 17:18:16 Reason to skip: Prerequisites not met (ie missing tool, other type of Linux distribution)
2026-09-24 17:18:16 ====
2026-09-24 17:18:16 Skipped test HTTP-6720 (Check Nginx log files)
2026-09-24 17:18:16 Reason to skip: Prerequisites not met (ie missing tool, other type of Linux distribution)
2026-09-24 17:18:16 Security check: file is normal
2026-09-24 17:18:16 Checking permissions of /usr/share/lynis/include/tests_ssh
2026-09-24 17:18:16 File permissions are OK
2026-09-24 17:18:16 ====
2026-09-24 17:18:16 Action: Performing tests from category: SSH Support
2026-09-24 17:18:16 ====
2026-09-24 17:18:16 Performing test ID SSH-7402 (Check for running SSH daemon)
2026-09-24 17:18:16 Test: Searching for a SSH daemon
2026-09-24 17:18:16 Performing pgrep scan without uid
2026-09-24 17:18:16 IsRunning: process 'sshd' found (3794 32366 )
2026-09-24 17:18:16 Action: created temporary file /tmp/lynis.s22Daf928M
2026-09-24 17:18:16 ====
2026-09-24 17:18:16 Performing test ID SSH-7404 (Check SSH daemon file location)
2026-09-24 17:18:16 Test: searching for sshd_config file
2026-09-24 17:18:16 Result: /etc/ssh/sshd_config exists
2026-09-24 17:18:16 Test: check if we can access /etc/ssh/sshd_config (escaped: /etc/ssh/sshd_config)
2026-09-24 17:18:16 Result: file is owned by our current user ID (0), checking if it is readable
2026-09-24 17:18:16 Result: file /etc/ssh/sshd_config is readable (or directory accessible).
2026-09-24 17:18:16 Result: using last found configuration file: /etc/ssh/sshd_config
2026-09-24 17:18:16 ====
2026-09-24 17:18:16 Performing test ID SSH-7406 (Determine OpenSSH version)
2026-09-24 17:18:16 Result: discovered OpenSSH version is 8.9
2026-09-24 17:18:16 Result: OpenSSH major version: 8
2026-09-24 17:18:16 Result: OpenSSH minor version: 9
2026-09-24 17:18:16 ====
2026-09-24 17:18:16 Performing test ID SSH-7408 (Check SSH specific defined options)
2026-09-24 17:18:16 Test: Checking specific defined options in /tmp/lynis.s22Daf928M
2026-09-24 17:18:16 Test: Checking AllowTcpForwarding in /tmp/lynis.s22Daf928M
2026-09-24 17:18:16 Result: Option AllowTcpForwarding found
2026-09-24 17:18:16 Result: Option AllowTcpForwarding value is YES
2026-09-24 17:18:16 Result: OpenSSH option AllowTcpForwarding is in a weak configuration state and should be fixed
2026-09-24 17:18:16 Suggestion: Consider hardening SSH configuration [test:SSH-7408] [details:AllowTcpForwarding (set YES to NO)] [solution:-]
2026-09-24 17:18:16 Hardening: assigned partial number of hardening points (0 of 3). Currently having 123 points (out of 179)
2026-09-24 17:18:16 Test: Checking ClientAliveCountMax in /tmp/lynis.s22Daf928M
2026-09-24 17:18:16 Result: Option ClientAliveCountMax found
2026-09-24 17:18:16 Result: Option ClientAliveCountMax value is 3
2026-09-24 17:18:16 Result: OpenSSH option ClientAliveCountMax is configured reasonably
2026-09-24 17:18:16 Suggestion: Consider hardening SSH configuration [test:SSH-7408] [details:ClientAliveCountMax (set 3 to 2)] [solution:-]
2026-09-24 17:18:16 Hardening: assigned partial number of hardening points (1 of 3). Currently having 124 points (out of 182)
2026-09-24 17:18:16 Test: Checking ClientAliveInterval in /tmp/lynis.s22Daf928M
2026-09-24 17:18:16 Result: Option ClientAliveInterval found
2026-09-24 17:18:16 Result: Option ClientAliveInterval value is 0
2026-09-24 17:18:16 Result: OpenSSH option ClientAliveInterval is configured very well
2026-09-24 17:18:16 Hardening: assigned maximum number of hardening points for this item (3). Currently having 127 points (out of 185)
2026-09-24 17:18:16 Test: Checking Compression in /tmp/lynis.s22Daf928M
2026-09-24 17:18:16 Result: Option Compression found
2026-09-24 17:18:16 Result: Option Compression value is YES
2026-09-24 17:18:16 Result: OpenSSH option Compression is in a weak configuration state and should be fixed
2026-09-24 17:18:16 Suggestion: Consider hardening SSH configuration [test:SSH-7408] [details:Compression (set YES to NO)] [solution:-]
2026-09-24 17:18:16 Hardening: assigned partial number of hardening points (0 of 3). Currently having 127 points (out of 188)
2026-09-24 17:18:16 Test: Checking FingerprintHash in /tmp/lynis.s22Daf928M
2026-09-24 17:18:16 Result: Option FingerprintHash found
2026-09-24 17:18:16 Result: Option FingerprintHash value is SHA256
2026-09-24 17:18:16 Result: OpenSSH option FingerprintHash is configured very well
2026-09-24 17:18:16 Hardening: assigned maximum number of hardening points for this item (3). Currently having 130 points (out of 191)
2026-09-24 17:18:16 Test: Checking GatewayPorts in /tmp/lynis.s22Daf928M
2026-09-24 17:18:16 Result: Option GatewayPorts found
2026-09-24 17:18:16 Result: Option GatewayPorts value is NO
2026-09-24 17:18:16 Result: OpenSSH option GatewayPorts is configured very well
2026-09-24 17:18:16 Hardening: assigned maximum number of hardening points for this item (3). Currently having 133 points (out of 194)
2026-09-24 17:18:16 Test: Checking IgnoreRhosts in /tmp/lynis.s22Daf928M
2026-09-24 17:18:16 Result: Option IgnoreRhosts found
2026-09-24 17:18:16 Result: Option IgnoreRhosts value is YES
2026-09-24 17:18:16 Result: OpenSSH option IgnoreRhosts is configured very well
2026-09-24 17:18:16 Hardening: assigned maximum number of hardening points for this item (3). Currently having 136 points (out of 197)
2026-09-24 17:18:16 Test: Checking LoginGraceTime in /tmp/lynis.s22Daf928M
2026-09-24 17:18:16 Result: Option LoginGraceTime found
2026-09-24 17:18:16 Result: Option LoginGraceTime value is 120
2026-09-24 17:18:16 Result: OpenSSH option LoginGraceTime is configured very well
2026-09-24 17:18:16 Hardening: assigned maximum number of hardening points for this item (3). Currently having 139 points (out of 200)
2026-09-24 17:18:16 Test: Checking LogLevel in /tmp/lynis.s22Daf928M
2026-09-24 17:18:16 Result: Option LogLevel found
2026-09-24 17:18:16 Result: Option LogLevel value is INFO
2026-09-24 17:18:16 Result: OpenSSH option LogLevel is configured reasonably
2026-09-24 17:18:16 Suggestion: Consider hardening SSH configuration [test:SSH-7408] [details:LogLevel (set INFO to VERBOSE)] [solution:-]
2026-09-24 17:18:16 Hardening: assigned partial number of hardening points (1 of 3). Currently having 140 points (out of 203)
2026-09-24 17:18:16 Test: Checking MaxAuthTries in /tmp/lynis.s22Daf928M
2026-09-24 17:18:16 Result: Option MaxAuthTries found
2026-09-24 17:18:16 Result: Option MaxAuthTries value is 6
2026-09-24 17:18:16 Result: OpenSSH option MaxAuthTries is configured reasonably
2026-09-24 17:18:16 Suggestion: Consider hardening SSH configuration [test:SSH-7408] [details:MaxAuthTries (set 6 to 3)] [solution:-]
2026-09-24 17:18:16 Hardening: assigned partial number of hardening points (1 of 3). Currently having 141 points (out of 206)
2026-09-24 17:18:16 Test: Checking MaxSessions in /tmp/lynis.s22Daf928M
2026-09-24 17:18:16 Result: Option MaxSessions found
2026-09-24 17:18:16 Result: Option MaxSessions value is 10
2026-09-24 17:18:16 Result: OpenSSH option MaxSessions is in a weak configuration state and should be fixed
2026-09-24 17:18:16 Suggestion: Consider hardening SSH configuration [test:SSH-7408] [details:MaxSessions (set 10 to 2)] [solution:-]
2026-09-24 17:18:16 Hardening: assigned partial number of hardening points (0 of 3). Currently having 141 points (out of 209)
2026-09-24 17:18:16 Test: Checking PermitRootLogin in /tmp/lynis.s22Daf928M
2026-09-24 17:18:16 Result: Option PermitRootLogin found
2026-09-24 17:18:16 Result: Option PermitRootLogin value is YES
2026-09-24 17:18:16 Result: OpenSSH option PermitRootLogin is in a weak configuration state and should be fixed
2026-09-24 17:18:16 Suggestion: Consider hardening SSH configuration [test:SSH-7408] [details:PermitRootLogin (set YES to (FORCED-COMMANDS-ONLY|NO|PROHIBIT-PASSWORD|WITHOUT-PASSWORD))] [solution:-]
2026-09-24 17:18:16 Hardening: assigned partial number of hardening points (0 of 3). Currently having 141 points (out of 212)
2026-09-24 17:18:16 Test: Checking PermitUserEnvironment in /tmp/lynis.s22Daf928M
2026-09-24 17:18:16 Result: Option PermitUserEnvironment found
2026-09-24 17:18:16 Result: Option PermitUserEnvironment value is NO
2026-09-24 17:18:16 Result: OpenSSH option PermitUserEnvironment is configured very well
2026-09-24 17:18:16 Hardening: assigned maximum number of hardening points for this item (3). Currently having 144 points (out of 215)
2026-09-24 17:18:16 Test: Checking PermitTunnel in /tmp/lynis.s22Daf928M
2026-09-24 17:18:16 Result: Option PermitTunnel found
2026-09-24 17:18:16 Result: Option PermitTunnel value is NO
2026-09-24 17:18:16 Result: OpenSSH option PermitTunnel is configured very well
2026-09-24 17:18:16 Hardening: assigned maximum number of hardening points for this item (3). Currently having 147 points (out of 218)
2026-09-24 17:18:16 Test: Checking Port in /tmp/lynis.s22Daf928M
2026-09-24 17:18:16 Result: Option Port found
2026-09-24 17:18:16 Result: Option Port value is 8012
2026-09-24 17:18:16 Result: OpenSSH option Port is configured very well
2026-09-24 17:18:16 Hardening: assigned maximum number of hardening points for this item (3). Currently having 150 points (out of 221)
2026-09-24 17:18:16 Test: Checking PrintLastLog in /tmp/lynis.s22Daf928M
2026-09-24 17:18:16 Result: Option PrintLastLog found
2026-09-24 17:18:16 Result: Option PrintLastLog value is YES
2026-09-24 17:18:16 Result: OpenSSH option PrintLastLog is configured very well
2026-09-24 17:18:16 Hardening: assigned maximum number of hardening points for this item (3). Currently having 153 points (out of 224)
2026-09-24 17:18:16 Test: Checking StrictModes in /tmp/lynis.s22Daf928M
2026-09-24 17:18:16 Result: Option StrictModes found
2026-09-24 17:18:16 Result: Option StrictModes value is YES
2026-09-24 17:18:16 Result: OpenSSH option StrictModes is configured very well
2026-09-24 17:18:16 Hardening: assigned maximum number of hardening points for this item (3). Currently having 156 points (out of 227)
2026-09-24 17:18:16 Test: Checking TCPKeepAlive in /tmp/lynis.s22Daf928M
2026-09-24 17:18:16 Result: Option TCPKeepAlive found
2026-09-24 17:18:16 Result: Option TCPKeepAlive value is YES
2026-09-24 17:18:16 Result: OpenSSH option TCPKeepAlive is in a weak configuration state and should be fixed
2026-09-24 17:18:16 Suggestion: Consider hardening SSH configuration [test:SSH-7408] [details:TCPKeepAlive (set YES to NO)] [solution:-]
2026-09-24 17:18:16 Hardening: assigned partial number of hardening points (0 of 3). Currently having 156 points (out of 230)
2026-09-24 17:18:16 Test: Checking UseDNS in /tmp/lynis.s22Daf928M
2026-09-24 17:18:16 Result: Option UseDNS found
2026-09-24 17:18:16 Result: Option UseDNS value is NO
2026-09-24 17:18:16 Result: OpenSSH option UseDNS is configured very well
2026-09-24 17:18:16 Hardening: assigned maximum number of hardening points for this item (3). Currently having 159 points (out of 233)
2026-09-24 17:18:16 Test: Checking X11Forwarding in /tmp/lynis.s22Daf928M
2026-09-24 17:18:16 Result: Option X11Forwarding found
2026-09-24 17:18:16 Result: Option X11Forwarding value is YES
2026-09-24 17:18:16 Result: OpenSSH option X11Forwarding is in a weak configuration state and should be fixed
2026-09-24 17:18:16 Suggestion: Consider hardening SSH configuration [test:SSH-7408] [details:X11Forwarding (set YES to NO)] [solution:-]
2026-09-24 17:18:16 Hardening: assigned partial number of hardening points (0 of 3). Currently having 159 points (out of 236)
2026-09-24 17:18:16 Test: Checking AllowAgentForwarding in /tmp/lynis.s22Daf928M
2026-09-24 17:18:16 Result: Option AllowAgentForwarding found
2026-09-24 17:18:16 Result: Option AllowAgentForwarding value is YES
2026-09-24 17:18:16 Result: OpenSSH option AllowAgentForwarding is in a weak configuration state and should be fixed
2026-09-24 17:18:16 Suggestion: Consider hardening SSH configuration [test:SSH-7408] [details:AllowAgentForwarding (set YES to NO)] [solution:-]
2026-09-24 17:18:16 Hardening: assigned partial number of hardening points (0 of 3). Currently having 159 points (out of 239)
2026-09-24 17:18:16 ====
2026-09-24 17:18:16 Performing test ID SSH-7440 (Check OpenSSH option: AllowUsers and AllowGroups)
2026-09-24 17:18:16 Result: AllowUsers is not set
2026-09-24 17:18:16 Result: AllowGroups is not set
2026-09-24 17:18:16 Result: SSH has no specific user or group limitation. Most likely all valid users can SSH to this machine.
2026-09-24 17:18:16 Hardening: assigned partial number of hardening points (0 of 1). Currently having 159 points (out of 240)
2026-09-24 17:18:16 Security check: file is normal
2026-09-24 17:18:16 Checking permissions of /usr/share/lynis/include/tests_snmp
2026-09-24 17:18:16 File permissions are OK
2026-09-24 17:18:16 ====
2026-09-24 17:18:16 Action: Performing tests from category: SNMP Support
2026-09-24 17:18:16 ====
2026-09-24 17:18:16 Performing test ID SNMP-3302 (Check for running SNMP daemon)
2026-09-24 17:18:16 Test: Searching for a SNMP daemon
2026-09-24 17:18:16 Performing pgrep scan without uid
2026-09-24 17:18:16 IsRunning: process 'snmpd' not found
2026-09-24 17:18:16 Result: No running SNMP daemon found
2026-09-24 17:18:16 ====
2026-09-24 17:18:16 Skipped test SNMP-3304 (Check SNMP daemon file location)
2026-09-24 17:18:16 Reason to skip: Prerequisites not met (ie missing tool, other type of Linux distribution)
2026-09-24 17:18:16 ====
2026-09-24 17:18:17 Skipped test SNMP-3306 (Check SNMP communities)
2026-09-24 17:18:17 Reason to skip: Prerequisites not met (ie missing tool, other type of Linux distribution)
2026-09-24 17:18:17 Security check: file is normal
2026-09-24 17:18:17 Checking permissions of /usr/share/lynis/include/tests_databases
2026-09-24 17:18:17 File permissions are OK
2026-09-24 17:18:17 ====
2026-09-24 17:18:17 Action: Performing tests from category: Databases
2026-09-24 17:18:17 ====
2026-09-24 17:18:17 Performing test ID DBS-1804 (Checking active MySQL process)
2026-09-24 17:18:17 Result: MySQL process not active
2026-09-24 17:18:17 ====
2026-09-24 17:18:17 Skipped test DBS-1816 (Checking MySQL root password)
2026-09-24 17:18:17 Reason to skip: MySQL not installed, or not running
2026-09-24 17:18:17 Test skipped, MySQL daemon not running or no MySQL client available
2026-09-24 17:18:17 ====
2026-09-24 17:18:17 Performing test ID DBS-1818 (Check status of MongoDB server)
2026-09-24 17:18:17 Performing pgrep scan without uid
2026-09-24 17:18:17 IsRunning: process 'mongod' not found
2026-09-24 17:18:17 ====
2026-09-24 17:18:17 Performing test ID DBS-1820 (Check for authorization in MongoDB)
2026-09-24 17:18:17 ====
2026-09-24 17:18:17 Performing test ID DBS-1826 (Checking active PostgreSQL processes)
2026-09-24 17:18:17 Performing pgrep scan without uid
2026-09-24 17:18:17 IsRunning: process 'postgres' not found
2026-09-24 17:18:17 Result: PostgreSQL process not active
2026-09-24 17:18:17 ====
2026-09-24 17:18:17 Skipped test DBS-1828 (Test PostgreSQL configuration)
2026-09-24 17:18:17 Reason to skip: Prerequisites not met (ie missing tool, other type of Linux distribution)
2026-09-24 17:18:17 ====
2026-09-24 17:18:17 Performing test ID DBS-1840 (Checking active Oracle processes)
2026-09-24 17:18:17 Result: Oracle process(es) not active
2026-09-24 17:18:17 ====
2026-09-24 17:18:17 Performing test ID DBS-1860 (Checking active DB2 instances)
2026-09-24 17:18:17 Performing pgrep scan without uid
2026-09-24 17:18:17 IsRunning: process 'db2sysc' not found
2026-09-24 17:18:17 Result: No DB2 instances are running
2026-09-24 17:18:17 ====
2026-09-24 17:18:17 Performing test ID DBS-1880 (Check for active Redis server)
2026-09-24 17:18:17 Performing pgrep scan without uid
2026-09-24 17:18:17 IsRunning: process 'redis-server' not found
2026-09-24 17:18:17 Result: No Redis processes are running
2026-09-24 17:18:17 ====
2026-09-24 17:18:17 Skipped test DBS-1882 (Redis configuration file)
2026-09-24 17:18:17 Reason to skip: Redis not running
2026-09-24 17:18:17 ====
2026-09-24 17:18:17 Skipped test DBS-1884 (Redis: requirepass option configured)
2026-09-24 17:18:17 Reason to skip: Redis not running, or no configuration file found
2026-09-24 17:18:17 ====
2026-09-24 17:18:17 Skipped test DBS-1886 (Redis: rename-command CONFIG used)
2026-09-24 17:18:17 Reason to skip: Redis not running, or no configuration found
2026-09-24 17:18:17 ====
2026-09-24 17:18:17 Skipped test DBS-1888 (Redis: bind on localhost)
2026-09-24 17:18:17 Reason to skip: Redis not running, or no configuration found
2026-09-24 17:18:17 Security check: file is normal
2026-09-24 17:18:17 Checking permissions of /usr/share/lynis/include/tests_ldap
2026-09-24 17:18:17 File permissions are OK
2026-09-24 17:18:17 ====
2026-09-24 17:18:17 Action: Performing tests from category: LDAP Services
2026-09-24 17:18:17 ====
2026-09-24 17:18:17 Performing test ID LDAP-2219 (Check running OpenLDAP instance)
2026-09-24 17:18:17 Performing pgrep scan without uid
2026-09-24 17:18:17 IsRunning: process 'slapd' not found
2026-09-24 17:18:17 Result: No running slapd process found.
2026-09-24 17:18:17 ====
2026-09-24 17:18:17 Skipped test LDAP-2224 (Check presence slapd.conf)
2026-09-24 17:18:17 Reason to skip: Prerequisites not met (ie missing tool, other type of Linux distribution)
2026-09-24 17:18:17 Security check: file is normal
2026-09-24 17:18:17 Checking permissions of /usr/share/lynis/include/tests_php
2026-09-24 17:18:17 File permissions are OK
2026-09-24 17:18:17 ====
2026-09-24 17:18:17 Action: Performing tests from category: PHP
2026-09-24 17:18:17 ====
2026-09-24 17:18:17 Performing test ID PHP-2211 (Check php.ini presence)
2026-09-24 17:18:17 Test: Checking for presence php.ini
2026-09-24 17:18:17 Test: checking presence /etc/php.ini
2026-09-24 17:18:17 Result: file /etc/php.ini not found
2026-09-24 17:18:17 Test: checking presence /etc/php.ini.default
2026-09-24 17:18:17 Result: file /etc/php.ini.default not found
2026-09-24 17:18:17 Test: checking presence /etc/php/php.ini
2026-09-24 17:18:17 Result: file /etc/php/php.ini not found
2026-09-24 17:18:17 Test: checking presence /etc/php5.5/php.ini
2026-09-24 17:18:17 Result: file /etc/php5.5/php.ini not found
2026-09-24 17:18:17 Test: checking presence /etc/php5.6/php.ini
2026-09-24 17:18:17 Result: file /etc/php5.6/php.ini not found
2026-09-24 17:18:17 Test: checking presence /etc/php7.0/php.ini
2026-09-24 17:18:17 Result: file /etc/php7.0/php.ini not found
2026-09-24 17:18:17 Test: checking presence /etc/php7.1/php.ini
2026-09-24 17:18:17 Result: file /etc/php7.1/php.ini not found
2026-09-24 17:18:17 Test: checking presence /etc/php7.2/php.ini
2026-09-24 17:18:17 Result: file /etc/php7.2/php.ini not found
2026-09-24 17:18:17 Test: checking presence /etc/php7.3/php.ini
2026-09-24 17:18:17 Result: file /etc/php7.3/php.ini not found
2026-09-24 17:18:17 Test: checking presence /etc/php7.4/php.ini
2026-09-24 17:18:17 Result: file /etc/php7.4/php.ini not found
2026-09-24 17:18:17 Test: checking presence /etc/php/cgi-php5/php.ini
2026-09-24 17:18:17 Result: file /etc/php/cgi-php5/php.ini not found
2026-09-24 17:18:17 Test: checking presence /etc/php/cli-php5/php.ini
2026-09-24 17:18:17 Result: file /etc/php/cli-php5/php.ini not found
2026-09-24 17:18:17 Test: checking presence /etc/php/apache2-php5/php.ini
2026-09-24 17:18:17 Result: file /etc/php/apache2-php5/php.ini not found
2026-09-24 17:18:17 Test: checking presence /etc/php/apache2-php5.5/php.ini
2026-09-24 17:18:17 Result: file /etc/php/apache2-php5.5/php.ini not found
2026-09-24 17:18:17 Test: checking presence /etc/php/apache2-php5.6/php.ini
2026-09-24 17:18:17 Result: file /etc/php/apache2-php5.6/php.ini not found
2026-09-24 17:18:17 Test: checking presence /etc/php/apache2-php7.0/php.ini
2026-09-24 17:18:17 Result: file /etc/php/apache2-php7.0/php.ini not found
2026-09-24 17:18:17 Test: checking presence /etc/php/apache2-php7.1/php.ini
2026-09-24 17:18:17 Result: file /etc/php/apache2-php7.1/php.ini not found
2026-09-24 17:18:17 Test: checking presence /etc/php/apache2-php7.2/php.ini
2026-09-24 17:18:17 Result: file /etc/php/apache2-php7.2/php.ini not found
2026-09-24 17:18:17 Test: checking presence /etc/php/apache2-php7.3/php.ini
2026-09-24 17:18:17 Result: file /etc/php/apache2-php7.3/php.ini not found
2026-09-24 17:18:17 Test: checking presence /etc/php/apache2-php7.4/php.ini
2026-09-24 17:18:17 Result: file /etc/php/apache2-php7.4/php.ini not found
2026-09-24 17:18:17 Test: checking presence /etc/php/cgi-php5.5/php.ini
2026-09-24 17:18:17 Result: file /etc/php/cgi-php5.5/php.ini not found
2026-09-24 17:18:17 Test: checking presence /etc/php/cgi-php5.6/php.ini
2026-09-24 17:18:17 Result: file /etc/php/cgi-php5.6/php.ini not found
2026-09-24 17:18:17 Test: checking presence /etc/php/cgi-php7.0/php.ini
2026-09-24 17:18:17 Result: file /etc/php/cgi-php7.0/php.ini not found
2026-09-24 17:18:17 Test: checking presence /etc/php/cgi-php7.1/php.ini
2026-09-24 17:18:17 Result: file /etc/php/cgi-php7.1/php.ini not found
2026-09-24 17:18:17 Test: checking presence /etc/php/cgi-php7.2/php.ini
2026-09-24 17:18:17 Result: file /etc/php/cgi-php7.2/php.ini not found
2026-09-24 17:18:17 Test: checking presence /etc/php/cgi-php7.3/php.ini
2026-09-24 17:18:17 Result: file /etc/php/cgi-php7.3/php.ini not found
2026-09-24 17:18:17 Test: checking presence /etc/php/cgi-php7.4/php.ini
2026-09-24 17:18:17 Result: file /etc/php/cgi-php7.4/php.ini not found
2026-09-24 17:18:17 Test: checking presence /etc/php/cli-php5.5/php.ini
2026-09-24 17:18:17 Result: file /etc/php/cli-php5.5/php.ini not found
2026-09-24 17:18:17 Test: checking presence /etc/php/cli-php5.6/php.ini
2026-09-24 17:18:17 Result: file /etc/php/cli-php5.6/php.ini not found
2026-09-24 17:18:17 Test: checking presence /etc/php/cli-php7.0/php.ini
2026-09-24 17:18:17 Result: file /etc/php/cli-php7.0/php.ini not found
2026-09-24 17:18:17 Test: checking presence /etc/php/cli-php7.1/php.ini
2026-09-24 17:18:17 Result: file /etc/php/cli-php7.1/php.ini not found
2026-09-24 17:18:17 Test: checking presence /etc/php/cli-php7.2/php.ini
2026-09-24 17:18:17 Result: file /etc/php/cli-php7.2/php.ini not found
2026-09-24 17:18:17 Test: checking presence /etc/php/cli-php7.3/php.ini
2026-09-24 17:18:17 Result: file /etc/php/cli-php7.3/php.ini not found
2026-09-24 17:18:17 Test: checking presence /etc/php/cli-php7.4/php.ini
2026-09-24 17:18:17 Result: file /etc/php/cli-php7.4/php.ini not found
2026-09-24 17:18:17 Test: checking presence /etc/php/embed-php5.5/php.ini
2026-09-24 17:18:17 Result: file /etc/php/embed-php5.5/php.ini not found
2026-09-24 17:18:17 Test: checking presence /etc/php/embed-php5.6/php.ini
2026-09-24 17:18:17 Result: file /etc/php/embed-php5.6/php.ini not found
2026-09-24 17:18:17 Test: checking presence /etc/php/embed-php7.0/php.ini
2026-09-24 17:18:17 Result: file /etc/php/embed-php7.0/php.ini not found
2026-09-24 17:18:17 Test: checking presence /etc/php/embed-php7.1/php.ini
2026-09-24 17:18:17 Result: file /etc/php/embed-php7.1/php.ini not found
2026-09-24 17:18:17 Test: checking presence /etc/php/embed-php7.2/php.ini
2026-09-24 17:18:17 Result: file /etc/php/embed-php7.2/php.ini not found
2026-09-24 17:18:17 Test: checking presence /etc/php/embed-php7.3/php.ini
2026-09-24 17:18:17 Result: file /etc/php/embed-php7.3/php.ini not found
2026-09-24 17:18:17 Test: checking presence /etc/php/embed-php7.4/php.ini
2026-09-24 17:18:17 Result: file /etc/php/embed-php7.4/php.ini not found
2026-09-24 17:18:17 Test: checking presence /etc/php/fpm-php7.4/php.ini
2026-09-24 17:18:17 Result: file /etc/php/fpm-php7.4/php.ini not found
2026-09-24 17:18:17 Test: checking presence /etc/php/fpm-php7.3/php.ini
2026-09-24 17:18:17 Result: file /etc/php/fpm-php7.3/php.ini not found
2026-09-24 17:18:17 Test: checking presence /etc/php/fpm-php7.2/php.ini
2026-09-24 17:18:17 Result: file /etc/php/fpm-php7.2/php.ini not found
2026-09-24 17:18:17 Test: checking presence /etc/php/fpm-php7.1/php.ini
2026-09-24 17:18:17 Result: file /etc/php/fpm-php7.1/php.ini not found
2026-09-24 17:18:17 Test: checking presence /etc/php/fpm-php7.0/php.ini
2026-09-24 17:18:17 Result: file /etc/php/fpm-php7.0/php.ini not found
2026-09-24 17:18:17 Test: checking presence /etc/php/fpm-php5.5/php.ini
2026-09-24 17:18:17 Result: file /etc/php/fpm-php5.5/php.ini not found
2026-09-24 17:18:17 Test: checking presence /etc/php/fpm-php5.6/php.ini
2026-09-24 17:18:17 Result: file /etc/php/fpm-php5.6/php.ini not found
2026-09-24 17:18:17 Test: checking presence /etc/php5/cgi/php.ini
2026-09-24 17:18:17 Result: file /etc/php5/cgi/php.ini not found
2026-09-24 17:18:17 Test: checking presence /etc/php5/cli/php.ini
2026-09-24 17:18:17 Result: file /etc/php5/cli/php.ini not found
2026-09-24 17:18:17 Test: checking presence /etc/php5/cli-php5.4/php.ini
2026-09-24 17:18:17 Result: file /etc/php5/cli-php5.4/php.ini not found
2026-09-24 17:18:17 Test: checking presence /etc/php5/cli-php5.5/php.ini
2026-09-24 17:18:17 Result: file /etc/php5/cli-php5.5/php.ini not found
2026-09-24 17:18:17 Test: checking presence /etc/php5/cli-php5.6/php.ini
2026-09-24 17:18:17 Result: file /etc/php5/cli-php5.6/php.ini not found
2026-09-24 17:18:17 Test: checking presence /etc/php5/apache2/php.ini
2026-09-24 17:18:17 Result: file /etc/php5/apache2/php.ini not found
2026-09-24 17:18:17 Test: checking presence /etc/php5/fpm/php.ini
2026-09-24 17:18:17 Result: file /etc/php5/fpm/php.ini not found
2026-09-24 17:18:17 Test: checking presence /private/etc/php.ini
2026-09-24 17:18:17 Result: file /private/etc/php.ini not found
2026-09-24 17:18:17 Test: checking presence /etc/php/7.0/apache2/php.ini
2026-09-24 17:18:17 Result: file /etc/php/7.0/apache2/php.ini not found
2026-09-24 17:18:17 Test: checking presence /etc/php/7.1/apache2/php.ini
2026-09-24 17:18:17 Result: file /etc/php/7.1/apache2/php.ini not found
2026-09-24 17:18:17 Test: checking presence /etc/php/7.2/apache2/php.ini
2026-09-24 17:18:17 Result: file /etc/php/7.2/apache2/php.ini not found
2026-09-24 17:18:17 Test: checking presence /etc/php/7.3/apache2/php.ini
2026-09-24 17:18:17 Result: file /etc/php/7.3/apache2/php.ini not found
2026-09-24 17:18:17 Test: checking presence /etc/php/7.4/apache2/php.ini
2026-09-24 17:18:17 Result: file /etc/php/7.4/apache2/php.ini not found
2026-09-24 17:18:17 Test: checking presence /etc/php/7.0/cli/php.ini
2026-09-24 17:18:17 Result: file /etc/php/7.0/cli/php.ini not found
2026-09-24 17:18:17 Test: checking presence /etc/php/7.0/fpm/php.ini
2026-09-24 17:18:17 Result: file /etc/php/7.0/fpm/php.ini not found
2026-09-24 17:18:17 Test: checking presence /etc/php/7.1/cli/php.ini
2026-09-24 17:18:17 Result: file /etc/php/7.1/cli/php.ini not found
2026-09-24 17:18:17 Test: checking presence /etc/php/7.1/fpm/php.ini
2026-09-24 17:18:17 Result: file /etc/php/7.1/fpm/php.ini not found
2026-09-24 17:18:17 Test: checking presence /etc/php/7.2/cli/php.ini
2026-09-24 17:18:17 Result: file /etc/php/7.2/cli/php.ini not found
2026-09-24 17:18:17 Test: checking presence /etc/php/7.2/fpm/php.ini
2026-09-24 17:18:17 Result: file /etc/php/7.2/fpm/php.ini not found
2026-09-24 17:18:17 Test: checking presence /etc/php/7.3/cli/php.ini
2026-09-24 17:18:17 Result: file /etc/php/7.3/cli/php.ini not found
2026-09-24 17:18:17 Test: checking presence /etc/php/7.3/fpm/php.ini
2026-09-24 17:18:17 Result: file /etc/php/7.3/fpm/php.ini not found
2026-09-24 17:18:17 Test: checking presence /etc/php/7.4/cli/php.ini
2026-09-24 17:18:17 Result: file /etc/php/7.4/cli/php.ini not found
2026-09-24 17:18:17 Test: checking presence /etc/php/7.4/fpm/php.ini
2026-09-24 17:18:17 Result: file /etc/php/7.4/fpm/php.ini not found
2026-09-24 17:18:17 Test: checking presence /var/www/conf/php.ini
2026-09-24 17:18:17 Result: file /var/www/conf/php.ini not found
2026-09-24 17:18:17 Test: checking presence /usr/local/etc/php.ini
2026-09-24 17:18:17 Result: file /usr/local/etc/php.ini not found
2026-09-24 17:18:17 Test: checking presence /usr/local/lib/php.ini
2026-09-24 17:18:17 Result: file /usr/local/lib/php.ini not found
2026-09-24 17:18:17 Test: checking presence /usr/local/etc/php5/cgi/php.ini
2026-09-24 17:18:17 Result: file /usr/local/etc/php5/cgi/php.ini not found
2026-09-24 17:18:17 Test: checking presence /usr/local/php54/lib/php.ini
2026-09-24 17:18:17 Result: file /usr/local/php54/lib/php.ini not found
2026-09-24 17:18:17 Test: checking presence /usr/local/php56/lib/php.ini
2026-09-24 17:18:17 Result: file /usr/local/php56/lib/php.ini not found
2026-09-24 17:18:17 Test: checking presence /usr/local/php70/lib/php.ini
2026-09-24 17:18:17 Result: file /usr/local/php70/lib/php.ini not found
2026-09-24 17:18:17 Test: checking presence /usr/local/php71/lib/php.ini
2026-09-24 17:18:17 Result: file /usr/local/php71/lib/php.ini not found
2026-09-24 17:18:17 Test: checking presence /usr/local/php72/lib/php.ini
2026-09-24 17:18:17 Result: file /usr/local/php72/lib/php.ini not found
2026-09-24 17:18:17 Test: checking presence /usr/local/php73/lib/php.ini
2026-09-24 17:18:17 Result: file /usr/local/php73/lib/php.ini not found
2026-09-24 17:18:17 Test: checking presence /usr/local/php74/lib/php.ini
2026-09-24 17:18:17 Result: file /usr/local/php74/lib/php.ini not found
2026-09-24 17:18:17 Test: checking presence /usr/local/zend/etc/php.ini
2026-09-24 17:18:17 Result: file /usr/local/zend/etc/php.ini not found
2026-09-24 17:18:17 Test: checking presence /usr/pkg/etc/php.ini
2026-09-24 17:18:17 Result: file /usr/pkg/etc/php.ini not found
2026-09-24 17:18:17 Test: checking presence /opt/cpanel/ea-php54/root/etc/php.ini
2026-09-24 17:18:17 Result: file /opt/cpanel/ea-php54/root/etc/php.ini not found
2026-09-24 17:18:17 Test: checking presence /opt/cpanel/ea-php55/root/etc/php.ini
2026-09-24 17:18:17 Result: file /opt/cpanel/ea-php55/root/etc/php.ini not found
2026-09-24 17:18:17 Test: checking presence /opt/cpanel/ea-php56/root/etc/php.ini
2026-09-24 17:18:17 Result: file /opt/cpanel/ea-php56/root/etc/php.ini not found
2026-09-24 17:18:17 Test: checking presence /opt/cpanel/ea-php70/root/etc/php.ini
2026-09-24 17:18:17 Result: file /opt/cpanel/ea-php70/root/etc/php.ini not found
2026-09-24 17:18:17 Test: checking presence /opt/cpanel/ea-php71/root/etc/php.ini
2026-09-24 17:18:17 Result: file /opt/cpanel/ea-php71/root/etc/php.ini not found
2026-09-24 17:18:17 Test: checking presence /opt/cpanel/ea-php72/root/etc/php.ini
2026-09-24 17:18:17 Result: file /opt/cpanel/ea-php72/root/etc/php.ini not found
2026-09-24 17:18:17 Test: checking presence /opt/cpanel/ea-php73/root/etc/php.ini
2026-09-24 17:18:17 Result: file /opt/cpanel/ea-php73/root/etc/php.ini not found
2026-09-24 17:18:17 Test: checking presence /opt/cpanel/ea-php74/root/etc/php.ini
2026-09-24 17:18:17 Result: file /opt/cpanel/ea-php74/root/etc/php.ini not found
2026-09-24 17:18:17 Test: checking presence /opt/alt/php44/etc/php.ini
2026-09-24 17:18:17 Result: file /opt/alt/php44/etc/php.ini not found
2026-09-24 17:18:17 Test: checking presence /opt/alt/php51/etc/php.ini
2026-09-24 17:18:17 Result: file /opt/alt/php51/etc/php.ini not found
2026-09-24 17:18:17 Test: checking presence /opt/alt/php52/etc/php.ini
2026-09-24 17:18:17 Result: file /opt/alt/php52/etc/php.ini not found
2026-09-24 17:18:17 Test: checking presence /opt/alt/php53/etc/php.ini
2026-09-24 17:18:17 Result: file /opt/alt/php53/etc/php.ini not found
2026-09-24 17:18:17 Test: checking presence /opt/alt/php54/etc/php.ini
2026-09-24 17:18:17 Result: file /opt/alt/php54/etc/php.ini not found
2026-09-24 17:18:17 Test: checking presence /opt/alt/php55/etc/php.ini
2026-09-24 17:18:17 Result: file /opt/alt/php55/etc/php.ini not found
2026-09-24 17:18:17 Test: checking presence /opt/alt/php56/etc/php.ini
2026-09-24 17:18:17 Result: file /opt/alt/php56/etc/php.ini not found
2026-09-24 17:18:17 Test: checking presence /opt/alt/php70/etc/php.ini
2026-09-24 17:18:17 Result: file /opt/alt/php70/etc/php.ini not found
2026-09-24 17:18:17 Test: checking presence /opt/alt/php71/etc/php.ini
2026-09-24 17:18:17 Result: file /opt/alt/php71/etc/php.ini not found
2026-09-24 17:18:17 Test: checking presence /opt/alt/php72/etc/php.ini
2026-09-24 17:18:17 Result: file /opt/alt/php72/etc/php.ini not found
2026-09-24 17:18:17 Test: checking presence /opt/alt/php73/etc/php.ini
2026-09-24 17:18:17 Result: file /opt/alt/php73/etc/php.ini not found
2026-09-24 17:18:17 Test: checking presence /opt/alt/php74/etc/php.ini
2026-09-24 17:18:17 Result: file /opt/alt/php74/etc/php.ini not found
2026-09-24 17:18:17 Test: checking presence /etc/opt/remi/php56/php.ini
2026-09-24 17:18:17 Result: file /etc/opt/remi/php56/php.ini not found
2026-09-24 17:18:17 Test: checking presence /etc/opt/remi/php70/php.ini
2026-09-24 17:18:17 Result: file /etc/opt/remi/php70/php.ini not found
2026-09-24 17:18:17 Test: checking presence /etc/opt/remi/php71/php.ini
2026-09-24 17:18:17 Result: file /etc/opt/remi/php71/php.ini not found
2026-09-24 17:18:17 Test: checking presence /etc/opt/remi/php72/php.ini
2026-09-24 17:18:17 Result: file /etc/opt/remi/php72/php.ini not found
2026-09-24 17:18:17 Test: checking presence /etc/opt/remi/php73/php.ini
2026-09-24 17:18:17 Result: file /etc/opt/remi/php73/php.ini not found
2026-09-24 17:18:17 Test: checking presence /etc/opt/remi/php74/php.ini
2026-09-24 17:18:17 Result: file /etc/opt/remi/php74/php.ini not found
2026-09-24 17:18:17 Test: checking presence /etc/php-5.6.ini
2026-09-24 17:18:17 Result: file /etc/php-5.6.ini not found
2026-09-24 17:18:17 Test: checking presence /etc/php-7.0.ini
2026-09-24 17:18:17 Result: file /etc/php-7.0.ini not found
2026-09-24 17:18:17 Test: checking presence /etc/php-7.1.ini
2026-09-24 17:18:17 Result: file /etc/php-7.1.ini not found
2026-09-24 17:18:17 Test: checking presence /etc/php-7.2.ini
2026-09-24 17:18:17 Result: file /etc/php-7.2.ini not found
2026-09-24 17:18:17 Test: checking presence /etc/php-7.3.ini
2026-09-24 17:18:17 Result: file /etc/php-7.3.ini not found
2026-09-24 17:18:17 Test: checking presence /etc/php-7.4.ini
2026-09-24 17:18:17 Result: file /etc/php-7.4.ini not found
2026-09-24 17:18:17 Result: no files found for /etc/php5/conf.d
2026-09-24 17:18:17 Result: no files found for /etc/php/7.0/cli/conf.d
2026-09-24 17:18:17 Result: no files found for /etc/php/7.1/cli/conf.d
2026-09-24 17:18:17 Result: no files found for /etc/php/7.2/cli/conf.d
2026-09-24 17:18:17 Result: no files found for /etc/php/7.3/cli/conf.d
2026-09-24 17:18:17 Result: no files found for /etc/php/7.4/cli/conf.d
2026-09-24 17:18:17 Result: no files found for /etc/php/7.0/fpm/conf.d
2026-09-24 17:18:17 Result: no files found for /etc/php/7.1/fpm/conf.d
2026-09-24 17:18:17 Result: no files found for /etc/php/7.2/fpm/conf.d
2026-09-24 17:18:17 Result: no files found for /etc/php/7.3/fpm/conf.d
2026-09-24 17:18:17 Result: no files found for /etc/php/7.4/fpm/conf.d
2026-09-24 17:18:17 Result: no files found for /etc/php.d
2026-09-24 17:18:17 Result: no files found for /opt/cpanel/ea-php54/root/etc/php.d
2026-09-24 17:18:17 Result: no files found for /opt/cpanel/ea-php55/root/etc/php.d
2026-09-24 17:18:17 Result: no files found for /opt/cpanel/ea-php56/root/etc/php.d
2026-09-24 17:18:17 Result: no files found for /opt/cpanel/ea-php70/root/etc/php.d
2026-09-24 17:18:17 Result: no files found for /opt/cpanel/ea-php71/root/etc/php.d
2026-09-24 17:18:17 Result: no files found for /opt/cpanel/ea-php72/root/etc/php.d
2026-09-24 17:18:17 Result: no files found for /opt/cpanel/ea-php73/root/etc/php.d
2026-09-24 17:18:17 Result: no files found for /opt/cpanel/ea-php74/root/etc/php.d
2026-09-24 17:18:17 Result: no files found for /opt/alt/php44/etc/php.d.all
2026-09-24 17:18:17 Result: no files found for /opt/alt/php51/etc/php.d.all
2026-09-24 17:18:17 Result: no files found for /opt/alt/php52/etc/php.d.all
2026-09-24 17:18:17 Result: no files found for /opt/alt/php53/etc/php.d.all
2026-09-24 17:18:17 Result: no files found for /opt/alt/php54/etc/php.d.all
2026-09-24 17:18:17 Result: no files found for /opt/alt/php55/etc/php.d.all
2026-09-24 17:18:17 Result: no files found for /opt/alt/php56/etc/php.d.all
2026-09-24 17:18:17 Result: no files found for /opt/alt/php70/etc/php.d.all
2026-09-24 17:18:17 Result: no files found for /opt/alt/php71/etc/php.d.all
2026-09-24 17:18:17 Result: no files found for /opt/alt/php72/etc/php.d.all
2026-09-24 17:18:17 Result: no files found for /opt/alt/php73/etc/php.d.all
2026-09-24 17:18:17 Result: no files found for /opt/alt/php74/etc/php.d.all
2026-09-24 17:18:17 Result: no files found for /usr/local/lib/php.conf.d
2026-09-24 17:18:17 Result: no files found for /usr/local/php70/lib/php.conf.d
2026-09-24 17:18:17 Result: no files found for /usr/local/php71/lib/php.conf.d
2026-09-24 17:18:17 Result: no files found for /usr/local/php72/lib/php.conf.d
2026-09-24 17:18:17 Result: no files found for /usr/local/php73/lib/php.conf.d
2026-09-24 17:18:17 Result: no files found for /usr/local/php74/lib/php.conf.d
2026-09-24 17:18:17 Result: no files found for /etc/php-5.6
2026-09-24 17:18:17 Result: no files found for /etc/php-7.0
2026-09-24 17:18:17 Result: no files found for /etc/php-7.1
2026-09-24 17:18:17 Result: no files found for /etc/php-7.2
2026-09-24 17:18:17 Result: no files found for /etc/php-7.3
2026-09-24 17:18:17 Result: no files found for /etc/php-7.4
2026-09-24 17:18:17 Result: no php.ini file found
2026-09-24 17:18:17 ====
2026-09-24 17:18:17 Skipped test PHP-2320 (Check PHP disabled functions)
2026-09-24 17:18:17 Reason to skip: Prerequisites not met (ie missing tool, other type of Linux distribution)
2026-09-24 17:18:17 ====
2026-09-24 17:18:17 Skipped test PHP-2368 (Check PHP register_globals option)
2026-09-24 17:18:17 Reason to skip: Prerequisites not met (ie missing tool, other type of Linux distribution)
2026-09-24 17:18:17 ====
2026-09-24 17:18:17 Skipped test PHP-2372 (Check PHP expose_php option)
2026-09-24 17:18:17 Reason to skip: Prerequisites not met (ie missing tool, other type of Linux distribution)
2026-09-24 17:18:17 ====
2026-09-24 17:18:17 Skipped test PHP-2374 (Check PHP enable_dl option)
2026-09-24 17:18:17 Reason to skip: Prerequisites not met (ie missing tool, other type of Linux distribution)
2026-09-24 17:18:17 ====
2026-09-24 17:18:17 Skipped test PHP-2376 (Check PHP allow_url_fopen option)
2026-09-24 17:18:17 Reason to skip: Prerequisites not met (ie missing tool, other type of Linux distribution)
2026-09-24 17:18:17 ====
2026-09-24 17:18:17 Skipped test PHP-2378 (Check PHP allow_url_include option)
2026-09-24 17:18:17 Reason to skip: Prerequisites not met (ie missing tool, other type of Linux distribution)
2026-09-24 17:18:17 ====
2026-09-24 17:18:17 Skipped test PHP-2382 (Check PHP expose_php option)
2026-09-24 17:18:17 Reason to skip: Prerequisites not met (ie missing tool, other type of Linux distribution)
2026-09-24 17:18:17 Security check: file is normal
2026-09-24 17:18:17 Checking permissions of /usr/share/lynis/include/tests_squid
2026-09-24 17:18:17 File permissions are OK
2026-09-24 17:18:17 ====
2026-09-24 17:18:17 Action: Performing tests from category: Squid Support
2026-09-24 17:18:17 ====
2026-09-24 17:18:17 Performing test ID SQD-3602 (Check for running Squid daemon)
2026-09-24 17:18:17 Test: Searching for a Squid daemon
2026-09-24 17:18:17 Result: Squid daemon is running
2026-09-24 17:18:17 ====
2026-09-24 17:18:17 Performing test ID SQD-3604 (Check Squid daemon file location)
2026-09-24 17:18:17 Test: searching for squid.conf or squid3.conf file
2026-09-24 17:18:17 Result: /etc/squid/squid.conf exists
2026-09-24 17:18:17 Result: using last found configuration file: /etc/squid/squid.conf
2026-09-24 17:18:17 ====
2026-09-24 17:18:17 Performing test ID SQD-3606 (Check Squid version)
2026-09-24 17:18:17 Result: Squid binary found (/usr/sbin/squid)
2026-09-24 17:18:17 ====
2026-09-24 17:18:17 Performing test ID SQD-3610 (Gather Squid settings)
2026-09-24 17:18:17 Test: Checking all specific defined options in /etc/squid/squid.conf
2026-09-24 17:18:17 Found Squid option: acl localnet src 0.0.0.1-0.255.255.255 # RFC 1122 "this" network (LAN)
2026-09-24 17:18:17 Found Squid option: acl localnet src 10.0.0.0/8  # RFC 1918 local private network (LAN)
2026-09-24 17:18:17 Found Squid option: acl localnet src 100.64.0.0/10  # RFC 6598 shared address space (CGN)
2026-09-24 17:18:17 Found Squid option: acl localnet src 169.254.0.0/16  # RFC 3927 link-local (directly plugged) machines
2026-09-24 17:18:17 Found Squid option: acl localnet src 172.16.0.0/12  # RFC 1918 local private network (LAN)
2026-09-24 17:18:17 Found Squid option: acl localnet src 192.168.0.0/16  # RFC 1918 local private network (LAN)
2026-09-24 17:18:17 Found Squid option: acl localnet src fc00::/7        # RFC 4193 local private network range
2026-09-24 17:18:17 Found Squid option: acl localnet src fe80::/10       # RFC 4291 link-local (directly plugged) machines
2026-09-24 17:18:17 Found Squid option: acl SSL_ports port 443
2026-09-24 17:18:17 Found Squid option: acl Safe_ports port 80  # http
2026-09-24 17:18:17 Found Squid option: acl Safe_ports port 21  # ftp
2026-09-24 17:18:17 Found Squid option: acl Safe_ports port 443  # https
2026-09-24 17:18:17 Found Squid option: acl Safe_ports port 70  # gopher
2026-09-24 17:18:17 Found Squid option: acl Safe_ports port 210  # wais
2026-09-24 17:18:17 Found Squid option: acl Safe_ports port 1025-65535 # unregistered ports
2026-09-24 17:18:17 Found Squid option: acl Safe_ports port 280  # http-mgmt
2026-09-24 17:18:17 Found Squid option: acl Safe_ports port 488  # gss-http
2026-09-24 17:18:17 Found Squid option: acl Safe_ports port 591  # filemaker
2026-09-24 17:18:17 Found Squid option: acl Safe_ports port 777  # multiling http
2026-09-24 17:18:17 Found Squid option: http_access deny !Safe_ports
2026-09-24 17:18:17 Found Squid option: http_access deny CONNECT !SSL_ports
2026-09-24 17:18:17 Found Squid option: http_access allow localhost manager
2026-09-24 17:18:17 Found Squid option: http_access deny manager
2026-09-24 17:18:17 Found Squid option: http_access allow localhost
2026-09-24 17:18:17 Found Squid option: include /etc/squid/conf.d/*.conf
2026-09-24 17:18:17 Found Squid option: http_access deny all
2026-09-24 17:18:17 Found Squid option: http_port 3128
2026-09-24 17:18:17 Found Squid option: coredump_dir /var/spool/squid
2026-09-24 17:18:17 Found Squid option: refresh_pattern ^ftp:  1440 20% 10080
2026-09-24 17:18:17 Found Squid option: refresh_pattern ^gopher: 1440 0% 1440
2026-09-24 17:18:17 Found Squid option: refresh_pattern -i (/cgi-bin/|\?) 0 0% 0
2026-09-24 17:18:17 Found Squid option: refresh_pattern \/(Packages|Sources)(|\.bz2|\.gz|\.xz)$ 0 0% 0 refresh-ims
2026-09-24 17:18:17 Found Squid option: refresh_pattern \/Release(|\.gpg)$ 0 0% 0 refresh-ims
2026-09-24 17:18:17 Found Squid option: refresh_pattern \/InRelease$ 0 0% 0 refresh-ims
2026-09-24 17:18:17 Found Squid option: refresh_pattern \/(Translation-.*)(|\.bz2|\.gz|\.xz)$ 0 0% 0 refresh-ims
2026-09-24 17:18:17 Found Squid option: refresh_pattern .  0 20% 4320
2026-09-24 17:18:17 ====
2026-09-24 17:18:17 Performing test ID SQD-3613 (Check Squid file permissions)
2026-09-24 17:18:17 Test: Checking file permissions of /etc/squid/squid.conf
2026-09-24 17:18:17 Result: file /etc/squid/squid.conf is world readable, writable or executable and could leak information or passwords
2026-09-24 17:18:17 Suggestion: Check file permissions of /etc/squid/squid.conf to limit access [test:SQD-3613] [details:-] [solution:-]
2026-09-24 17:18:17 Warning: File permissions of /etc/squid/squid.conf are not restrictive [test:SQD-3613] [details:-] [solution:-]
2026-09-24 17:18:17 Hardening: assigned partial number of hardening points (0 of 2). Currently having 159 points (out of 242)
2026-09-24 17:18:17 ====
2026-09-24 17:18:17 Performing test ID SQD-3614 (Check Squid authentication methods)
2026-09-24 17:18:17 Test: check auth_param option for authentication methods
2026-09-24 17:18:17 No auth_param option found, proxy access anonymous or based on other methods (like ACLs)
2026-09-24 17:18:17 ====
2026-09-24 17:18:17 Performing test ID SQD-3616 (Check external Squid authentication)
2026-09-24 17:18:17 Test: check external_acl_type option for external authentication helpers
2026-09-24 17:18:17 No external_acl_type found
2026-09-24 17:18:17 ====
2026-09-24 17:18:17 Performing test ID SQD-3620 (Check Squid access control lists)
2026-09-24 17:18:17 Test: checking ACLs
2026-09-24 17:18:17 Found ACL: acl localnet src 0.0.0.1-0.255.255.255
2026-09-24 17:18:17 Found ACL: # RFC 1122 "this" network (LAN)
2026-09-24 17:18:17 Found ACL: acl localnet src 10.0.0.0/8
2026-09-24 17:18:17 Found ACL: # RFC 1918 local private network (LAN)
2026-09-24 17:18:17 Found ACL: acl localnet src 100.64.0.0/10
2026-09-24 17:18:17 Found ACL: # RFC 6598 shared address space (CGN)
2026-09-24 17:18:17 Found ACL: acl localnet src 169.254.0.0/16 
2026-09-24 17:18:17 Found ACL: # RFC 3927 link-local (directly plugged) machines
2026-09-24 17:18:17 Found ACL: acl localnet src 172.16.0.0/12
2026-09-24 17:18:17 Found ACL: # RFC 1918 local private network (LAN)
2026-09-24 17:18:17 Found ACL: acl localnet src 192.168.0.0/16
2026-09-24 17:18:17 Found ACL: # RFC 1918 local private network (LAN)
2026-09-24 17:18:17 Found ACL: acl localnet src fc00::/7       
2026-09-24 17:18:17 Found ACL: # RFC 4193 local private network range
2026-09-24 17:18:17 Found ACL: acl localnet src fe80::/10      
2026-09-24 17:18:17 Found ACL: # RFC 4291 link-local (directly plugged) machines
2026-09-24 17:18:17 Found ACL: acl SSL_ports port 443
2026-09-24 17:18:17 Found ACL: acl Safe_ports port 80
2026-09-24 17:18:17 Found ACL: # http
2026-09-24 17:18:17 Found ACL: acl Safe_ports port 21
2026-09-24 17:18:17 Found ACL: # ftp
2026-09-24 17:18:17 Found ACL: acl Safe_ports port 443
2026-09-24 17:18:17 Found ACL: # https
2026-09-24 17:18:17 Found ACL: acl Safe_ports port 70
2026-09-24 17:18:17 Found ACL: # gopher
2026-09-24 17:18:17 Found ACL: acl Safe_ports port 210
2026-09-24 17:18:17 Found ACL: # wais
2026-09-24 17:18:17 Found ACL: acl Safe_ports port 1025-65535
2026-09-24 17:18:17 Found ACL: # unregistered ports
2026-09-24 17:18:17 Found ACL: acl Safe_ports port 280
2026-09-24 17:18:17 Found ACL: # http-mgmt
2026-09-24 17:18:17 Found ACL: acl Safe_ports port 488
2026-09-24 17:18:17 Found ACL: # gss-http
2026-09-24 17:18:17 Found ACL: acl Safe_ports port 591
2026-09-24 17:18:17 Found ACL: # filemaker
2026-09-24 17:18:17 Found ACL: acl Safe_ports port 777
2026-09-24 17:18:17 Found ACL: # multiling http
2026-09-24 17:18:17 Result: Found 37 ACLs
2026-09-24 17:18:17 ====
2026-09-24 17:18:17 Performing test ID SQD-3624 (Check Squid safe ports)
2026-09-24 17:18:17 Test: checking ACL Safe_ports http_access option
2026-09-24 17:18:17 Result: checking ACL safe ports
2026-09-24 17:18:17 Result: Safe_ports found
2026-09-24 17:18:17 Found safe port: http_access
2026-09-24 17:18:17 Found safe port: deny
2026-09-24 17:18:17 Found safe port: !Safe_ports
2026-09-24 17:18:17 Hardening: assigned maximum number of hardening points for this item (1). Currently having 160 points (out of 243)
2026-09-24 17:18:17 Test: Checking port 22 in Safe_ports list
2026-09-24 17:18:17 Hardening: assigned maximum number of hardening points for this item (1). Currently having 161 points (out of 244)
2026-09-24 17:18:17 Test: Checking port 23 in Safe_ports list
2026-09-24 17:18:17 Hardening: assigned maximum number of hardening points for this item (1). Currently having 162 points (out of 245)
2026-09-24 17:18:17 Test: Checking port 25 in Safe_ports list
2026-09-24 17:18:17 Hardening: assigned maximum number of hardening points for this item (1). Currently having 163 points (out of 246)
2026-09-24 17:18:17 ====
2026-09-24 17:18:17 Performing test ID SQD-3630 (Check Squid reply_body_max_size option)
2026-09-24 17:18:17 Test: checking option reply_body_max_size
2026-09-24 17:18:17 Result: option reply_body_max_size not configured
2026-09-24 17:18:17 Hardening: assigned partial number of hardening points (1 of 2). Currently having 164 points (out of 248)
2026-09-24 17:18:17 Suggestion: Configure Squid option reply_body_max_size to limit the upper size of requests. [test:SQD-3630] [details:-] [solution:-]
2026-09-24 17:18:17 ====
2026-09-24 17:18:17 Performing test ID SQD-3680 (Check Squid version suppression)
2026-09-24 17:18:17 Result: option httpd_suppress_version_string not configured
2026-09-24 17:18:17 Hardening: assigned partial number of hardening points (1 of 2). Currently having 165 points (out of 250)
2026-09-24 17:18:17 Suggestion: Configure Squid option httpd_suppress_version_string (on) to suppress the version. [test:SQD-3680] [details:-] [solution:-]
2026-09-24 17:18:17 Security check: file is normal
2026-09-24 17:18:17 Checking permissions of /usr/share/lynis/include/tests_logging
2026-09-24 17:18:17 File permissions are OK
2026-09-24 17:18:17 ====
2026-09-24 17:18:17 Action: Performing tests from category: Logging and files
2026-09-24 17:18:17 ====
2026-09-24 17:18:17 Performing test ID LOGG-2130 (Check for running syslog daemon)
2026-09-24 17:18:17 Test: Searching for a logging daemon
2026-09-24 17:18:17 Result: Found a logging daemon
2026-09-24 17:18:17 Hardening: assigned maximum number of hardening points for this item (3). Currently having 168 points (out of 253)
2026-09-24 17:18:17 ====
2026-09-24 17:18:17 Performing test ID LOGG-2132 (Check for running syslog-ng daemon)
2026-09-24 17:18:17 Test: Searching for syslog-ng daemon in process list
2026-09-24 17:18:17 Performing pgrep scan without uid
2026-09-24 17:18:17 IsRunning: process 'syslog-ng' not found
2026-09-24 17:18:17 Result: Syslog-ng NOT found in process list
2026-09-24 17:18:17 ====
2026-09-24 17:18:17 Skipped test LOGG-2134 (Checking Syslog-NG configuration file consistency)
2026-09-24 17:18:17 Reason to skip: Prerequisites not met (ie missing tool, other type of Linux distribution)
2026-09-24 17:18:17 ====
2026-09-24 17:18:17 Performing test ID LOGG-2136 (Check for running systemd journal daemon)
2026-09-24 17:18:17 Test: Searching for systemd journal daemon in process list
2026-09-24 17:18:17 Performing pgrep scan without uid
2026-09-24 17:18:17 IsRunning: process 'systemd-journal' found (235 )
2026-09-24 17:18:17 ====
2026-09-24 17:18:17 Performing test ID LOGG-2210 (Check for running metalog daemon)
2026-09-24 17:18:17 Test: Searching for metalog daemon in process list
2026-09-24 17:18:17 Performing pgrep scan without uid
2026-09-24 17:18:17 IsRunning: process 'metalog' not found
2026-09-24 17:18:17 Result: metalog NOT found in process list
2026-09-24 17:18:17 ====
2026-09-24 17:18:17 Performing test ID LOGG-2230 (Check for running RSyslog daemon)
2026-09-24 17:18:17 Test: Searching for RSyslog daemon in process list
2026-09-24 17:18:17 Performing pgrep scan without uid
2026-09-24 17:18:17 IsRunning: process 'rsyslogd' not found
2026-09-24 17:18:17 Result: rsyslogd NOT found in process list
2026-09-24 17:18:17 ====
2026-09-24 17:18:17 Performing test ID LOGG-2240 (Check for running RFC 3195 compliant daemon)
2026-09-24 17:18:17 Test: Searching for RFC 3195 daemon (alias syslog reliable) in process list
2026-09-24 17:18:17 Performing pgrep scan without uid
2026-09-24 17:18:17 IsRunning: process 'rfc3195d' not found
2026-09-24 17:18:17 Result: rfc3195d NOT found in process list
2026-09-24 17:18:17 ====
2026-09-24 17:18:17 Performing test ID LOGG-2138 (Checking kernel logger daemon on Linux)
2026-09-24 17:18:17 Test: Searching kernel logger daemon (klogd)
2026-09-24 17:18:17 Result: test skipped, because other facility is being used to log kernel messages
2026-09-24 17:18:17 ====
2026-09-24 17:18:17 Performing test ID LOGG-2142 (Checking minilog daemon)
2026-09-24 17:18:17 Result: Checking for unkilled minilogd instances
2026-09-24 17:18:17 Performing pgrep scan without uid
2026-09-24 17:18:17 IsRunning: process 'minilogd' not found
2026-09-24 17:18:17 Result: No minilogd is running
2026-09-24 17:18:17 ====
2026-09-24 17:18:17 Performing test ID LOGG-2146 (Checking logrotate.conf and logrotate.d)
2026-09-24 17:18:17 Test: Checking for /etc/logrotate.conf
2026-09-24 17:18:17 Result: /etc/logrotate.conf found (file)
2026-09-24 17:18:17 Test: Checking for /etc/logrotate.d (directory)
2026-09-24 17:18:17 Result: /etc/logrotate.d found
2026-09-24 17:18:17 Result: logrotate configuration found
2026-09-24 17:18:17 ====
2026-09-24 17:18:17 Performing test ID LOGG-2148 (Checking logrotated files)
2026-09-24 17:18:17 Test: Checking which files are rotated with logrotate and if they exist
2026-09-24 17:18:17 Result: found one or more files which are rotated via logrotate
2026-09-24 17:18:17 Output: File:/var/log/haproxy.log:does_not_exist
2026-09-24 17:18:17 Output: File:/var/log/alternatives.log:exists
2026-09-24 17:18:17 Output: File:/var/log/apt/history.log:exists
2026-09-24 17:18:17 Output: File:/var/log/apt/term.log:exists
2026-09-24 17:18:17 Output: File:/var/log/btmp:exists
2026-09-24 17:18:17 Output: File:/var/log/cloud-init-output.log:exists
2026-09-24 17:18:17 Output: File:/var/log/cloud-init.log:exists
2026-09-24 17:18:17 Output: File:/var/log/dpkg.log:exists
2026-09-24 17:18:17 Output: File:/var/log/fail2ban.log:exists
2026-09-24 17:18:17 Output: File:/var/log/haproxy.log:exists
2026-09-24 17:18:17 Output: File:/var/log/letsencrypt/letsencrypt.log:exists
2026-09-24 17:18:17 Output: File:/var/log/rkhunter.log:exists
2026-09-24 17:18:17 Output: File:/var/log/squid/access.log:exists
2026-09-24 17:18:17 Output: File:/var/log/squid/cache.log:exists
2026-09-24 17:18:17 Output: File:/var/log/stunnel4/stunnel.log:exists
2026-09-24 17:18:17 Output: File:/var/log/wtmp:exists
2026-09-24 17:18:17 ====
2026-09-24 17:18:17 Performing test ID LOGG-2150 (Checking directories in logrotate configuration)
2026-09-24 17:18:17 Test: Checking which directories can be found in logrotate configuration
2026-09-24 17:18:17 Result: found one or more directories (via logrotate configuration)
2026-09-24 17:18:17 Directory found: /var/log
2026-09-24 17:18:17 Directory found: /var/log/apt
2026-09-24 17:18:17 Directory found: /var/log/letsencrypt
2026-09-24 17:18:17 Directory found: /var/log/squid
2026-09-24 17:18:17 Directory found: /var/log/stunnel4
2026-09-24 17:18:17 ====
2026-09-24 17:18:17 Skipped test LOGG-2152 (Checking loghost)
2026-09-24 17:18:17 Reason to skip: Incorrect guest OS (Solaris only)
2026-09-24 17:18:17 ====
2026-09-24 17:18:17 Skipped test LOGG-2153 (Checking loghost is localhost)
2026-09-24 17:18:17 Reason to skip: Prerequisites not met (ie missing tool, other type of Linux distribution)
2026-09-24 17:18:17 ====
2026-09-24 17:18:17 Performing test ID LOGG-2154 (Checking syslog configuration file)
2026-09-24 17:18:17 Result: no remote logging found
2026-09-24 17:18:17 Suggestion: Enable logging to an external logging host for archiving purposes and additional protection [test:LOGG-2154] [details:-] [solution:-]
2026-09-24 17:18:17 Hardening: assigned partial number of hardening points (1 of 3). Currently having 169 points (out of 256)
2026-09-24 17:18:17 ====
2026-09-24 17:18:17 Skipped test LOGG-2160 (Checking /etc/newsyslog.conf)
2026-09-24 17:18:17 Reason to skip: Prerequisites not met (ie missing tool, other type of Linux distribution)
2026-09-24 17:18:17 ====
2026-09-24 17:18:17 Skipped test LOGG-2162 (Checking directories in /etc/newsyslog.conf)
2026-09-24 17:18:17 Reason to skip: Prerequisites not met (ie missing tool, other type of Linux distribution)
2026-09-24 17:18:17 ====
2026-09-24 17:18:17 Skipped test LOGG-2164 (Checking files specified /etc/newsyslog.conf)
2026-09-24 17:18:17 Reason to skip: Prerequisites not met (ie missing tool, other type of Linux distribution)
2026-09-24 17:18:17 ====
2026-09-24 17:18:17 Performing test ID LOGG-2170 (Checking log paths)
2026-09-24 17:18:17 Test: Searching log paths
2026-09-24 17:18:17 Result: directory /var/log exists
2026-09-24 17:18:17 Result: directory /var/adm can't be found
2026-09-24 17:18:17 ====
2026-09-24 17:18:17 Performing test ID LOGG-2180 (Checking open log files)
2026-09-24 17:18:17 Test: checking open log files with lsof
2026-09-24 17:18:17 Found logfile: /var/log/fail2ban.log
2026-09-24 17:18:17 Found logfile: /var/log/squid/access.log
2026-09-24 17:18:17 Found logfile: /var/log/squid/cache.log
2026-09-24 17:18:17 ====
2026-09-24 17:18:17 Performing test ID LOGG-2190 (Checking for deleted files in use)
2026-09-24 17:18:17 Test: checking deleted files that are still in use
2026-09-24 17:18:18 Result: no deleted files found
2026-09-24 17:18:18 ====
2026-09-24 17:18:18 Performing test ID LOGG-2192 (Checking for open log files that are empty)
2026-09-24 17:18:18 Found an opened logfile that is empty: log_file_,/var/log/squid/access.log
2026-09-24 17:18:18 Security check: file is normal
2026-09-24 17:18:18 Checking permissions of /usr/share/lynis/include/tests_insecure_services
2026-09-24 17:18:18 File permissions are OK
2026-09-24 17:18:18 ====
2026-09-24 17:18:18 Action: Performing tests from category: Insecure services
2026-09-24 17:18:18 ====
2026-09-24 17:18:18 Performing test ID INSE-8000 (Installed inetd package)
2026-09-24 17:18:18 Test: Checking if inetd is installed
2026-09-24 17:18:18 Result: inetd is NOT installed
2026-09-24 17:18:18 ====
2026-09-24 17:18:18 Skipped test INSE-8002 (Check for enabled inet daemon)
2026-09-24 17:18:18 Reason to skip: Prerequisites not met (ie missing tool, other type of Linux distribution)
2026-09-24 17:18:18 ====
2026-09-24 17:18:18 Skipped test INSE-8004 (Presence of inetd configuration file)
2026-09-24 17:18:18 Reason to skip: Prerequisites not met (ie missing tool, other type of Linux distribution)
2026-09-24 17:18:18 ====
2026-09-24 17:18:18 Skipped test INSE-8006 (Check configuration of inetd when disabled)
2026-09-24 17:18:18 Reason to skip: Prerequisites not met (ie missing tool, other type of Linux distribution)
2026-09-24 17:18:18 ====
2026-09-24 17:18:18 Skipped test INSE-8016 (Check for telnet via inetd)
2026-09-24 17:18:18 Reason to skip: Prerequisites not met (ie missing tool, other type of Linux distribution)
2026-09-24 17:18:18 ====
2026-09-24 17:18:18 Performing test ID INSE-8100 (Check for installed xinetd daemon)
2026-09-24 17:18:18 Test: Checking for installed xinetd daemon
2026-09-24 17:18:18 Result: xinetd is NOT installed
2026-09-24 17:18:18 ====
2026-09-24 17:18:18 Performing test ID INSE-8102 (Check for active xinet daemon)
2026-09-24 17:18:18 Test: Searching for active extended internet services daemon (xinetd)
2026-09-24 17:18:18 Performing pgrep scan without uid
2026-09-24 17:18:18 IsRunning: process 'xinetd' not found
2026-09-24 17:18:18 Result: xinetd is NOT running
2026-09-24 17:18:18 ====
2026-09-24 17:18:18 Skipped test INSE-8104 (Check for enabled xinet daemon)
2026-09-24 17:18:18 Reason to skip: Prerequisites not met (ie missing tool, other type of Linux distribution)
2026-09-24 17:18:18 ====
2026-09-24 17:18:18 Skipped test INSE-8106 (Check configuration of xinetd when disabled)
2026-09-24 17:18:18 Reason to skip: Prerequisites not met (ie missing tool, other type of Linux distribution)
2026-09-24 17:18:18 ====
2026-09-24 17:18:18 Skipped test INSE-8116 (Insecure services enabled via xinetd)
2026-09-24 17:18:18 Reason to skip: Prerequisites not met (ie missing tool, other type of Linux distribution)
2026-09-24 17:18:18 ====
2026-09-24 17:18:18 Skipped test INSE-8200 (Check if tcp_wrappers is installed when inetd/xinetd is active)
2026-09-24 17:18:18 Reason to skip: Prerequisites not met (ie missing tool, other type of Linux distribution)
2026-09-24 17:18:18 ====
2026-09-24 17:18:18 Performing test ID INSE-8300 (Check if rsh client is installed)
2026-09-24 17:18:18 Test: Checking if rsh client is installed
2026-09-24 17:18:18 Result: rsh client is NOT installed
2026-09-24 17:18:18 ====
2026-09-24 17:18:18 Performing test ID INSE-8304 (Check if rsh server is installed)
2026-09-24 17:18:18 Test: Checking if rsh server is installed
2026-09-24 17:18:18 Result: rsh server is NOT installed
2026-09-24 17:18:18 ====
2026-09-24 17:18:18 Performing test ID INSE-8310 (Check if telnet client is installed)
2026-09-24 17:18:18 Test: Checking if telnet client is installed
2026-09-24 17:18:18 Result: telnet client is NOT installed
2026-09-24 17:18:18 ====
2026-09-24 17:18:18 Performing test ID INSE-8322 (Check if telnet server is installed)
2026-09-24 17:18:18 Test: Checking if telnet server is installed
2026-09-24 17:18:18 Result: telnet server is NOT installed
2026-09-24 17:18:18 ====
2026-09-24 17:18:18 Performing test ID INSE-8314 (Check if NIS client is installed)
2026-09-24 17:18:18 Test: Checking if NIS client is installed
2026-09-24 17:18:18 Result: NIS client is NOT installed
2026-09-24 17:18:18 ====
2026-09-24 17:18:18 Performing test ID INSE-8316 (Check if NIS server is installed)
2026-09-24 17:18:18 Test: Checking if NIS server is installed
2026-09-24 17:18:18 Result: NIS server is NOT installed
2026-09-24 17:18:18 ====
2026-09-24 17:18:18 Performing test ID INSE-8318 (Check if TFTP client is installed)
2026-09-24 17:18:18 Test: Checking if TFTP client is installed
2026-09-24 17:18:18 Result: TFTP client is NOT installed
2026-09-24 17:18:18 ====
2026-09-24 17:18:18 Performing test ID INSE-8320 (Check if TFTP server is installed)
2026-09-24 17:18:18 Test: Checking if TFTP server is installed
2026-09-24 17:18:18 Result: TFTP server is NOT installed
2026-09-24 17:18:18 ====
2026-09-24 17:18:18 Skipped test INSE-8050 (Check for insecure services on macOS)
2026-09-24 17:18:18 Reason to skip: Incorrect guest OS (macOS only)
2026-09-24 17:18:18 Security check: file is normal
2026-09-24 17:18:18 Checking permissions of /usr/share/lynis/include/tests_banners
2026-09-24 17:18:18 File permissions are OK
2026-09-24 17:18:18 ====
2026-09-24 17:18:18 Action: Performing tests from category: Banners and identification
2026-09-24 17:18:18 ====
2026-09-24 17:18:18 Skipped test BANN-7113 (Check COPYRIGHT banner file)
2026-09-24 17:18:18 Reason to skip: Incorrect guest OS (FreeBSD only)
2026-09-24 17:18:18 ====
2026-09-24 17:18:18 Performing test ID BANN-7124 (Check issue banner file)
2026-09-24 17:18:18 Test: Checking file /etc/issue
2026-09-24 17:18:18 ====
2026-09-24 17:18:18 Performing test ID BANN-7126 (Check issue banner file contents)
2026-09-24 17:18:18 Test: Checking file /etc/issue contents for legal key words
2026-09-24 17:18:18 Result: Found only 0 key words (5 or more suggested), to warn unauthorized users and could be increased
2026-09-24 17:18:18 Suggestion: Add a legal banner to /etc/issue, to warn unauthorized users [test:BANN-7126] [details:-] [solution:-]
2026-09-24 17:18:18 Hardening: assigned partial number of hardening points (0 of 1). Currently having 169 points (out of 257)
2026-09-24 17:18:18 ====
2026-09-24 17:18:18 Performing test ID BANN-7128 (Check issue.net banner file)
2026-09-24 17:18:18 Test: Checking file /etc/issue.net
2026-09-24 17:18:18 Result: file /etc/issue.net exists
2026-09-24 17:18:18 ====
2026-09-24 17:18:18 Performing test ID BANN-7130 (Check issue.net banner file contents)
2026-09-24 17:18:18 Test: Checking file /etc/issue.net contents for legal key words
2026-09-24 17:18:18 Result: Found only 0 key words, to warn unauthorized users and could be increased
2026-09-24 17:18:18 Suggestion: Add legal banner to /etc/issue.net, to warn unauthorized users [test:BANN-7130] [details:-] [solution:-]
2026-09-24 17:18:18 Hardening: assigned partial number of hardening points (0 of 1). Currently having 169 points (out of 258)
2026-09-24 17:18:18 Security check: file is normal
2026-09-24 17:18:18 Checking permissions of /usr/share/lynis/include/tests_scheduling
2026-09-24 17:18:18 File permissions are OK
2026-09-24 17:18:18 ====
2026-09-24 17:18:18 Action: Performing tests from category: Scheduled tasks
2026-09-24 17:18:18 ====
2026-09-24 17:18:18 Performing test ID SCHD-7702 (Check status of cron daemon)
2026-09-24 17:18:18 Result: cron daemon running
2026-09-24 17:18:18 ====
2026-09-24 17:18:18 Performing test ID SCHD-7704 (Check crontab/cronjobs)
2026-09-24 17:18:18 Found cronjob (/etc/crontab): 17,*,*,*,*,root,cd,/,&&,run-parts,--report,/etc/cron.hourly
2026-09-24 17:18:18 Found cronjob (/etc/crontab): 25,6,*,*,*,root,test,-x,/usr/sbin/anacron,||,(,cd,/,&&,run-parts,--report,/etc/cron.daily,)
2026-09-24 17:18:18 Found cronjob (/etc/crontab): 47,6,*,*,7,root,test,-x,/usr/sbin/anacron,||,(,cd,/,&&,run-parts,--report,/etc/cron.weekly,)
2026-09-24 17:18:18 Found cronjob (/etc/crontab): 52,6,1,*,*,root,test,-x,/usr/sbin/anacron,||,(,cd,/,&&,run-parts,--report,/etc/cron.monthly,)
2026-09-24 17:18:18 Test: checking directory /etc/cron.d
2026-09-24 17:18:18 Test: check if we can access /etc/cron.d (escaped: /etc/cron.d)
2026-09-24 17:18:18 Result: file is owned by our current user ID (0), checking if it is readable
2026-09-24 17:18:18 Result: file /etc/cron.d is readable (or directory accessible).
2026-09-24 17:18:18 Result: found directory /etc/cron.d
2026-09-24 17:18:18 Test: searching files in /etc/cron.d
2026-09-24 17:18:18 Result: found one or more files in /etc/cron.d. Analyzing files..
2026-09-24 17:18:18 Result: Found cronjob (/etc/cron.d/certbot): 0,*/12,*,*,*,root,test,-x,/usr/bin/certbot,-a,\!,-d,/run/systemd/system,&&,perl,-e,'sleep,int(rand(43200))',&&,certbot,-q,renew
2026-09-24 17:18:18 Result: Found cronjob (/etc/cron.d/e2scrub_all): 10,3,*,*,*,root,test,-e,/run/systemd/system,||,SERVICE_MODE=1,/sbin/e2scrub_all,-A,-r
2026-09-24 17:18:18 Result: Found cronjob (/etc/cron.d/e2scrub_all): 30,3,*,*,0,root,test,-e,/run/systemd/system,||,SERVICE_MODE=1,/usr/lib/x86_64-linux-gnu/e2fsprogs/e2scrub_all_cron
2026-09-24 17:18:18 Result: done with analyzing files in /etc/cron.d
2026-09-24 17:18:18 Test: checking directory /etc/cron.hourly
2026-09-24 17:18:18 Result: found directory /etc/cron.hourly
2026-09-24 17:18:18 Test: check if we can access /etc/cron.hourly (escaped: /etc/cron.hourly)
2026-09-24 17:18:18 Result: file is owned by our current user ID (0), checking if it is readable
2026-09-24 17:18:18 Result: file /etc/cron.hourly is readable (or directory accessible).
2026-09-24 17:18:18 Test: searching files in /etc/cron.hourly
2026-09-24 17:18:18 Result: no files found in /etc/cron.hourly
2026-09-24 17:18:18 Test: checking directory /etc/cron.daily
2026-09-24 17:18:18 Result: found directory /etc/cron.daily
2026-09-24 17:18:18 Test: check if we can access /etc/cron.daily (escaped: /etc/cron.daily)
2026-09-24 17:18:18 Result: file is owned by our current user ID (0), checking if it is readable
2026-09-24 17:18:18 Result: file /etc/cron.daily is readable (or directory accessible).
2026-09-24 17:18:18 Test: searching files in /etc/cron.daily
2026-09-24 17:18:18 Result: found one or more files in /etc/cron.daily. Analyzing files..
2026-09-24 17:18:18 Result: Found cronjob (/etc/cron.daily): /etc/cron.daily/dpkg
2026-09-24 17:18:18 Result: Found cronjob (/etc/cron.daily): /etc/cron.daily/apt-compat
2026-09-24 17:18:18 Result: Found cronjob (/etc/cron.daily): /etc/cron.daily/logrotate
2026-09-24 17:18:18 Result: Found cronjob (/etc/cron.daily): /etc/cron.daily/rkhunter
2026-09-24 17:18:18 Result: Found cronjob (/etc/cron.daily): /etc/cron.daily/chkrootkit
2026-09-24 17:18:18 Result: done with analyzing files in /etc/cron.daily
2026-09-24 17:18:18 Test: checking directory /etc/cron.weekly
2026-09-24 17:18:18 Result: found directory /etc/cron.weekly
2026-09-24 17:18:18 Test: check if we can access /etc/cron.weekly (escaped: /etc/cron.weekly)
2026-09-24 17:18:18 Result: file is owned by our current user ID (0), checking if it is readable
2026-09-24 17:18:18 Result: file /etc/cron.weekly is readable (or directory accessible).
2026-09-24 17:18:18 Test: searching files in /etc/cron.weekly
2026-09-24 17:18:18 Result: found one or more files in /etc/cron.weekly. Analyzing files..
2026-09-24 17:18:18 Result: Found cronjob (/etc/cron.weekly): /etc/cron.weekly/rkhunter
2026-09-24 17:18:18 Result: done with analyzing files in /etc/cron.weekly
2026-09-24 17:18:18 Test: checking directory /etc/cron.monthly
2026-09-24 17:18:18 Result: found directory /etc/cron.monthly
2026-09-24 17:18:18 Test: check if we can access /etc/cron.monthly (escaped: /etc/cron.monthly)
2026-09-24 17:18:18 Result: file is owned by our current user ID (0), checking if it is readable
2026-09-24 17:18:18 Result: file /etc/cron.monthly is readable (or directory accessible).
2026-09-24 17:18:18 Test: searching files in /etc/cron.monthly
2026-09-24 17:18:18 Result: no files found in /etc/cron.monthly
2026-09-24 17:18:18 Test: check if we can access /var/spool/cron/crontabs/root (escaped: /var/spool/cron/crontabs/root)
2026-09-24 17:18:18 Result: file is owned by our current user ID (0), checking if it is readable
2026-09-24 17:18:18 Result: file /var/spool/cron/crontabs/root is readable (or directory accessible).
2026-09-24 17:18:18 Found cronjob (/var/spool/cron/crontabs): /var/spool/cron/crontabs/root (*,*,*,*,*,/usr/local/bin/zivpn-expira.sh)
2026-09-24 17:18:18 Found cronjob (/var/spool/cron/crontabs): /var/spool/cron/crontabs/root (*,*,*,*,*,/usr/local/bin/zivpn-limite.sh)
2026-09-24 17:18:18 Found cronjob (/var/spool/cron/crontabs): /var/spool/cron/crontabs/root (*,*,*,*,*,bash,/etc/movivip/scripts/expira-exacta.sh,>/dev/null,2>&1)
2026-09-24 17:18:18 Found cronjob (/var/spool/cron/crontabs): /var/spool/cron/crontabs/root (*/30,*,*,*,*,bash,/etc/movivip/scripts/auto-cleanup.sh,>/dev/null,2>&1)
2026-09-24 17:18:18 Found cronjob (/var/spool/cron/crontabs): /var/spool/cron/crontabs/root (0,3,*/2,*,*,bash,/etc/movivip/auto-update.sh,>/dev/null,2>&1)
2026-09-24 17:18:18 ====
2026-09-24 17:18:18 Performing test ID SCHD-7718 (Check at users)
2026-09-24 17:18:18 Test: Checking atd status
2026-09-24 17:18:18 Result: at daemon not active
2026-09-24 17:18:18 ====
2026-09-24 17:18:18 Skipped test SCHD-7720 (Check at users)
2026-09-24 17:18:18 Reason to skip: Prerequisites not met (ie missing tool, other type of Linux distribution)
2026-09-24 17:18:18 ====
2026-09-24 17:18:18 Skipped test SCHD-7724 (Check at jobs)
2026-09-24 17:18:18 Reason to skip: Prerequisites not met (ie missing tool, other type of Linux distribution)
2026-09-24 17:18:18 Result: no scheduled Lynis execution found (e.g. crontab, cronjob)
2026-09-24 17:18:18 Security check: file is normal
2026-09-24 17:18:18 Checking permissions of /usr/share/lynis/include/tests_accounting
2026-09-24 17:18:18 File permissions are OK
2026-09-24 17:18:18 ====
2026-09-24 17:18:18 Action: Performing tests from category: Accounting
2026-09-24 17:18:18 ====
2026-09-24 17:18:18 Skipped test ACCT-2754 (Check for available FreeBSD accounting information)
2026-09-24 17:18:18 Reason to skip: Incorrect guest OS (FreeBSD only)
2026-09-24 17:18:18 ====
2026-09-24 17:18:18 Skipped test ACCT-2760 (Check for available OpenBSD accounting information)
2026-09-24 17:18:18 Reason to skip: Incorrect guest OS (OpenBSD only)
2026-09-24 17:18:18 ====
2026-09-24 17:18:18 Performing test ID ACCT-9622 (Check for available Linux accounting information)
2026-09-24 17:18:18 Test: Check accounting information
2026-09-24 17:18:18 Result: No accounting information available (/var/account/pacct, /var/log/account/pacct nor /var/log/pacct exist)
2026-09-24 17:18:18 Remark: Possibly there is another location where the accounting data is stored
2026-09-24 17:18:18 Suggestion: Enable process accounting [test:ACCT-9622] [details:-] [solution:-]
2026-09-24 17:18:18 Hardening: assigned partial number of hardening points (2 of 3). Currently having 171 points (out of 261)
2026-09-24 17:18:18 ====
2026-09-24 17:18:18 Performing test ID ACCT-9626 (Check for sysstat accounting data)
2026-09-24 17:18:18 Test: check /etc/default/sysstat presence
2026-09-24 17:18:18 Result: sysstat not found via /etc/default/sysstat or /etc/cron.d/sysstat or as a systemd unit
2026-09-24 17:18:18 Suggestion: Enable sysstat to collect accounting (no results) [test:ACCT-9626] [details:-] [solution:-]
2026-09-24 17:18:18 ====
2026-09-24 17:18:18 Performing test ID ACCT-9628 (Check for auditd)
2026-09-24 17:18:18 Test: Check auditd status
2026-09-24 17:18:18 Performing pgrep scan without uid
2026-09-24 17:18:18 IsRunning: process 'auditd' not found
2026-09-24 17:18:18 Result: auditd not active
2026-09-24 17:18:18 Suggestion: Enable auditd to collect audit information [test:ACCT-9628] [details:-] [solution:-]
2026-09-24 17:18:18 Hardening: assigned partial number of hardening points (0 of 1). Currently having 171 points (out of 262)
2026-09-24 17:18:18 ====
2026-09-24 17:18:18 Skipped test ACCT-9630 (Check for auditd rules)
2026-09-24 17:18:18 Reason to skip: Prerequisites not met (ie missing tool, other type of Linux distribution)
2026-09-24 17:18:18 ====
2026-09-24 17:18:18 Skipped test ACCT-9632 (Check for auditd configuration file)
2026-09-24 17:18:18 Reason to skip: Prerequisites not met (ie missing tool, other type of Linux distribution)
2026-09-24 17:18:18 ====
2026-09-24 17:18:18 Skipped test ACCT-9634 (Check for auditd log file)
2026-09-24 17:18:18 Reason to skip: Prerequisites not met (ie missing tool, other type of Linux distribution)
2026-09-24 17:18:18 ====
2026-09-24 17:18:18 Performing test ID ACCT-9636 (Check for Snoopy wrapper and logger)
2026-09-24 17:18:18 ====
2026-09-24 17:18:18 Skipped test ACCT-9650 (Check Solaris audit daemon)
2026-09-24 17:18:18 Reason to skip: Incorrect guest OS (Solaris only)
2026-09-24 17:18:18 ====
2026-09-24 17:18:18 Skipped test ACCT-9652 (Check auditd SMF status)
2026-09-24 17:18:18 Reason to skip: Incorrect guest OS (Solaris only)
2026-09-24 17:18:18 ====
2026-09-24 17:18:18 Skipped test ACCT-9654 (Check BSM auditing in /etc/system)
2026-09-24 17:18:18 Reason to skip: Incorrect guest OS (Solaris only)
2026-09-24 17:18:18 ====
2026-09-24 17:18:18 Skipped test ACCT-9656 (Check BSM auditing in module list)
2026-09-24 17:18:18 Reason to skip: Incorrect guest OS (Solaris only)
2026-09-24 17:18:18 ====
2026-09-24 17:18:18 Skipped test ACCT-9660 (Check location of audit events)
2026-09-24 17:18:18 Reason to skip: Incorrect guest OS (Solaris only)
2026-09-24 17:18:18 ====
2026-09-24 17:18:18 Skipped test ACCT-9662 (Check Solaris auditing stats)
2026-09-24 17:18:18 Reason to skip: Incorrect guest OS (Solaris only)
2026-09-24 17:18:18 ====
2026-09-24 17:18:18 Skipped test ACCT-9670 (Check for cmd)
2026-09-24 17:18:18 Reason to skip: Prerequisites not met (ie missing tool, other type of Linux distribution)
2026-09-24 17:18:18 ====
2026-09-24 17:18:18 Skipped test ACCT-9672 (Check for cmd configuration file)
2026-09-24 17:18:18 Reason to skip: Prerequisites not met (ie missing tool, other type of Linux distribution)
2026-09-24 17:18:18 Security check: file is normal
2026-09-24 17:18:18 Checking permissions of /usr/share/lynis/include/tests_time
2026-09-24 17:18:18 File permissions are OK
2026-09-24 17:18:18 ====
2026-09-24 17:18:18 Action: Performing tests from category: Time and Synchronization
2026-09-24 17:18:18 ====
2026-09-24 17:18:18 Performing test ID TIME-3104 (Check for running NTP daemon or client)
2026-09-24 17:18:18 Test: Searching for a running NTP daemon or available client
2026-09-24 17:18:18 Result: no chrony configuration found
2026-09-24 17:18:18 Performing pgrep scan without uid
2026-09-24 17:18:18 IsRunning: process 'dntpd' not found
2026-09-24 17:18:18 Performing pgrep scan without uid
2026-09-24 17:18:18 IsRunning: process 'timed' not found
2026-09-24 17:18:18 Result: Found running systemd-timesyncd in process list
2026-09-24 17:18:18 Result: crontab file /etc/anacrontab not found
2026-09-24 17:18:18 Test: checking for ntpdate, rdate, sntp or ntpdig in crontab file /etc/crontab
2026-09-24 17:18:18 Result: no ntpdate, rdate, sntp or ntpdig reference found in crontab file /etc/crontab
2026-09-24 17:18:18 Test: checking for ntpdate, rdate, sntp or ntpdig in /etc/cron.d/certbot
2026-09-24 17:18:18 Test: checking for ntpdate, rdate, sntp or ntpdig in /etc/cron.d/e2scrub_all
2026-09-24 17:18:18 Test: checking for ntpdate, rdate, sntp or ntpdig in /etc/cron.daily/apt-compat
2026-09-24 17:18:18 Test: checking for ntpdate, rdate, sntp or ntpdig in /etc/cron.daily/chkrootkit
2026-09-24 17:18:18 Test: checking for ntpdate, rdate, sntp or ntpdig in /etc/cron.daily/dpkg
2026-09-24 17:18:18 Test: checking for ntpdate, rdate, sntp or ntpdig in /etc/cron.daily/logrotate
2026-09-24 17:18:18 Test: checking for ntpdate, rdate, sntp or ntpdig in /etc/cron.daily/rkhunter
2026-09-24 17:18:18 Test: checking for ntpdate, rdate, sntp or ntpdig in /etc/cron.weekly/rkhunter
2026-09-24 17:18:18 Result: no ntpdate or rdate found in cron directories
2026-09-24 17:18:18 Test: checking for file /etc/network/if-up.d/ntpdate
2026-09-24 17:18:18 Result: file /etc/network/if-up.d/ntpdate does not exist
2026-09-24 17:18:18 Result: Found a time syncing daemon/client.
2026-09-24 17:18:18 Hardening: assigned maximum number of hardening points for this item (3). Currently having 174 points (out of 265)
2026-09-24 17:18:18 ====
2026-09-24 17:18:18 Skipped test TIME-3106 (Check systemd NTP time synchronization status)
2026-09-24 17:18:18 Reason to skip: Prerequisites not met (ie missing tool, other type of Linux distribution)
2026-09-24 17:18:18 ====
2026-09-24 17:18:18 Skipped test TIME-3112 (Check active NTP associations ID's)
2026-09-24 17:18:18 Reason to skip: Prerequisites not met (ie missing tool, other type of Linux distribution)
2026-09-24 17:18:18 ====
2026-09-24 17:18:18 Skipped test TIME-3116 (Check peers with stratum value of 16)
2026-09-24 17:18:18 Reason to skip: Prerequisites not met (ie missing tool, other type of Linux distribution)
2026-09-24 17:18:18 ====
2026-09-24 17:18:18 Skipped test TIME-3120 (Check unreliable NTP peers)
2026-09-24 17:18:18 Reason to skip: Prerequisites not met (ie missing tool, other type of Linux distribution)
2026-09-24 17:18:18 ====
2026-09-24 17:18:18 Skipped test TIME-3124 (Check selected time source)
2026-09-24 17:18:18 Reason to skip: Prerequisites not met (ie missing tool, other type of Linux distribution)
2026-09-24 17:18:18 ====
2026-09-24 17:18:18 Skipped test TIME-3128 (Check preferred time source)
2026-09-24 17:18:18 Reason to skip: Prerequisites not met (ie missing tool, other type of Linux distribution)
2026-09-24 17:18:18 ====
2026-09-24 17:18:18 Skipped test TIME-3132 (Check NTP falsetickers)
2026-09-24 17:18:18 Reason to skip: Prerequisites not met (ie missing tool, other type of Linux distribution)
2026-09-24 17:18:18 ====
2026-09-24 17:18:18 Skipped test TIME-3136 (Check NTP protocol version)
2026-09-24 17:18:18 Reason to skip: Prerequisites not met (ie missing tool, other type of Linux distribution)
2026-09-24 17:18:18 ====
2026-09-24 17:18:18 Performing test ID TIME-3148 (Check TZ variable)
2026-09-24 17:18:18 Test: testing for TZ variable
2026-09-24 17:18:18 Result: found TZ variable with value notset
2026-09-24 17:18:18 ====
2026-09-24 17:18:18 Skipped test TIME-3160 (Check empty NTP step-tickers)
2026-09-24 17:18:18 Reason to skip: Prerequisites not met (ie missing tool, other type of Linux distribution)
2026-09-24 17:18:18 ====
2026-09-24 17:18:18 Performing test ID TIME-3170 (Check configuration files)
2026-09-24 17:18:18 ====
2026-09-24 17:18:18 Skipped test TIME-3180 (Report if ntpctl cannot communicate with OpenNTPD)
2026-09-24 17:18:18 Reason to skip: Prerequisites not met (ie missing tool, other type of Linux distribution)
2026-09-24 17:18:18 ====
2026-09-24 17:18:18 Skipped test TIME-3181 (Check status of OpenNTPD time synchronisation)
2026-09-24 17:18:18 Reason to skip: Prerequisites not met (ie missing tool, other type of Linux distribution)
2026-09-24 17:18:18 ====
2026-09-24 17:18:18 Skipped test TIME-3182 (Check OpenNTPD has working peers)
2026-09-24 17:18:18 Reason to skip: Prerequisites not met (ie missing tool, other type of Linux distribution)
2026-09-24 17:18:18 ====
2026-09-24 17:18:18 Performing test ID TIME-3185 (Check systemd-timesyncd synchronized time)
2026-09-24 17:18:18 Result: systemd-timesyncd synchronized time 1402 seconds ago.
2026-09-24 17:18:18 Security check: file is normal
2026-09-24 17:18:18 Checking permissions of /usr/share/lynis/include/tests_crypto
2026-09-24 17:18:18 File permissions are OK
2026-09-24 17:18:18 ====
2026-09-24 17:18:18 Action: Performing tests from category: Cryptography
2026-09-24 17:18:18 ====
2026-09-24 17:18:18 Performing test ID CRYP-7902 (Check expire date of SSL certificates)
2026-09-24 17:18:18 Paths to scan: /etc/apache2 /etc/dovecot /etc/httpd /etc/letsencrypt /etc/pki /etc/postfix /etc/refind.d/keys /etc/ssl /opt/psa/var/certificates /usr/local/psa/var/certificates /usr/local/share/ca-certificates /usr/share/ca-certificates /usr/share/gnupg /var/www /srv/www
2026-09-24 17:18:18 Paths to ignore: /etc/letsencrypt/archive
2026-09-24 17:18:18 Result: SSL path /etc/apache2 does not exist
2026-09-24 17:18:18 Result: SSL path /etc/dovecot does not exist
2026-09-24 17:18:18 Result: SSL path /etc/httpd does not exist
2026-09-24 17:18:18 Test: check if we can access /etc/letsencrypt (escaped: /etc/letsencrypt)
2026-09-24 17:18:18 Result: file is owned by our current user ID (0), checking if it is readable
2026-09-24 17:18:18 Result: file /etc/letsencrypt is readable (or directory accessible).
2026-09-24 17:18:18 Result: found directory /etc/letsencrypt
2026-09-24 17:18:18 Test: check if we can access /etc/letsencrypt/csr/0000_csr-certbot.pem (escaped: /etc/letsencrypt/csr/0000_csr-certbot.pem)
2026-09-24 17:18:18 Result: file is owned by our current user ID (0), checking if it is readable
2026-09-24 17:18:18 Result: file /etc/letsencrypt/csr/0000_csr-certbot.pem is readable (or directory accessible).
2026-09-24 17:18:18 Result: file '/etc/letsencrypt/csr/0000_csr-certbot.pem' does most likely not belong to a package
2026-09-24 17:18:18 Result: file is a certificate file
2026-09-24 17:18:18 Result: skipping tests for this file (/etc/letsencrypt/csr/0000_csr-certbot.pem) as it is most likely not a certificate (is it a key file?)
2026-09-24 17:18:18 Test: check if we can access /etc/letsencrypt/keys/0000_key-certbot.pem (escaped: /etc/letsencrypt/keys/0000_key-certbot.pem)
2026-09-24 17:18:18 Result: file is owned by our current user ID (0), checking if it is readable
2026-09-24 17:18:18 Result: file /etc/letsencrypt/keys/0000_key-certbot.pem is readable (or directory accessible).
2026-09-24 17:18:18 Result: file '/etc/letsencrypt/keys/0000_key-certbot.pem' does most likely not belong to a package
2026-09-24 17:18:18 Result: skipping test for this file (/etc/letsencrypt/keys/0000_key-certbot.pem) as we could not find 'BEGIN CERT'
2026-09-24 17:18:18 Result: found 2 certificates in /etc/letsencrypt
2026-09-24 17:18:18 Result: SSL path /etc/pki does not exist
2026-09-24 17:18:18 Result: SSL path /etc/postfix does not exist
2026-09-24 17:18:18 Result: SSL path /etc/refind.d/keys does not exist
2026-09-24 17:18:18 Test: check if we can access /etc/ssl (escaped: /etc/ssl)
2026-09-24 17:18:18 Result: file is owned by our current user ID (0), checking if it is readable
2026-09-24 17:18:18 Result: file /etc/ssl is readable (or directory accessible).
2026-09-24 17:18:18 Result: found directory /etc/ssl
2026-09-24 17:18:19 Test: check if we can access /etc/ssl/certs/ca-certificates.crt (escaped: /etc/ssl/certs/ca-certificates.crt)
2026-09-24 17:18:19 Result: file is owned by our current user ID (0), checking if it is readable
2026-09-24 17:18:19 Result: file /etc/ssl/certs/ca-certificates.crt is readable (or directory accessible).
2026-09-24 17:18:19 Result: file '/etc/ssl/certs/ca-certificates.crt' does most likely not belong to a package
2026-09-24 17:18:19 Result: file is a certificate file
2026-09-24 17:18:19 Result: certificate /etc/ssl/certs/ca-certificates.crt seems to be correct and still valid
2026-09-24 17:18:19 Test: check if we can access /etc/ssl/certs/ssl-cert-snakeoil.pem (escaped: /etc/ssl/certs/ssl-cert-snakeoil.pem)
2026-09-24 17:18:19 Result: file is owned by our current user ID (0), checking if it is readable
2026-09-24 17:18:19 Result: file /etc/ssl/certs/ssl-cert-snakeoil.pem is readable (or directory accessible).
2026-09-24 17:18:19 Result: file '/etc/ssl/certs/ssl-cert-snakeoil.pem' does most likely not belong to a package
2026-09-24 17:18:19 Result: file is a certificate file
2026-09-24 17:18:19 Result: certificate /etc/ssl/certs/ssl-cert-snakeoil.pem seems to be correct and still valid
2026-09-24 17:18:19 Test: check if we can access /etc/ssl/movivip/server.pem (escaped: /etc/ssl/movivip/server.pem)
2026-09-24 17:18:19 Result: file is owned by our current user ID (0), checking if it is readable
2026-09-24 17:18:19 Result: file /etc/ssl/movivip/server.pem is readable (or directory accessible).
2026-09-24 17:18:19 Result: file '/etc/ssl/movivip/server.pem' does most likely not belong to a package
2026-09-24 17:18:19 Result: file is a certificate file
2026-09-24 17:18:19 Result: certificate /etc/ssl/movivip/server.pem seems to be correct and still valid
2026-09-24 17:18:19 Result: found 3 certificates in /etc/ssl
2026-09-24 17:18:19 Result: SSL path /opt/psa/var/certificates does not exist
2026-09-24 17:18:19 Result: SSL path /usr/local/psa/var/certificates does not exist
2026-09-24 17:18:19 Test: check if we can access /usr/local/share/ca-certificates (escaped: /usr/local/share/ca-certificates)
2026-09-24 17:18:19 Result: file is owned by our current user ID (0), checking if it is readable
2026-09-24 17:18:19 Result: file /usr/local/share/ca-certificates is readable (or directory accessible).
2026-09-24 17:18:19 Result: found directory /usr/local/share/ca-certificates
2026-09-24 17:18:19 Result: found 0 certificates in /usr/local/share/ca-certificates
2026-09-24 17:18:19 Test: check if we can access /usr/share/ca-certificates (escaped: /usr/share/ca-certificates)
2026-09-24 17:18:19 Result: file is owned by our current user ID (0), checking if it is readable
2026-09-24 17:18:19 Result: file /usr/share/ca-certificates is readable (or directory accessible).
2026-09-24 17:18:19 Result: found directory /usr/share/ca-certificates
2026-09-24 17:18:19 Test: check if we can access /usr/share/ca-certificates/mozilla/ACCVRAIZ1.crt (escaped: /usr/share/ca-certificates/mozilla/ACCVRAIZ1.crt)
2026-09-24 17:18:19 Result: file is owned by our current user ID (0), checking if it is readable
2026-09-24 17:18:19 Result: file /usr/share/ca-certificates/mozilla/ACCVRAIZ1.crt is readable (or directory accessible).
2026-09-24 17:18:19 Result: file '/usr/share/ca-certificates/mozilla/ACCVRAIZ1.crt' belongs to package (ca-certificates)
2026-09-24 17:18:19 Test: check if we can access /usr/share/ca-certificates/mozilla/AC_RAIZ_FNMT-RCM.crt (escaped: /usr/share/ca-certificates/mozilla/AC_RAIZ_FNMT-RCM.crt)
2026-09-24 17:18:19 Result: file is owned by our current user ID (0), checking if it is readable
2026-09-24 17:18:19 Result: file /usr/share/ca-certificates/mozilla/AC_RAIZ_FNMT-RCM.crt is readable (or directory accessible).
2026-09-24 17:18:19 Result: file '/usr/share/ca-certificates/mozilla/AC_RAIZ_FNMT-RCM.crt' belongs to package (ca-certificates)
2026-09-24 17:18:19 Test: check if we can access /usr/share/ca-certificates/mozilla/AC_RAIZ_FNMT-RCM_SERVIDORES_SEGUROS.crt (escaped: /usr/share/ca-certificates/mozilla/AC_RAIZ_FNMT-RCM_SERVIDORES_SEGUROS.crt)
2026-09-24 17:18:19 Result: file is owned by our current user ID (0), checking if it is readable
2026-09-24 17:18:19 Result: file /usr/share/ca-certificates/mozilla/AC_RAIZ_FNMT-RCM_SERVIDORES_SEGUROS.crt is readable (or directory accessible).
2026-09-24 17:18:19 Result: file '/usr/share/ca-certificates/mozilla/AC_RAIZ_FNMT-RCM_SERVIDORES_SEGUROS.crt' belongs to package (ca-certificates)
2026-09-24 17:18:19 Test: check if we can access /usr/share/ca-certificates/mozilla/ANF_Secure_Server_Root_CA.crt (escaped: /usr/share/ca-certificates/mozilla/ANF_Secure_Server_Root_CA.crt)
2026-09-24 17:18:19 Result: file is owned by our current user ID (0), checking if it is readable
2026-09-24 17:18:19 Result: file /usr/share/ca-certificates/mozilla/ANF_Secure_Server_Root_CA.crt is readable (or directory accessible).
2026-09-24 17:18:19 Result: file '/usr/share/ca-certificates/mozilla/ANF_Secure_Server_Root_CA.crt' belongs to package (ca-certificates)
2026-09-24 17:18:19 Test: check if we can access /usr/share/ca-certificates/mozilla/Actalis_Authentication_Root_CA.crt (escaped: /usr/share/ca-certificates/mozilla/Actalis_Authentication_Root_CA.crt)
2026-09-24 17:18:19 Result: file is owned by our current user ID (0), checking if it is readable
2026-09-24 17:18:19 Result: file /usr/share/ca-certificates/mozilla/Actalis_Authentication_Root_CA.crt is readable (or directory accessible).
2026-09-24 17:18:19 Result: file '/usr/share/ca-certificates/mozilla/Actalis_Authentication_Root_CA.crt' belongs to package (ca-certificates)
2026-09-24 17:18:19 Test: check if we can access /usr/share/ca-certificates/mozilla/Amazon_Root_CA_1.crt (escaped: /usr/share/ca-certificates/mozilla/Amazon_Root_CA_1.crt)
2026-09-24 17:18:19 Result: file is owned by our current user ID (0), checking if it is readable
2026-09-24 17:18:19 Result: file /usr/share/ca-certificates/mozilla/Amazon_Root_CA_1.crt is readable (or directory accessible).
2026-09-24 17:18:19 Result: file '/usr/share/ca-certificates/mozilla/Amazon_Root_CA_1.crt' belongs to package (ca-certificates)
2026-09-24 17:18:19 Test: check if we can access /usr/share/ca-certificates/mozilla/Amazon_Root_CA_2.crt (escaped: /usr/share/ca-certificates/mozilla/Amazon_Root_CA_2.crt)
2026-09-24 17:18:19 Result: file is owned by our current user ID (0), checking if it is readable
2026-09-24 17:18:19 Result: file /usr/share/ca-certificates/mozilla/Amazon_Root_CA_2.crt is readable (or directory accessible).
2026-09-24 17:18:19 Result: file '/usr/share/ca-certificates/mozilla/Amazon_Root_CA_2.crt' belongs to package (ca-certificates)
2026-09-24 17:18:19 Test: check if we can access /usr/share/ca-certificates/mozilla/Amazon_Root_CA_3.crt (escaped: /usr/share/ca-certificates/mozilla/Amazon_Root_CA_3.crt)
2026-09-24 17:18:19 Result: file is owned by our current user ID (0), checking if it is readable
2026-09-24 17:18:19 Result: file /usr/share/ca-certificates/mozilla/Amazon_Root_CA_3.crt is readable (or directory accessible).
2026-09-24 17:18:19 Result: file '/usr/share/ca-certificates/mozilla/Amazon_Root_CA_3.crt' belongs to package (ca-certificates)
2026-09-24 17:18:19 Test: check if we can access /usr/share/ca-certificates/mozilla/Amazon_Root_CA_4.crt (escaped: /usr/share/ca-certificates/mozilla/Amazon_Root_CA_4.crt)
2026-09-24 17:18:19 Result: file is owned by our current user ID (0), checking if it is readable
2026-09-24 17:18:19 Result: file /usr/share/ca-certificates/mozilla/Amazon_Root_CA_4.crt is readable (or directory accessible).
2026-09-24 17:18:19 Result: file '/usr/share/ca-certificates/mozilla/Amazon_Root_CA_4.crt' belongs to package (ca-certificates)
2026-09-24 17:18:19 Test: check if we can access /usr/share/ca-certificates/mozilla/Atos_TrustedRoot_2011.crt (escaped: /usr/share/ca-certificates/mozilla/Atos_TrustedRoot_2011.crt)
2026-09-24 17:18:19 Result: file is owned by our current user ID (0), checking if it is readable
2026-09-24 17:18:19 Result: file /usr/share/ca-certificates/mozilla/Atos_TrustedRoot_2011.crt is readable (or directory accessible).
2026-09-24 17:18:19 Result: file '/usr/share/ca-certificates/mozilla/Atos_TrustedRoot_2011.crt' belongs to package (ca-certificates)
2026-09-24 17:18:19 Test: check if we can access /usr/share/ca-certificates/mozilla/Atos_TrustedRoot_Root_CA_ECC_TLS_2021.crt (escaped: /usr/share/ca-certificates/mozilla/Atos_TrustedRoot_Root_CA_ECC_TLS_2021.crt)
2026-09-24 17:18:19 Result: file is owned by our current user ID (0), checking if it is readable
2026-09-24 17:18:19 Result: file /usr/share/ca-certificates/mozilla/Atos_TrustedRoot_Root_CA_ECC_TLS_2021.crt is readable (or directory accessible).
2026-09-24 17:18:19 Result: file '/usr/share/ca-certificates/mozilla/Atos_TrustedRoot_Root_CA_ECC_TLS_2021.crt' belongs to package (ca-certificates)
2026-09-24 17:18:19 Test: check if we can access /usr/share/ca-certificates/mozilla/Atos_TrustedRoot_Root_CA_RSA_TLS_2021.crt (escaped: /usr/share/ca-certificates/mozilla/Atos_TrustedRoot_Root_CA_RSA_TLS_2021.crt)
2026-09-24 17:18:19 Result: file is owned by our current user ID (0), checking if it is readable
2026-09-24 17:18:19 Result: file /usr/share/ca-certificates/mozilla/Atos_TrustedRoot_Root_CA_RSA_TLS_2021.crt is readable (or directory accessible).
2026-09-24 17:18:19 Result: file '/usr/share/ca-certificates/mozilla/Atos_TrustedRoot_Root_CA_RSA_TLS_2021.crt' belongs to package (ca-certificates)
2026-09-24 17:18:19 Test: check if we can access /usr/share/ca-certificates/mozilla/Autoridad_de_Certificacion_Firmaprofesional_CIF_A62634068.crt (escaped: /usr/share/ca-certificates/mozilla/Autoridad_de_Certificacion_Firmaprofesional_CIF_A62634068.crt)
2026-09-24 17:18:19 Result: file is owned by our current user ID (0), checking if it is readable
2026-09-24 17:18:19 Result: file /usr/share/ca-certificates/mozilla/Autoridad_de_Certificacion_Firmaprofesional_CIF_A62634068.crt is readable (or directory accessible).
2026-09-24 17:18:19 Result: file '/usr/share/ca-certificates/mozilla/Autoridad_de_Certificacion_Firmaprofesional_CIF_A62634068.crt' belongs to package (ca-certificates)
2026-09-24 17:18:19 Test: check if we can access /usr/share/ca-certificates/mozilla/BJCA_Global_Root_CA1.crt (escaped: /usr/share/ca-certificates/mozilla/BJCA_Global_Root_CA1.crt)
2026-09-24 17:18:19 Result: file is owned by our current user ID (0), checking if it is readable
2026-09-24 17:18:19 Result: file /usr/share/ca-certificates/mozilla/BJCA_Global_Root_CA1.crt is readable (or directory accessible).
2026-09-24 17:18:19 Result: file '/usr/share/ca-certificates/mozilla/BJCA_Global_Root_CA1.crt' belongs to package (ca-certificates)
2026-09-24 17:18:19 Test: check if we can access /usr/share/ca-certificates/mozilla/BJCA_Global_Root_CA2.crt (escaped: /usr/share/ca-certificates/mozilla/BJCA_Global_Root_CA2.crt)
2026-09-24 17:18:19 Result: file is owned by our current user ID (0), checking if it is readable
2026-09-24 17:18:19 Result: file /usr/share/ca-certificates/mozilla/BJCA_Global_Root_CA2.crt is readable (or directory accessible).
2026-09-24 17:18:19 Result: file '/usr/share/ca-certificates/mozilla/BJCA_Global_Root_CA2.crt' belongs to package (ca-certificates)
2026-09-24 17:18:19 Test: check if we can access /usr/share/ca-certificates/mozilla/Buypass_Class_2_Root_CA.crt (escaped: /usr/share/ca-certificates/mozilla/Buypass_Class_2_Root_CA.crt)
2026-09-24 17:18:19 Result: file is owned by our current user ID (0), checking if it is readable
2026-09-24 17:18:19 Result: file /usr/share/ca-certificates/mozilla/Buypass_Class_2_Root_CA.crt is readable (or directory accessible).
2026-09-24 17:18:19 Result: file '/usr/share/ca-certificates/mozilla/Buypass_Class_2_Root_CA.crt' belongs to package (ca-certificates)
2026-09-24 17:18:19 Test: check if we can access /usr/share/ca-certificates/mozilla/Buypass_Class_3_Root_CA.crt (escaped: /usr/share/ca-certificates/mozilla/Buypass_Class_3_Root_CA.crt)
2026-09-24 17:18:19 Result: file is owned by our current user ID (0), checking if it is readable
2026-09-24 17:18:19 Result: file /usr/share/ca-certificates/mozilla/Buypass_Class_3_Root_CA.crt is readable (or directory accessible).
2026-09-24 17:18:19 Result: file '/usr/share/ca-certificates/mozilla/Buypass_Class_3_Root_CA.crt' belongs to package (ca-certificates)
2026-09-24 17:18:19 Test: check if we can access /usr/share/ca-certificates/mozilla/CA_Disig_Root_R2.crt (escaped: /usr/share/ca-certificates/mozilla/CA_Disig_Root_R2.crt)
2026-09-24 17:18:19 Result: file is owned by our current user ID (0), checking if it is readable
2026-09-24 17:18:19 Result: file /usr/share/ca-certificates/mozilla/CA_Disig_Root_R2.crt is readable (or directory accessible).
2026-09-24 17:18:19 Result: file '/usr/share/ca-certificates/mozilla/CA_Disig_Root_R2.crt' belongs to package (ca-certificates)
2026-09-24 17:18:19 Test: check if we can access /usr/share/ca-certificates/mozilla/CFCA_EV_ROOT.crt (escaped: /usr/share/ca-certificates/mozilla/CFCA_EV_ROOT.crt)
2026-09-24 17:18:19 Result: file is owned by our current user ID (0), checking if it is readable
2026-09-24 17:18:19 Result: file /usr/share/ca-certificates/mozilla/CFCA_EV_ROOT.crt is readable (or directory accessible).
2026-09-24 17:18:19 Result: file '/usr/share/ca-certificates/mozilla/CFCA_EV_ROOT.crt' belongs to package (ca-certificates)
2026-09-24 17:18:19 Test: check if we can access /usr/share/ca-certificates/mozilla/COMODO_ECC_Certification_Authority.crt (escaped: /usr/share/ca-certificates/mozilla/COMODO_ECC_Certification_Authority.crt)
2026-09-24 17:18:19 Result: file is owned by our current user ID (0), checking if it is readable
2026-09-24 17:18:19 Result: file /usr/share/ca-certificates/mozilla/COMODO_ECC_Certification_Authority.crt is readable (or directory accessible).
2026-09-24 17:18:19 Result: file '/usr/share/ca-certificates/mozilla/COMODO_ECC_Certification_Authority.crt' belongs to package (ca-certificates)
2026-09-24 17:18:19 Test: check if we can access /usr/share/ca-certificates/mozilla/COMODO_RSA_Certification_Authority.crt (escaped: /usr/share/ca-certificates/mozilla/COMODO_RSA_Certification_Authority.crt)
2026-09-24 17:18:19 Result: file is owned by our current user ID (0), checking if it is readable
2026-09-24 17:18:19 Result: file /usr/share/ca-certificates/mozilla/COMODO_RSA_Certification_Authority.crt is readable (or directory accessible).
2026-09-24 17:18:19 Result: file '/usr/share/ca-certificates/mozilla/COMODO_RSA_Certification_Authority.crt' belongs to package (ca-certificates)
2026-09-24 17:18:19 Test: check if we can access /usr/share/ca-certificates/mozilla/Certainly_Root_E1.crt (escaped: /usr/share/ca-certificates/mozilla/Certainly_Root_E1.crt)
2026-09-24 17:18:19 Result: file is owned by our current user ID (0), checking if it is readable
2026-09-24 17:18:19 Result: file /usr/share/ca-certificates/mozilla/Certainly_Root_E1.crt is readable (or directory accessible).
2026-09-24 17:18:19 Result: file '/usr/share/ca-certificates/mozilla/Certainly_Root_E1.crt' belongs to package (ca-certificates)
2026-09-24 17:18:19 Test: check if we can access /usr/share/ca-certificates/mozilla/Certainly_Root_R1.crt (escaped: /usr/share/ca-certificates/mozilla/Certainly_Root_R1.crt)
2026-09-24 17:18:19 Result: file is owned by our current user ID (0), checking if it is readable
2026-09-24 17:18:19 Result: file /usr/share/ca-certificates/mozilla/Certainly_Root_R1.crt is readable (or directory accessible).
2026-09-24 17:18:19 Result: file '/usr/share/ca-certificates/mozilla/Certainly_Root_R1.crt' belongs to package (ca-certificates)
2026-09-24 17:18:19 Test: check if we can access /usr/share/ca-certificates/mozilla/Certigna_Root_CA.crt (escaped: /usr/share/ca-certificates/mozilla/Certigna_Root_CA.crt)
2026-09-24 17:18:19 Result: file is owned by our current user ID (0), checking if it is readable
2026-09-24 17:18:19 Result: file /usr/share/ca-certificates/mozilla/Certigna_Root_CA.crt is readable (or directory accessible).
2026-09-24 17:18:20 Result: file '/usr/share/ca-certificates/mozilla/Certigna_Root_CA.crt' belongs to package (ca-certificates)
2026-09-24 17:18:20 Test: check if we can access /usr/share/ca-certificates/mozilla/Certum_EC-384_CA.crt (escaped: /usr/share/ca-certificates/mozilla/Certum_EC-384_CA.crt)
2026-09-24 17:18:20 Result: file is owned by our current user ID (0), checking if it is readable
2026-09-24 17:18:20 Result: file /usr/share/ca-certificates/mozilla/Certum_EC-384_CA.crt is readable (or directory accessible).
2026-09-24 17:18:20 Result: file '/usr/share/ca-certificates/mozilla/Certum_EC-384_CA.crt' belongs to package (ca-certificates)
2026-09-24 17:18:20 Test: check if we can access /usr/share/ca-certificates/mozilla/Certum_Trusted_Network_CA.crt (escaped: /usr/share/ca-certificates/mozilla/Certum_Trusted_Network_CA.crt)
2026-09-24 17:18:20 Result: file is owned by our current user ID (0), checking if it is readable
2026-09-24 17:18:20 Result: file /usr/share/ca-certificates/mozilla/Certum_Trusted_Network_CA.crt is readable (or directory accessible).
2026-09-24 17:18:20 Result: file '/usr/share/ca-certificates/mozilla/Certum_Trusted_Network_CA.crt' belongs to package (ca-certificates)
2026-09-24 17:18:20 Test: check if we can access /usr/share/ca-certificates/mozilla/Certum_Trusted_Network_CA_2.crt (escaped: /usr/share/ca-certificates/mozilla/Certum_Trusted_Network_CA_2.crt)
2026-09-24 17:18:20 Result: file is owned by our current user ID (0), checking if it is readable
2026-09-24 17:18:20 Result: file /usr/share/ca-certificates/mozilla/Certum_Trusted_Network_CA_2.crt is readable (or directory accessible).
2026-09-24 17:18:20 Result: file '/usr/share/ca-certificates/mozilla/Certum_Trusted_Network_CA_2.crt' belongs to package (ca-certificates)
2026-09-24 17:18:20 Test: check if we can access /usr/share/ca-certificates/mozilla/Certum_Trusted_Root_CA.crt (escaped: /usr/share/ca-certificates/mozilla/Certum_Trusted_Root_CA.crt)
2026-09-24 17:18:20 Result: file is owned by our current user ID (0), checking if it is readable
2026-09-24 17:18:20 Result: file /usr/share/ca-certificates/mozilla/Certum_Trusted_Root_CA.crt is readable (or directory accessible).
2026-09-24 17:18:20 Result: file '/usr/share/ca-certificates/mozilla/Certum_Trusted_Root_CA.crt' belongs to package (ca-certificates)
2026-09-24 17:18:20 Test: check if we can access /usr/share/ca-certificates/mozilla/D-TRUST_BR_Root_CA_1_2020.crt (escaped: /usr/share/ca-certificates/mozilla/D-TRUST_BR_Root_CA_1_2020.crt)
2026-09-24 17:18:20 Result: file is owned by our current user ID (0), checking if it is readable
2026-09-24 17:18:20 Result: file /usr/share/ca-certificates/mozilla/D-TRUST_BR_Root_CA_1_2020.crt is readable (or directory accessible).
2026-09-24 17:18:20 Result: file '/usr/share/ca-certificates/mozilla/D-TRUST_BR_Root_CA_1_2020.crt' belongs to package (ca-certificates)
2026-09-24 17:18:20 Test: check if we can access /usr/share/ca-certificates/mozilla/D-TRUST_BR_Root_CA_2_2023.crt (escaped: /usr/share/ca-certificates/mozilla/D-TRUST_BR_Root_CA_2_2023.crt)
2026-09-24 17:18:20 Result: file is owned by our current user ID (0), checking if it is readable
2026-09-24 17:18:20 Result: file /usr/share/ca-certificates/mozilla/D-TRUST_BR_Root_CA_2_2023.crt is readable (or directory accessible).
2026-09-24 17:18:20 Result: file '/usr/share/ca-certificates/mozilla/D-TRUST_BR_Root_CA_2_2023.crt' belongs to package (ca-certificates)
2026-09-24 17:18:20 Test: check if we can access /usr/share/ca-certificates/mozilla/D-TRUST_EV_Root_CA_1_2020.crt (escaped: /usr/share/ca-certificates/mozilla/D-TRUST_EV_Root_CA_1_2020.crt)
2026-09-24 17:18:20 Result: file is owned by our current user ID (0), checking if it is readable
2026-09-24 17:18:20 Result: file /usr/share/ca-certificates/mozilla/D-TRUST_EV_Root_CA_1_2020.crt is readable (or directory accessible).
2026-09-24 17:18:20 Result: file '/usr/share/ca-certificates/mozilla/D-TRUST_EV_Root_CA_1_2020.crt' belongs to package (ca-certificates)
2026-09-24 17:18:20 Test: check if we can access /usr/share/ca-certificates/mozilla/D-TRUST_EV_Root_CA_2_2023.crt (escaped: /usr/share/ca-certificates/mozilla/D-TRUST_EV_Root_CA_2_2023.crt)
2026-09-24 17:18:20 Result: file is owned by our current user ID (0), checking if it is readable
2026-09-24 17:18:20 Result: file /usr/share/ca-certificates/mozilla/D-TRUST_EV_Root_CA_2_2023.crt is readable (or directory accessible).
2026-09-24 17:18:20 Result: file '/usr/share/ca-certificates/mozilla/D-TRUST_EV_Root_CA_2_2023.crt' belongs to package (ca-certificates)
2026-09-24 17:18:20 Test: check if we can access /usr/share/ca-certificates/mozilla/D-TRUST_Root_Class_3_CA_2_2009.crt (escaped: /usr/share/ca-certificates/mozilla/D-TRUST_Root_Class_3_CA_2_2009.crt)
2026-09-24 17:18:20 Result: file is owned by our current user ID (0), checking if it is readable
2026-09-24 17:18:20 Result: file /usr/share/ca-certificates/mozilla/D-TRUST_Root_Class_3_CA_2_2009.crt is readable (or directory accessible).
2026-09-24 17:18:20 Result: file '/usr/share/ca-certificates/mozilla/D-TRUST_Root_Class_3_CA_2_2009.crt' belongs to package (ca-certificates)
2026-09-24 17:18:20 Test: check if we can access /usr/share/ca-certificates/mozilla/D-TRUST_Root_Class_3_CA_2_EV_2009.crt (escaped: /usr/share/ca-certificates/mozilla/D-TRUST_Root_Class_3_CA_2_EV_2009.crt)
2026-09-24 17:18:20 Result: file is owned by our current user ID (0), checking if it is readable
2026-09-24 17:18:20 Result: file /usr/share/ca-certificates/mozilla/D-TRUST_Root_Class_3_CA_2_EV_2009.crt is readable (or directory accessible).
2026-09-24 17:18:20 Result: file '/usr/share/ca-certificates/mozilla/D-TRUST_Root_Class_3_CA_2_EV_2009.crt' belongs to package (ca-certificates)
2026-09-24 17:18:20 Test: check if we can access /usr/share/ca-certificates/mozilla/DigiCert_Assured_ID_Root_G2.crt (escaped: /usr/share/ca-certificates/mozilla/DigiCert_Assured_ID_Root_G2.crt)
2026-09-24 17:18:20 Result: file is owned by our current user ID (0), checking if it is readable
2026-09-24 17:18:20 Result: file /usr/share/ca-certificates/mozilla/DigiCert_Assured_ID_Root_G2.crt is readable (or directory accessible).
2026-09-24 17:18:20 Result: file '/usr/share/ca-certificates/mozilla/DigiCert_Assured_ID_Root_G2.crt' belongs to package (ca-certificates)
2026-09-24 17:18:20 Test: check if we can access /usr/share/ca-certificates/mozilla/DigiCert_Assured_ID_Root_G3.crt (escaped: /usr/share/ca-certificates/mozilla/DigiCert_Assured_ID_Root_G3.crt)
2026-09-24 17:18:20 Result: file is owned by our current user ID (0), checking if it is readable
2026-09-24 17:18:20 Result: file /usr/share/ca-certificates/mozilla/DigiCert_Assured_ID_Root_G3.crt is readable (or directory accessible).
2026-09-24 17:18:20 Result: file '/usr/share/ca-certificates/mozilla/DigiCert_Assured_ID_Root_G3.crt' belongs to package (ca-certificates)
2026-09-24 17:18:20 Test: check if we can access /usr/share/ca-certificates/mozilla/DigiCert_Global_Root_G2.crt (escaped: /usr/share/ca-certificates/mozilla/DigiCert_Global_Root_G2.crt)
2026-09-24 17:18:20 Result: file is owned by our current user ID (0), checking if it is readable
2026-09-24 17:18:20 Result: file /usr/share/ca-certificates/mozilla/DigiCert_Global_Root_G2.crt is readable (or directory accessible).
2026-09-24 17:18:20 Result: file '/usr/share/ca-certificates/mozilla/DigiCert_Global_Root_G2.crt' belongs to package (ca-certificates)
2026-09-24 17:18:20 Test: check if we can access /usr/share/ca-certificates/mozilla/DigiCert_Global_Root_G3.crt (escaped: /usr/share/ca-certificates/mozilla/DigiCert_Global_Root_G3.crt)
2026-09-24 17:18:20 Result: file is owned by our current user ID (0), checking if it is readable
2026-09-24 17:18:20 Result: file /usr/share/ca-certificates/mozilla/DigiCert_Global_Root_G3.crt is readable (or directory accessible).
2026-09-24 17:18:20 Result: file '/usr/share/ca-certificates/mozilla/DigiCert_Global_Root_G3.crt' belongs to package (ca-certificates)
2026-09-24 17:18:20 Test: check if we can access /usr/share/ca-certificates/mozilla/DigiCert_TLS_ECC_P384_Root_G5.crt (escaped: /usr/share/ca-certificates/mozilla/DigiCert_TLS_ECC_P384_Root_G5.crt)
2026-09-24 17:18:20 Result: file is owned by our current user ID (0), checking if it is readable
2026-09-24 17:18:20 Result: file /usr/share/ca-certificates/mozilla/DigiCert_TLS_ECC_P384_Root_G5.crt is readable (or directory accessible).
2026-09-24 17:18:20 Result: file '/usr/share/ca-certificates/mozilla/DigiCert_TLS_ECC_P384_Root_G5.crt' belongs to package (ca-certificates)
2026-09-24 17:18:20 Test: check if we can access /usr/share/ca-certificates/mozilla/DigiCert_TLS_RSA4096_Root_G5.crt (escaped: /usr/share/ca-certificates/mozilla/DigiCert_TLS_RSA4096_Root_G5.crt)
2026-09-24 17:18:20 Result: file is owned by our current user ID (0), checking if it is readable
2026-09-24 17:18:20 Result: file /usr/share/ca-certificates/mozilla/DigiCert_TLS_RSA4096_Root_G5.crt is readable (or directory accessible).
2026-09-24 17:18:20 Result: file '/usr/share/ca-certificates/mozilla/DigiCert_TLS_RSA4096_Root_G5.crt' belongs to package (ca-certificates)
2026-09-24 17:18:20 Test: check if we can access /usr/share/ca-certificates/mozilla/DigiCert_Trusted_Root_G4.crt (escaped: /usr/share/ca-certificates/mozilla/DigiCert_Trusted_Root_G4.crt)
2026-09-24 17:18:20 Result: file is owned by our current user ID (0), checking if it is readable
2026-09-24 17:18:20 Result: file /usr/share/ca-certificates/mozilla/DigiCert_Trusted_Root_G4.crt is readable (or directory accessible).
2026-09-24 17:18:20 Result: file '/usr/share/ca-certificates/mozilla/DigiCert_Trusted_Root_G4.crt' belongs to package (ca-certificates)
2026-09-24 17:18:20 Test: check if we can access /usr/share/ca-certificates/mozilla/Entrust_Root_Certification_Authority.crt (escaped: /usr/share/ca-certificates/mozilla/Entrust_Root_Certification_Authority.crt)
2026-09-24 17:18:20 Result: file is owned by our current user ID (0), checking if it is readable
2026-09-24 17:18:20 Result: file /usr/share/ca-certificates/mozilla/Entrust_Root_Certification_Authority.crt is readable (or directory accessible).
2026-09-24 17:18:20 Result: file '/usr/share/ca-certificates/mozilla/Entrust_Root_Certification_Authority.crt' belongs to package (ca-certificates)
2026-09-24 17:18:20 Test: check if we can access /usr/share/ca-certificates/mozilla/GDCA_TrustAUTH_R5_ROOT.crt (escaped: /usr/share/ca-certificates/mozilla/GDCA_TrustAUTH_R5_ROOT.crt)
2026-09-24 17:18:20 Result: file is owned by our current user ID (0), checking if it is readable
2026-09-24 17:18:20 Result: file /usr/share/ca-certificates/mozilla/GDCA_TrustAUTH_R5_ROOT.crt is readable (or directory accessible).
2026-09-24 17:18:20 Result: file '/usr/share/ca-certificates/mozilla/GDCA_TrustAUTH_R5_ROOT.crt' belongs to package (ca-certificates)
2026-09-24 17:18:20 Test: check if we can access /usr/share/ca-certificates/mozilla/GTS_Root_R1.crt (escaped: /usr/share/ca-certificates/mozilla/GTS_Root_R1.crt)
2026-09-24 17:18:20 Result: file is owned by our current user ID (0), checking if it is readable
2026-09-24 17:18:20 Result: file /usr/share/ca-certificates/mozilla/GTS_Root_R1.crt is readable (or directory accessible).
2026-09-24 17:18:20 Result: file '/usr/share/ca-certificates/mozilla/GTS_Root_R1.crt' belongs to package (ca-certificates)
2026-09-24 17:18:20 Test: check if we can access /usr/share/ca-certificates/mozilla/GTS_Root_R3.crt (escaped: /usr/share/ca-certificates/mozilla/GTS_Root_R3.crt)
2026-09-24 17:18:20 Result: file is owned by our current user ID (0), checking if it is readable
2026-09-24 17:18:20 Result: file /usr/share/ca-certificates/mozilla/GTS_Root_R3.crt is readable (or directory accessible).
2026-09-24 17:18:20 Result: file '/usr/share/ca-certificates/mozilla/GTS_Root_R3.crt' belongs to package (ca-certificates)
2026-09-24 17:18:20 Test: check if we can access /usr/share/ca-certificates/mozilla/GTS_Root_R4.crt (escaped: /usr/share/ca-certificates/mozilla/GTS_Root_R4.crt)
2026-09-24 17:18:20 Result: file is owned by our current user ID (0), checking if it is readable
2026-09-24 17:18:20 Result: file /usr/share/ca-certificates/mozilla/GTS_Root_R4.crt is readable (or directory accessible).
2026-09-24 17:18:20 Result: file '/usr/share/ca-certificates/mozilla/GTS_Root_R4.crt' belongs to package (ca-certificates)
2026-09-24 17:18:20 Test: check if we can access /usr/share/ca-certificates/mozilla/GlobalSign_ECC_Root_CA_-_R4.crt (escaped: /usr/share/ca-certificates/mozilla/GlobalSign_ECC_Root_CA_-_R4.crt)
2026-09-24 17:18:20 Result: file is owned by our current user ID (0), checking if it is readable
2026-09-24 17:18:20 Result: file /usr/share/ca-certificates/mozilla/GlobalSign_ECC_Root_CA_-_R4.crt is readable (or directory accessible).
2026-09-24 17:18:20 Result: file '/usr/share/ca-certificates/mozilla/GlobalSign_ECC_Root_CA_-_R4.crt' belongs to package (ca-certificates)
2026-09-24 17:18:20 Test: check if we can access /usr/share/ca-certificates/mozilla/GlobalSign_ECC_Root_CA_-_R5.crt (escaped: /usr/share/ca-certificates/mozilla/GlobalSign_ECC_Root_CA_-_R5.crt)
2026-09-24 17:18:20 Result: file is owned by our current user ID (0), checking if it is readable
2026-09-24 17:18:20 Result: file /usr/share/ca-certificates/mozilla/GlobalSign_ECC_Root_CA_-_R5.crt is readable (or directory accessible).
2026-09-24 17:18:20 Result: file '/usr/share/ca-certificates/mozilla/GlobalSign_ECC_Root_CA_-_R5.crt' belongs to package (ca-certificates)
2026-09-24 17:18:20 Test: check if we can access /usr/share/ca-certificates/mozilla/GlobalSign_Root_CA_-_R3.crt (escaped: /usr/share/ca-certificates/mozilla/GlobalSign_Root_CA_-_R3.crt)
2026-09-24 17:18:20 Result: file is owned by our current user ID (0), checking if it is readable
2026-09-24 17:18:20 Result: file /usr/share/ca-certificates/mozilla/GlobalSign_Root_CA_-_R3.crt is readable (or directory accessible).
2026-09-24 17:18:20 Result: file '/usr/share/ca-certificates/mozilla/GlobalSign_Root_CA_-_R3.crt' belongs to package (ca-certificates)
2026-09-24 17:18:20 Test: check if we can access /usr/share/ca-certificates/mozilla/GlobalSign_Root_CA_-_R6.crt (escaped: /usr/share/ca-certificates/mozilla/GlobalSign_Root_CA_-_R6.crt)
2026-09-24 17:18:20 Result: file is owned by our current user ID (0), checking if it is readable
2026-09-24 17:18:20 Result: file /usr/share/ca-certificates/mozilla/GlobalSign_Root_CA_-_R6.crt is readable (or directory accessible).
2026-09-24 17:18:20 Result: file '/usr/share/ca-certificates/mozilla/GlobalSign_Root_CA_-_R6.crt' belongs to package (ca-certificates)
2026-09-24 17:18:20 Test: check if we can access /usr/share/ca-certificates/mozilla/GlobalSign_Root_E46.crt (escaped: /usr/share/ca-certificates/mozilla/GlobalSign_Root_E46.crt)
2026-09-24 17:18:20 Result: file is owned by our current user ID (0), checking if it is readable
2026-09-24 17:18:20 Result: file /usr/share/ca-certificates/mozilla/GlobalSign_Root_E46.crt is readable (or directory accessible).
2026-09-24 17:18:20 Result: file '/usr/share/ca-certificates/mozilla/GlobalSign_Root_E46.crt' belongs to package (ca-certificates)
2026-09-24 17:18:20 Test: check if we can access /usr/share/ca-certificates/mozilla/GlobalSign_Root_R46.crt (escaped: /usr/share/ca-certificates/mozilla/GlobalSign_Root_R46.crt)
2026-09-24 17:18:20 Result: file is owned by our current user ID (0), checking if it is readable
2026-09-24 17:18:20 Result: file /usr/share/ca-certificates/mozilla/GlobalSign_Root_R46.crt is readable (or directory accessible).
2026-09-24 17:18:20 Result: file '/usr/share/ca-certificates/mozilla/GlobalSign_Root_R46.crt' belongs to package (ca-certificates)
2026-09-24 17:18:20 Test: check if we can access /usr/share/ca-certificates/mozilla/Go_Daddy_Root_Certificate_Authority_-_G2.crt (escaped: /usr/share/ca-certificates/mozilla/Go_Daddy_Root_Certificate_Authority_-_G2.crt)
2026-09-24 17:18:21 Result: file is owned by our current user ID (0), checking if it is readable
2026-09-24 17:18:21 Result: file /usr/share/ca-certificates/mozilla/Go_Daddy_Root_Certificate_Authority_-_G2.crt is readable (or directory accessible).
2026-09-24 17:18:21 Result: file '/usr/share/ca-certificates/mozilla/Go_Daddy_Root_Certificate_Authority_-_G2.crt' belongs to package (ca-certificates)
2026-09-24 17:18:21 Test: check if we can access /usr/share/ca-certificates/mozilla/HARICA_TLS_ECC_Root_CA_2021.crt (escaped: /usr/share/ca-certificates/mozilla/HARICA_TLS_ECC_Root_CA_2021.crt)
2026-09-24 17:18:21 Result: file is owned by our current user ID (0), checking if it is readable
2026-09-24 17:18:21 Result: file /usr/share/ca-certificates/mozilla/HARICA_TLS_ECC_Root_CA_2021.crt is readable (or directory accessible).
2026-09-24 17:18:21 Result: file '/usr/share/ca-certificates/mozilla/HARICA_TLS_ECC_Root_CA_2021.crt' belongs to package (ca-certificates)
2026-09-24 17:18:21 Test: check if we can access /usr/share/ca-certificates/mozilla/HARICA_TLS_RSA_Root_CA_2021.crt (escaped: /usr/share/ca-certificates/mozilla/HARICA_TLS_RSA_Root_CA_2021.crt)
2026-09-24 17:18:21 Result: file is owned by our current user ID (0), checking if it is readable
2026-09-24 17:18:21 Result: file /usr/share/ca-certificates/mozilla/HARICA_TLS_RSA_Root_CA_2021.crt is readable (or directory accessible).
2026-09-24 17:18:21 Result: file '/usr/share/ca-certificates/mozilla/HARICA_TLS_RSA_Root_CA_2021.crt' belongs to package (ca-certificates)
2026-09-24 17:18:21 Test: check if we can access /usr/share/ca-certificates/mozilla/Hellenic_Academic_and_Research_Institutions_ECC_RootCA_2015.crt (escaped: /usr/share/ca-certificates/mozilla/Hellenic_Academic_and_Research_Institutions_ECC_RootCA_2015.crt)
2026-09-24 17:18:21 Result: file is owned by our current user ID (0), checking if it is readable
2026-09-24 17:18:21 Result: file /usr/share/ca-certificates/mozilla/Hellenic_Academic_and_Research_Institutions_ECC_RootCA_2015.crt is readable (or directory accessible).
2026-09-24 17:18:21 Result: file '/usr/share/ca-certificates/mozilla/Hellenic_Academic_and_Research_Institutions_ECC_RootCA_2015.crt' belongs to package (ca-certificates)
2026-09-24 17:18:21 Test: check if we can access /usr/share/ca-certificates/mozilla/Hellenic_Academic_and_Research_Institutions_RootCA_2015.crt (escaped: /usr/share/ca-certificates/mozilla/Hellenic_Academic_and_Research_Institutions_RootCA_2015.crt)
2026-09-24 17:18:21 Result: file is owned by our current user ID (0), checking if it is readable
2026-09-24 17:18:21 Result: file /usr/share/ca-certificates/mozilla/Hellenic_Academic_and_Research_Institutions_RootCA_2015.crt is readable (or directory accessible).
2026-09-24 17:18:21 Result: file '/usr/share/ca-certificates/mozilla/Hellenic_Academic_and_Research_Institutions_RootCA_2015.crt' belongs to package (ca-certificates)
2026-09-24 17:18:21 Test: check if we can access /usr/share/ca-certificates/mozilla/HiPKI_Root_CA_-_G1.crt (escaped: /usr/share/ca-certificates/mozilla/HiPKI_Root_CA_-_G1.crt)
2026-09-24 17:18:21 Result: file is owned by our current user ID (0), checking if it is readable
2026-09-24 17:18:21 Result: file /usr/share/ca-certificates/mozilla/HiPKI_Root_CA_-_G1.crt is readable (or directory accessible).
2026-09-24 17:18:21 Result: file '/usr/share/ca-certificates/mozilla/HiPKI_Root_CA_-_G1.crt' belongs to package (ca-certificates)
2026-09-24 17:18:21 Test: check if we can access /usr/share/ca-certificates/mozilla/Hongkong_Post_Root_CA_3.crt (escaped: /usr/share/ca-certificates/mozilla/Hongkong_Post_Root_CA_3.crt)
2026-09-24 17:18:21 Result: file is owned by our current user ID (0), checking if it is readable
2026-09-24 17:18:21 Result: file /usr/share/ca-certificates/mozilla/Hongkong_Post_Root_CA_3.crt is readable (or directory accessible).
2026-09-24 17:18:21 Result: file '/usr/share/ca-certificates/mozilla/Hongkong_Post_Root_CA_3.crt' belongs to package (ca-certificates)
2026-09-24 17:18:21 Test: check if we can access /usr/share/ca-certificates/mozilla/ISRG_Root_X1.crt (escaped: /usr/share/ca-certificates/mozilla/ISRG_Root_X1.crt)
2026-09-24 17:18:21 Result: file is owned by our current user ID (0), checking if it is readable
2026-09-24 17:18:21 Result: file /usr/share/ca-certificates/mozilla/ISRG_Root_X1.crt is readable (or directory accessible).
2026-09-24 17:18:21 Result: file '/usr/share/ca-certificates/mozilla/ISRG_Root_X1.crt' belongs to package (ca-certificates)
2026-09-24 17:18:21 Test: check if we can access /usr/share/ca-certificates/mozilla/ISRG_Root_X2.crt (escaped: /usr/share/ca-certificates/mozilla/ISRG_Root_X2.crt)
2026-09-24 17:18:21 Result: file is owned by our current user ID (0), checking if it is readable
2026-09-24 17:18:21 Result: file /usr/share/ca-certificates/mozilla/ISRG_Root_X2.crt is readable (or directory accessible).
2026-09-24 17:18:21 Result: file '/usr/share/ca-certificates/mozilla/ISRG_Root_X2.crt' belongs to package (ca-certificates)
2026-09-24 17:18:21 Test: check if we can access /usr/share/ca-certificates/mozilla/IdenTrust_Commercial_Root_CA_1.crt (escaped: /usr/share/ca-certificates/mozilla/IdenTrust_Commercial_Root_CA_1.crt)
2026-09-24 17:18:21 Result: file is owned by our current user ID (0), checking if it is readable
2026-09-24 17:18:21 Result: file /usr/share/ca-certificates/mozilla/IdenTrust_Commercial_Root_CA_1.crt is readable (or directory accessible).
2026-09-24 17:18:21 Result: file '/usr/share/ca-certificates/mozilla/IdenTrust_Commercial_Root_CA_1.crt' belongs to package (ca-certificates)
2026-09-24 17:18:21 Test: check if we can access /usr/share/ca-certificates/mozilla/IdenTrust_Public_Sector_Root_CA_1.crt (escaped: /usr/share/ca-certificates/mozilla/IdenTrust_Public_Sector_Root_CA_1.crt)
2026-09-24 17:18:21 Result: file is owned by our current user ID (0), checking if it is readable
2026-09-24 17:18:21 Result: file /usr/share/ca-certificates/mozilla/IdenTrust_Public_Sector_Root_CA_1.crt is readable (or directory accessible).
2026-09-24 17:18:21 Result: file '/usr/share/ca-certificates/mozilla/IdenTrust_Public_Sector_Root_CA_1.crt' belongs to package (ca-certificates)
2026-09-24 17:18:21 Test: check if we can access /usr/share/ca-certificates/mozilla/Izenpe.com.crt (escaped: /usr/share/ca-certificates/mozilla/Izenpe.com.crt)
2026-09-24 17:18:21 Result: file is owned by our current user ID (0), checking if it is readable
2026-09-24 17:18:21 Result: file /usr/share/ca-certificates/mozilla/Izenpe.com.crt is readable (or directory accessible).
2026-09-24 17:18:21 Result: file '/usr/share/ca-certificates/mozilla/Izenpe.com.crt' belongs to package (ca-certificates)
2026-09-24 17:18:21 Test: check if we can access /usr/share/ca-certificates/mozilla/Microsec_e-Szigno_Root_CA_2009.crt (escaped: /usr/share/ca-certificates/mozilla/Microsec_e-Szigno_Root_CA_2009.crt)
2026-09-24 17:18:21 Result: file is owned by our current user ID (0), checking if it is readable
2026-09-24 17:18:21 Result: file /usr/share/ca-certificates/mozilla/Microsec_e-Szigno_Root_CA_2009.crt is readable (or directory accessible).
2026-09-24 17:18:21 Result: file '/usr/share/ca-certificates/mozilla/Microsec_e-Szigno_Root_CA_2009.crt' belongs to package (ca-certificates)
2026-09-24 17:18:21 Test: check if we can access /usr/share/ca-certificates/mozilla/Microsoft_ECC_Root_Certificate_Authority_2017.crt (escaped: /usr/share/ca-certificates/mozilla/Microsoft_ECC_Root_Certificate_Authority_2017.crt)
2026-09-24 17:18:21 Result: file is owned by our current user ID (0), checking if it is readable
2026-09-24 17:18:21 Result: file /usr/share/ca-certificates/mozilla/Microsoft_ECC_Root_Certificate_Authority_2017.crt is readable (or directory accessible).
2026-09-24 17:18:21 Result: file '/usr/share/ca-certificates/mozilla/Microsoft_ECC_Root_Certificate_Authority_2017.crt' belongs to package (ca-certificates)
2026-09-24 17:18:21 Test: check if we can access /usr/share/ca-certificates/mozilla/Microsoft_RSA_Root_Certificate_Authority_2017.crt (escaped: /usr/share/ca-certificates/mozilla/Microsoft_RSA_Root_Certificate_Authority_2017.crt)
2026-09-24 17:18:21 Result: file is owned by our current user ID (0), checking if it is readable
2026-09-24 17:18:21 Result: file /usr/share/ca-certificates/mozilla/Microsoft_RSA_Root_Certificate_Authority_2017.crt is readable (or directory accessible).
2026-09-24 17:18:21 Result: file '/usr/share/ca-certificates/mozilla/Microsoft_RSA_Root_Certificate_Authority_2017.crt' belongs to package (ca-certificates)
2026-09-24 17:18:21 Test: check if we can access /usr/share/ca-certificates/mozilla/NAVER_Global_Root_Certification_Authority.crt (escaped: /usr/share/ca-certificates/mozilla/NAVER_Global_Root_Certification_Authority.crt)
2026-09-24 17:18:21 Result: file is owned by our current user ID (0), checking if it is readable
2026-09-24 17:18:21 Result: file /usr/share/ca-certificates/mozilla/NAVER_Global_Root_Certification_Authority.crt is readable (or directory accessible).
2026-09-24 17:18:21 Result: file '/usr/share/ca-certificates/mozilla/NAVER_Global_Root_Certification_Authority.crt' belongs to package (ca-certificates)
2026-09-24 17:18:21 Test: check if we can access /usr/share/ca-certificates/mozilla/NetLock_Arany_=Class_Gold=_Főtanúsítvány.crt (escaped: /usr/share/ca-certificates/mozilla/NetLock_Arany_=Class_Gold=_Főtanúsítvány.crt)
2026-09-24 17:18:21 Result: file is owned by our current user ID (0), checking if it is readable
2026-09-24 17:18:21 Result: file /usr/share/ca-certificates/mozilla/NetLock_Arany_=Class_Gold=_Főtanúsítvány.crt is readable (or directory accessible).
2026-09-24 17:18:21 Result: file '/usr/share/ca-certificates/mozilla/NetLock_Arany_=Class_Gold=_Főtanúsítvány.crt' belongs to package (ca-certificates)
2026-09-24 17:18:21 Test: check if we can access /usr/share/ca-certificates/mozilla/OISTE_Server_Root_ECC_G1.crt (escaped: /usr/share/ca-certificates/mozilla/OISTE_Server_Root_ECC_G1.crt)
2026-09-24 17:18:21 Result: file is owned by our current user ID (0), checking if it is readable
2026-09-24 17:18:21 Result: file /usr/share/ca-certificates/mozilla/OISTE_Server_Root_ECC_G1.crt is readable (or directory accessible).
2026-09-24 17:18:21 Result: file '/usr/share/ca-certificates/mozilla/OISTE_Server_Root_ECC_G1.crt' belongs to package (ca-certificates)
2026-09-24 17:18:21 Test: check if we can access /usr/share/ca-certificates/mozilla/OISTE_Server_Root_RSA_G1.crt (escaped: /usr/share/ca-certificates/mozilla/OISTE_Server_Root_RSA_G1.crt)
2026-09-24 17:18:21 Result: file is owned by our current user ID (0), checking if it is readable
2026-09-24 17:18:21 Result: file /usr/share/ca-certificates/mozilla/OISTE_Server_Root_RSA_G1.crt is readable (or directory accessible).
2026-09-24 17:18:21 Result: file '/usr/share/ca-certificates/mozilla/OISTE_Server_Root_RSA_G1.crt' belongs to package (ca-certificates)
2026-09-24 17:18:21 Test: check if we can access /usr/share/ca-certificates/mozilla/OISTE_WISeKey_Global_Root_GB_CA.crt (escaped: /usr/share/ca-certificates/mozilla/OISTE_WISeKey_Global_Root_GB_CA.crt)
2026-09-24 17:18:21 Result: file is owned by our current user ID (0), checking if it is readable
2026-09-24 17:18:21 Result: file /usr/share/ca-certificates/mozilla/OISTE_WISeKey_Global_Root_GB_CA.crt is readable (or directory accessible).
2026-09-24 17:18:21 Result: file '/usr/share/ca-certificates/mozilla/OISTE_WISeKey_Global_Root_GB_CA.crt' belongs to package (ca-certificates)
2026-09-24 17:18:21 Test: check if we can access /usr/share/ca-certificates/mozilla/OISTE_WISeKey_Global_Root_GC_CA.crt (escaped: /usr/share/ca-certificates/mozilla/OISTE_WISeKey_Global_Root_GC_CA.crt)
2026-09-24 17:18:21 Result: file is owned by our current user ID (0), checking if it is readable
2026-09-24 17:18:21 Result: file /usr/share/ca-certificates/mozilla/OISTE_WISeKey_Global_Root_GC_CA.crt is readable (or directory accessible).
2026-09-24 17:18:21 Result: file '/usr/share/ca-certificates/mozilla/OISTE_WISeKey_Global_Root_GC_CA.crt' belongs to package (ca-certificates)
2026-09-24 17:18:21 Test: check if we can access /usr/share/ca-certificates/mozilla/QuoVadis_Root_CA_1_G3.crt (escaped: /usr/share/ca-certificates/mozilla/QuoVadis_Root_CA_1_G3.crt)
2026-09-24 17:18:21 Result: file is owned by our current user ID (0), checking if it is readable
2026-09-24 17:18:21 Result: file /usr/share/ca-certificates/mozilla/QuoVadis_Root_CA_1_G3.crt is readable (or directory accessible).
2026-09-24 17:18:21 Result: file '/usr/share/ca-certificates/mozilla/QuoVadis_Root_CA_1_G3.crt' belongs to package (ca-certificates)
2026-09-24 17:18:21 Test: check if we can access /usr/share/ca-certificates/mozilla/QuoVadis_Root_CA_2_G3.crt (escaped: /usr/share/ca-certificates/mozilla/QuoVadis_Root_CA_2_G3.crt)
2026-09-24 17:18:21 Result: file is owned by our current user ID (0), checking if it is readable
2026-09-24 17:18:21 Result: file /usr/share/ca-certificates/mozilla/QuoVadis_Root_CA_2_G3.crt is readable (or directory accessible).
2026-09-24 17:18:21 Result: file '/usr/share/ca-certificates/mozilla/QuoVadis_Root_CA_2_G3.crt' belongs to package (ca-certificates)
2026-09-24 17:18:21 Test: check if we can access /usr/share/ca-certificates/mozilla/QuoVadis_Root_CA_3_G3.crt (escaped: /usr/share/ca-certificates/mozilla/QuoVadis_Root_CA_3_G3.crt)
2026-09-24 17:18:21 Result: file is owned by our current user ID (0), checking if it is readable
2026-09-24 17:18:21 Result: file /usr/share/ca-certificates/mozilla/QuoVadis_Root_CA_3_G3.crt is readable (or directory accessible).
2026-09-24 17:18:21 Result: file '/usr/share/ca-certificates/mozilla/QuoVadis_Root_CA_3_G3.crt' belongs to package (ca-certificates)
2026-09-24 17:18:21 Test: check if we can access /usr/share/ca-certificates/mozilla/SSL.com_EV_Root_Certification_Authority_ECC.crt (escaped: /usr/share/ca-certificates/mozilla/SSL.com_EV_Root_Certification_Authority_ECC.crt)
2026-09-24 17:18:21 Result: file is owned by our current user ID (0), checking if it is readable
2026-09-24 17:18:21 Result: file /usr/share/ca-certificates/mozilla/SSL.com_EV_Root_Certification_Authority_ECC.crt is readable (or directory accessible).
2026-09-24 17:18:21 Result: file '/usr/share/ca-certificates/mozilla/SSL.com_EV_Root_Certification_Authority_ECC.crt' belongs to package (ca-certificates)
2026-09-24 17:18:21 Test: check if we can access /usr/share/ca-certificates/mozilla/SSL.com_EV_Root_Certification_Authority_RSA_R2.crt (escaped: /usr/share/ca-certificates/mozilla/SSL.com_EV_Root_Certification_Authority_RSA_R2.crt)
2026-09-24 17:18:21 Result: file is owned by our current user ID (0), checking if it is readable
2026-09-24 17:18:21 Result: file /usr/share/ca-certificates/mozilla/SSL.com_EV_Root_Certification_Authority_RSA_R2.crt is readable (or directory accessible).
2026-09-24 17:18:21 Result: file '/usr/share/ca-certificates/mozilla/SSL.com_EV_Root_Certification_Authority_RSA_R2.crt' belongs to package (ca-certificates)
2026-09-24 17:18:21 Test: check if we can access /usr/share/ca-certificates/mozilla/SSL.com_Root_Certification_Authority_ECC.crt (escaped: /usr/share/ca-certificates/mozilla/SSL.com_Root_Certification_Authority_ECC.crt)
2026-09-24 17:18:21 Result: file is owned by our current user ID (0), checking if it is readable
2026-09-24 17:18:21 Result: file /usr/share/ca-certificates/mozilla/SSL.com_Root_Certification_Authority_ECC.crt is readable (or directory accessible).
2026-09-24 17:18:21 Result: file '/usr/share/ca-certificates/mozilla/SSL.com_Root_Certification_Authority_ECC.crt' belongs to package (ca-certificates)
2026-09-24 17:18:21 Test: check if we can access /usr/share/ca-certificates/mozilla/SSL.com_Root_Certification_Authority_RSA.crt (escaped: /usr/share/ca-certificates/mozilla/SSL.com_Root_Certification_Authority_RSA.crt)
2026-09-24 17:18:21 Result: file is owned by our current user ID (0), checking if it is readable
2026-09-24 17:18:21 Result: file /usr/share/ca-certificates/mozilla/SSL.com_Root_Certification_Authority_RSA.crt is readable (or directory accessible).
2026-09-24 17:18:21 Result: file '/usr/share/ca-certificates/mozilla/SSL.com_Root_Certification_Authority_RSA.crt' belongs to package (ca-certificates)
2026-09-24 17:18:21 Test: check if we can access /usr/share/ca-certificates/mozilla/SSL.com_TLS_ECC_Root_CA_2022.crt (escaped: /usr/share/ca-certificates/mozilla/SSL.com_TLS_ECC_Root_CA_2022.crt)
2026-09-24 17:18:21 Result: file is owned by our current user ID (0), checking if it is readable
2026-09-24 17:18:21 Result: file /usr/share/ca-certificates/mozilla/SSL.com_TLS_ECC_Root_CA_2022.crt is readable (or directory accessible).
2026-09-24 17:18:21 Result: file '/usr/share/ca-certificates/mozilla/SSL.com_TLS_ECC_Root_CA_2022.crt' belongs to package (ca-certificates)
2026-09-24 17:18:21 Test: check if we can access /usr/share/ca-certificates/mozilla/SSL.com_TLS_RSA_Root_CA_2022.crt (escaped: /usr/share/ca-certificates/mozilla/SSL.com_TLS_RSA_Root_CA_2022.crt)
2026-09-24 17:18:21 Result: file is owned by our current user ID (0), checking if it is readable
2026-09-24 17:18:21 Result: file /usr/share/ca-certificates/mozilla/SSL.com_TLS_RSA_Root_CA_2022.crt is readable (or directory accessible).
2026-09-24 17:18:22 Result: file '/usr/share/ca-certificates/mozilla/SSL.com_TLS_RSA_Root_CA_2022.crt' belongs to package (ca-certificates)
2026-09-24 17:18:22 Test: check if we can access /usr/share/ca-certificates/mozilla/SZAFIR_ROOT_CA2.crt (escaped: /usr/share/ca-certificates/mozilla/SZAFIR_ROOT_CA2.crt)
2026-09-24 17:18:22 Result: file is owned by our current user ID (0), checking if it is readable
2026-09-24 17:18:22 Result: file /usr/share/ca-certificates/mozilla/SZAFIR_ROOT_CA2.crt is readable (or directory accessible).
2026-09-24 17:18:22 Result: file '/usr/share/ca-certificates/mozilla/SZAFIR_ROOT_CA2.crt' belongs to package (ca-certificates)
2026-09-24 17:18:22 Test: check if we can access /usr/share/ca-certificates/mozilla/Sectigo_Public_Server_Authentication_Root_E46.crt (escaped: /usr/share/ca-certificates/mozilla/Sectigo_Public_Server_Authentication_Root_E46.crt)
2026-09-24 17:18:22 Result: file is owned by our current user ID (0), checking if it is readable
2026-09-24 17:18:22 Result: file /usr/share/ca-certificates/mozilla/Sectigo_Public_Server_Authentication_Root_E46.crt is readable (or directory accessible).
2026-09-24 17:18:22 Result: file '/usr/share/ca-certificates/mozilla/Sectigo_Public_Server_Authentication_Root_E46.crt' belongs to package (ca-certificates)
2026-09-24 17:18:22 Test: check if we can access /usr/share/ca-certificates/mozilla/Sectigo_Public_Server_Authentication_Root_R46.crt (escaped: /usr/share/ca-certificates/mozilla/Sectigo_Public_Server_Authentication_Root_R46.crt)
2026-09-24 17:18:22 Result: file is owned by our current user ID (0), checking if it is readable
2026-09-24 17:18:22 Result: file /usr/share/ca-certificates/mozilla/Sectigo_Public_Server_Authentication_Root_R46.crt is readable (or directory accessible).
2026-09-24 17:18:22 Result: file '/usr/share/ca-certificates/mozilla/Sectigo_Public_Server_Authentication_Root_R46.crt' belongs to package (ca-certificates)
2026-09-24 17:18:22 Test: check if we can access /usr/share/ca-certificates/mozilla/SecureSign_Root_CA12.crt (escaped: /usr/share/ca-certificates/mozilla/SecureSign_Root_CA12.crt)
2026-09-24 17:18:22 Result: file is owned by our current user ID (0), checking if it is readable
2026-09-24 17:18:22 Result: file /usr/share/ca-certificates/mozilla/SecureSign_Root_CA12.crt is readable (or directory accessible).
2026-09-24 17:18:22 Result: file '/usr/share/ca-certificates/mozilla/SecureSign_Root_CA12.crt' belongs to package (ca-certificates)
2026-09-24 17:18:22 Test: check if we can access /usr/share/ca-certificates/mozilla/SecureSign_Root_CA14.crt (escaped: /usr/share/ca-certificates/mozilla/SecureSign_Root_CA14.crt)
2026-09-24 17:18:22 Result: file is owned by our current user ID (0), checking if it is readable
2026-09-24 17:18:22 Result: file /usr/share/ca-certificates/mozilla/SecureSign_Root_CA14.crt is readable (or directory accessible).
2026-09-24 17:18:22 Result: file '/usr/share/ca-certificates/mozilla/SecureSign_Root_CA14.crt' belongs to package (ca-certificates)
2026-09-24 17:18:22 Test: check if we can access /usr/share/ca-certificates/mozilla/SecureSign_Root_CA15.crt (escaped: /usr/share/ca-certificates/mozilla/SecureSign_Root_CA15.crt)
2026-09-24 17:18:22 Result: file is owned by our current user ID (0), checking if it is readable
2026-09-24 17:18:22 Result: file /usr/share/ca-certificates/mozilla/SecureSign_Root_CA15.crt is readable (or directory accessible).
2026-09-24 17:18:22 Result: file '/usr/share/ca-certificates/mozilla/SecureSign_Root_CA15.crt' belongs to package (ca-certificates)
2026-09-24 17:18:22 Test: check if we can access /usr/share/ca-certificates/mozilla/Security_Communication_ECC_RootCA1.crt (escaped: /usr/share/ca-certificates/mozilla/Security_Communication_ECC_RootCA1.crt)
2026-09-24 17:18:22 Result: file is owned by our current user ID (0), checking if it is readable
2026-09-24 17:18:22 Result: file /usr/share/ca-certificates/mozilla/Security_Communication_ECC_RootCA1.crt is readable (or directory accessible).
2026-09-24 17:18:22 Result: file '/usr/share/ca-certificates/mozilla/Security_Communication_ECC_RootCA1.crt' belongs to package (ca-certificates)
2026-09-24 17:18:22 Test: check if we can access /usr/share/ca-certificates/mozilla/Security_Communication_RootCA2.crt (escaped: /usr/share/ca-certificates/mozilla/Security_Communication_RootCA2.crt)
2026-09-24 17:18:22 Result: file is owned by our current user ID (0), checking if it is readable
2026-09-24 17:18:22 Result: file /usr/share/ca-certificates/mozilla/Security_Communication_RootCA2.crt is readable (or directory accessible).
2026-09-24 17:18:22 Result: file '/usr/share/ca-certificates/mozilla/Security_Communication_RootCA2.crt' belongs to package (ca-certificates)
2026-09-24 17:18:22 Test: check if we can access /usr/share/ca-certificates/mozilla/Starfield_Root_Certificate_Authority_-_G2.crt (escaped: /usr/share/ca-certificates/mozilla/Starfield_Root_Certificate_Authority_-_G2.crt)
2026-09-24 17:18:22 Result: file is owned by our current user ID (0), checking if it is readable
2026-09-24 17:18:22 Result: file /usr/share/ca-certificates/mozilla/Starfield_Root_Certificate_Authority_-_G2.crt is readable (or directory accessible).
2026-09-24 17:18:22 Result: file '/usr/share/ca-certificates/mozilla/Starfield_Root_Certificate_Authority_-_G2.crt' belongs to package (ca-certificates)
2026-09-24 17:18:22 Test: check if we can access /usr/share/ca-certificates/mozilla/Starfield_Services_Root_Certificate_Authority_-_G2.crt (escaped: /usr/share/ca-certificates/mozilla/Starfield_Services_Root_Certificate_Authority_-_G2.crt)
2026-09-24 17:18:22 Result: file is owned by our current user ID (0), checking if it is readable
2026-09-24 17:18:22 Result: file /usr/share/ca-certificates/mozilla/Starfield_Services_Root_Certificate_Authority_-_G2.crt is readable (or directory accessible).
2026-09-24 17:18:22 Result: file '/usr/share/ca-certificates/mozilla/Starfield_Services_Root_Certificate_Authority_-_G2.crt' belongs to package (ca-certificates)
2026-09-24 17:18:22 Test: check if we can access /usr/share/ca-certificates/mozilla/SwissSign_RSA_TLS_Root_CA_2022_-_1.crt (escaped: /usr/share/ca-certificates/mozilla/SwissSign_RSA_TLS_Root_CA_2022_-_1.crt)
2026-09-24 17:18:22 Result: file is owned by our current user ID (0), checking if it is readable
2026-09-24 17:18:22 Result: file /usr/share/ca-certificates/mozilla/SwissSign_RSA_TLS_Root_CA_2022_-_1.crt is readable (or directory accessible).
2026-09-24 17:18:22 Result: file '/usr/share/ca-certificates/mozilla/SwissSign_RSA_TLS_Root_CA_2022_-_1.crt' belongs to package (ca-certificates)
2026-09-24 17:18:22 Test: check if we can access /usr/share/ca-certificates/mozilla/T-TeleSec_GlobalRoot_Class_2.crt (escaped: /usr/share/ca-certificates/mozilla/T-TeleSec_GlobalRoot_Class_2.crt)
2026-09-24 17:18:22 Result: file is owned by our current user ID (0), checking if it is readable
2026-09-24 17:18:22 Result: file /usr/share/ca-certificates/mozilla/T-TeleSec_GlobalRoot_Class_2.crt is readable (or directory accessible).
2026-09-24 17:18:22 Result: file '/usr/share/ca-certificates/mozilla/T-TeleSec_GlobalRoot_Class_2.crt' belongs to package (ca-certificates)
2026-09-24 17:18:22 Test: check if we can access /usr/share/ca-certificates/mozilla/T-TeleSec_GlobalRoot_Class_3.crt (escaped: /usr/share/ca-certificates/mozilla/T-TeleSec_GlobalRoot_Class_3.crt)
2026-09-24 17:18:22 Result: file is owned by our current user ID (0), checking if it is readable
2026-09-24 17:18:22 Result: file /usr/share/ca-certificates/mozilla/T-TeleSec_GlobalRoot_Class_3.crt is readable (or directory accessible).
2026-09-24 17:18:22 Result: file '/usr/share/ca-certificates/mozilla/T-TeleSec_GlobalRoot_Class_3.crt' belongs to package (ca-certificates)
2026-09-24 17:18:22 Test: check if we can access /usr/share/ca-certificates/mozilla/TUBITAK_Kamu_SM_SSL_Kok_Sertifikasi_-_Surum_1.crt (escaped: /usr/share/ca-certificates/mozilla/TUBITAK_Kamu_SM_SSL_Kok_Sertifikasi_-_Surum_1.crt)
2026-09-24 17:18:22 Result: file is owned by our current user ID (0), checking if it is readable
2026-09-24 17:18:22 Result: file /usr/share/ca-certificates/mozilla/TUBITAK_Kamu_SM_SSL_Kok_Sertifikasi_-_Surum_1.crt is readable (or directory accessible).
2026-09-24 17:18:22 Result: file '/usr/share/ca-certificates/mozilla/TUBITAK_Kamu_SM_SSL_Kok_Sertifikasi_-_Surum_1.crt' belongs to package (ca-certificates)
2026-09-24 17:18:22 Test: check if we can access /usr/share/ca-certificates/mozilla/TWCA_CYBER_Root_CA.crt (escaped: /usr/share/ca-certificates/mozilla/TWCA_CYBER_Root_CA.crt)
2026-09-24 17:18:22 Result: file is owned by our current user ID (0), checking if it is readable
2026-09-24 17:18:22 Result: file /usr/share/ca-certificates/mozilla/TWCA_CYBER_Root_CA.crt is readable (or directory accessible).
2026-09-24 17:18:22 Result: file '/usr/share/ca-certificates/mozilla/TWCA_CYBER_Root_CA.crt' belongs to package (ca-certificates)
2026-09-24 17:18:22 Test: check if we can access /usr/share/ca-certificates/mozilla/TWCA_Global_Root_CA.crt (escaped: /usr/share/ca-certificates/mozilla/TWCA_Global_Root_CA.crt)
2026-09-24 17:18:22 Result: file is owned by our current user ID (0), checking if it is readable
2026-09-24 17:18:22 Result: file /usr/share/ca-certificates/mozilla/TWCA_Global_Root_CA.crt is readable (or directory accessible).
2026-09-24 17:18:22 Result: file '/usr/share/ca-certificates/mozilla/TWCA_Global_Root_CA.crt' belongs to package (ca-certificates)
2026-09-24 17:18:22 Test: check if we can access /usr/share/ca-certificates/mozilla/TWCA_Root_Certification_Authority.crt (escaped: /usr/share/ca-certificates/mozilla/TWCA_Root_Certification_Authority.crt)
2026-09-24 17:18:22 Result: file is owned by our current user ID (0), checking if it is readable
2026-09-24 17:18:22 Result: file /usr/share/ca-certificates/mozilla/TWCA_Root_Certification_Authority.crt is readable (or directory accessible).
2026-09-24 17:18:22 Result: file '/usr/share/ca-certificates/mozilla/TWCA_Root_Certification_Authority.crt' belongs to package (ca-certificates)
2026-09-24 17:18:22 Test: check if we can access /usr/share/ca-certificates/mozilla/Telekom_Security_TLS_ECC_Root_2020.crt (escaped: /usr/share/ca-certificates/mozilla/Telekom_Security_TLS_ECC_Root_2020.crt)
2026-09-24 17:18:22 Result: file is owned by our current user ID (0), checking if it is readable
2026-09-24 17:18:22 Result: file /usr/share/ca-certificates/mozilla/Telekom_Security_TLS_ECC_Root_2020.crt is readable (or directory accessible).
2026-09-24 17:18:22 Result: file '/usr/share/ca-certificates/mozilla/Telekom_Security_TLS_ECC_Root_2020.crt' belongs to package (ca-certificates)
2026-09-24 17:18:22 Test: check if we can access /usr/share/ca-certificates/mozilla/Telekom_Security_TLS_RSA_Root_2023.crt (escaped: /usr/share/ca-certificates/mozilla/Telekom_Security_TLS_RSA_Root_2023.crt)
2026-09-24 17:18:22 Result: file is owned by our current user ID (0), checking if it is readable
2026-09-24 17:18:22 Result: file /usr/share/ca-certificates/mozilla/Telekom_Security_TLS_RSA_Root_2023.crt is readable (or directory accessible).
2026-09-24 17:18:22 Result: file '/usr/share/ca-certificates/mozilla/Telekom_Security_TLS_RSA_Root_2023.crt' belongs to package (ca-certificates)
2026-09-24 17:18:22 Test: check if we can access /usr/share/ca-certificates/mozilla/Telia_Root_CA_v2.crt (escaped: /usr/share/ca-certificates/mozilla/Telia_Root_CA_v2.crt)
2026-09-24 17:18:22 Result: file is owned by our current user ID (0), checking if it is readable
2026-09-24 17:18:22 Result: file /usr/share/ca-certificates/mozilla/Telia_Root_CA_v2.crt is readable (or directory accessible).
2026-09-24 17:18:22 Result: file '/usr/share/ca-certificates/mozilla/Telia_Root_CA_v2.crt' belongs to package (ca-certificates)
2026-09-24 17:18:22 Test: check if we can access /usr/share/ca-certificates/mozilla/TrustAsia_Global_Root_CA_G3.crt (escaped: /usr/share/ca-certificates/mozilla/TrustAsia_Global_Root_CA_G3.crt)
2026-09-24 17:18:22 Result: file is owned by our current user ID (0), checking if it is readable
2026-09-24 17:18:22 Result: file /usr/share/ca-certificates/mozilla/TrustAsia_Global_Root_CA_G3.crt is readable (or directory accessible).
2026-09-24 17:18:22 Result: file '/usr/share/ca-certificates/mozilla/TrustAsia_Global_Root_CA_G3.crt' belongs to package (ca-certificates)
2026-09-24 17:18:22 Test: check if we can access /usr/share/ca-certificates/mozilla/TrustAsia_Global_Root_CA_G4.crt (escaped: /usr/share/ca-certificates/mozilla/TrustAsia_Global_Root_CA_G4.crt)
2026-09-24 17:18:22 Result: file is owned by our current user ID (0), checking if it is readable
2026-09-24 17:18:22 Result: file /usr/share/ca-certificates/mozilla/TrustAsia_Global_Root_CA_G4.crt is readable (or directory accessible).
2026-09-24 17:18:22 Result: file '/usr/share/ca-certificates/mozilla/TrustAsia_Global_Root_CA_G4.crt' belongs to package (ca-certificates)
2026-09-24 17:18:22 Test: check if we can access /usr/share/ca-certificates/mozilla/TrustAsia_TLS_ECC_Root_CA.crt (escaped: /usr/share/ca-certificates/mozilla/TrustAsia_TLS_ECC_Root_CA.crt)
2026-09-24 17:18:22 Result: file is owned by our current user ID (0), checking if it is readable
2026-09-24 17:18:22 Result: file /usr/share/ca-certificates/mozilla/TrustAsia_TLS_ECC_Root_CA.crt is readable (or directory accessible).
2026-09-24 17:18:22 Result: file '/usr/share/ca-certificates/mozilla/TrustAsia_TLS_ECC_Root_CA.crt' belongs to package (ca-certificates)
2026-09-24 17:18:22 Test: check if we can access /usr/share/ca-certificates/mozilla/TrustAsia_TLS_RSA_Root_CA.crt (escaped: /usr/share/ca-certificates/mozilla/TrustAsia_TLS_RSA_Root_CA.crt)
2026-09-24 17:18:22 Result: file is owned by our current user ID (0), checking if it is readable
2026-09-24 17:18:22 Result: file /usr/share/ca-certificates/mozilla/TrustAsia_TLS_RSA_Root_CA.crt is readable (or directory accessible).
2026-09-24 17:18:22 Result: file '/usr/share/ca-certificates/mozilla/TrustAsia_TLS_RSA_Root_CA.crt' belongs to package (ca-certificates)
2026-09-24 17:18:22 Test: check if we can access /usr/share/ca-certificates/mozilla/TunTrust_Root_CA.crt (escaped: /usr/share/ca-certificates/mozilla/TunTrust_Root_CA.crt)
2026-09-24 17:18:22 Result: file is owned by our current user ID (0), checking if it is readable
2026-09-24 17:18:22 Result: file /usr/share/ca-certificates/mozilla/TunTrust_Root_CA.crt is readable (or directory accessible).
2026-09-24 17:18:22 Result: file '/usr/share/ca-certificates/mozilla/TunTrust_Root_CA.crt' belongs to package (ca-certificates)
2026-09-24 17:18:22 Test: check if we can access /usr/share/ca-certificates/mozilla/UCA_Extended_Validation_Root.crt (escaped: /usr/share/ca-certificates/mozilla/UCA_Extended_Validation_Root.crt)
2026-09-24 17:18:22 Result: file is owned by our current user ID (0), checking if it is readable
2026-09-24 17:18:22 Result: file /usr/share/ca-certificates/mozilla/UCA_Extended_Validation_Root.crt is readable (or directory accessible).
2026-09-24 17:18:22 Result: file '/usr/share/ca-certificates/mozilla/UCA_Extended_Validation_Root.crt' belongs to package (ca-certificates)
2026-09-24 17:18:22 Test: check if we can access /usr/share/ca-certificates/mozilla/UCA_Global_G2_Root.crt (escaped: /usr/share/ca-certificates/mozilla/UCA_Global_G2_Root.crt)
2026-09-24 17:18:22 Result: file is owned by our current user ID (0), checking if it is readable
2026-09-24 17:18:22 Result: file /usr/share/ca-certificates/mozilla/UCA_Global_G2_Root.crt is readable (or directory accessible).
2026-09-24 17:18:22 Result: file '/usr/share/ca-certificates/mozilla/UCA_Global_G2_Root.crt' belongs to package (ca-certificates)
2026-09-24 17:18:22 Test: check if we can access /usr/share/ca-certificates/mozilla/USERTrust_ECC_Certification_Authority.crt (escaped: /usr/share/ca-certificates/mozilla/USERTrust_ECC_Certification_Authority.crt)
2026-09-24 17:18:22 Result: file is owned by our current user ID (0), checking if it is readable
2026-09-24 17:18:22 Result: file /usr/share/ca-certificates/mozilla/USERTrust_ECC_Certification_Authority.crt is readable (or directory accessible).
2026-09-24 17:18:22 Result: file '/usr/share/ca-certificates/mozilla/USERTrust_ECC_Certification_Authority.crt' belongs to package (ca-certificates)
2026-09-24 17:18:23 Test: check if we can access /usr/share/ca-certificates/mozilla/USERTrust_RSA_Certification_Authority.crt (escaped: /usr/share/ca-certificates/mozilla/USERTrust_RSA_Certification_Authority.crt)
2026-09-24 17:18:23 Result: file is owned by our current user ID (0), checking if it is readable
2026-09-24 17:18:23 Result: file /usr/share/ca-certificates/mozilla/USERTrust_RSA_Certification_Authority.crt is readable (or directory accessible).
2026-09-24 17:18:23 Result: file '/usr/share/ca-certificates/mozilla/USERTrust_RSA_Certification_Authority.crt' belongs to package (ca-certificates)
2026-09-24 17:18:23 Test: check if we can access /usr/share/ca-certificates/mozilla/certSIGN_Root_CA_G2.crt (escaped: /usr/share/ca-certificates/mozilla/certSIGN_Root_CA_G2.crt)
2026-09-24 17:18:23 Result: file is owned by our current user ID (0), checking if it is readable
2026-09-24 17:18:23 Result: file /usr/share/ca-certificates/mozilla/certSIGN_Root_CA_G2.crt is readable (or directory accessible).
2026-09-24 17:18:23 Result: file '/usr/share/ca-certificates/mozilla/certSIGN_Root_CA_G2.crt' belongs to package (ca-certificates)
2026-09-24 17:18:23 Test: check if we can access /usr/share/ca-certificates/mozilla/e-Szigno_Root_CA_2017.crt (escaped: /usr/share/ca-certificates/mozilla/e-Szigno_Root_CA_2017.crt)
2026-09-24 17:18:23 Result: file is owned by our current user ID (0), checking if it is readable
2026-09-24 17:18:23 Result: file /usr/share/ca-certificates/mozilla/e-Szigno_Root_CA_2017.crt is readable (or directory accessible).
2026-09-24 17:18:23 Result: file '/usr/share/ca-certificates/mozilla/e-Szigno_Root_CA_2017.crt' belongs to package (ca-certificates)
2026-09-24 17:18:23 Test: check if we can access /usr/share/ca-certificates/mozilla/e-Szigno_TLS_Root_CA_2023.crt (escaped: /usr/share/ca-certificates/mozilla/e-Szigno_TLS_Root_CA_2023.crt)
2026-09-24 17:18:23 Result: file is owned by our current user ID (0), checking if it is readable
2026-09-24 17:18:23 Result: file /usr/share/ca-certificates/mozilla/e-Szigno_TLS_Root_CA_2023.crt is readable (or directory accessible).
2026-09-24 17:18:23 Result: file '/usr/share/ca-certificates/mozilla/e-Szigno_TLS_Root_CA_2023.crt' belongs to package (ca-certificates)
2026-09-24 17:18:23 Test: check if we can access /usr/share/ca-certificates/mozilla/ePKI_Root_Certification_Authority.crt (escaped: /usr/share/ca-certificates/mozilla/ePKI_Root_Certification_Authority.crt)
2026-09-24 17:18:23 Result: file is owned by our current user ID (0), checking if it is readable
2026-09-24 17:18:23 Result: file /usr/share/ca-certificates/mozilla/ePKI_Root_Certification_Authority.crt is readable (or directory accessible).
2026-09-24 17:18:23 Result: file '/usr/share/ca-certificates/mozilla/ePKI_Root_Certification_Authority.crt' belongs to package (ca-certificates)
2026-09-24 17:18:23 Test: check if we can access /usr/share/ca-certificates/mozilla/emSign_ECC_Root_CA_-_C3.crt (escaped: /usr/share/ca-certificates/mozilla/emSign_ECC_Root_CA_-_C3.crt)
2026-09-24 17:18:23 Result: file is owned by our current user ID (0), checking if it is readable
2026-09-24 17:18:23 Result: file /usr/share/ca-certificates/mozilla/emSign_ECC_Root_CA_-_C3.crt is readable (or directory accessible).
2026-09-24 17:18:23 Result: file '/usr/share/ca-certificates/mozilla/emSign_ECC_Root_CA_-_C3.crt' belongs to package (ca-certificates)
2026-09-24 17:18:23 Test: check if we can access /usr/share/ca-certificates/mozilla/emSign_ECC_Root_CA_-_G3.crt (escaped: /usr/share/ca-certificates/mozilla/emSign_ECC_Root_CA_-_G3.crt)
2026-09-24 17:18:23 Result: file is owned by our current user ID (0), checking if it is readable
2026-09-24 17:18:23 Result: file /usr/share/ca-certificates/mozilla/emSign_ECC_Root_CA_-_G3.crt is readable (or directory accessible).
2026-09-24 17:18:23 Result: file '/usr/share/ca-certificates/mozilla/emSign_ECC_Root_CA_-_G3.crt' belongs to package (ca-certificates)
2026-09-24 17:18:23 Test: check if we can access /usr/share/ca-certificates/mozilla/emSign_Root_CA_-_C1.crt (escaped: /usr/share/ca-certificates/mozilla/emSign_Root_CA_-_C1.crt)
2026-09-24 17:18:23 Result: file is owned by our current user ID (0), checking if it is readable
2026-09-24 17:18:23 Result: file /usr/share/ca-certificates/mozilla/emSign_Root_CA_-_C1.crt is readable (or directory accessible).
2026-09-24 17:18:23 Result: file '/usr/share/ca-certificates/mozilla/emSign_Root_CA_-_C1.crt' belongs to package (ca-certificates)
2026-09-24 17:18:23 Test: check if we can access /usr/share/ca-certificates/mozilla/emSign_Root_CA_-_G1.crt (escaped: /usr/share/ca-certificates/mozilla/emSign_Root_CA_-_G1.crt)
2026-09-24 17:18:23 Result: file is owned by our current user ID (0), checking if it is readable
2026-09-24 17:18:23 Result: file /usr/share/ca-certificates/mozilla/emSign_Root_CA_-_G1.crt is readable (or directory accessible).
2026-09-24 17:18:23 Result: file '/usr/share/ca-certificates/mozilla/emSign_Root_CA_-_G1.crt' belongs to package (ca-certificates)
2026-09-24 17:18:23 Test: check if we can access /usr/share/ca-certificates/mozilla/vTrus_ECC_Root_CA.crt (escaped: /usr/share/ca-certificates/mozilla/vTrus_ECC_Root_CA.crt)
2026-09-24 17:18:23 Result: file is owned by our current user ID (0), checking if it is readable
2026-09-24 17:18:23 Result: file /usr/share/ca-certificates/mozilla/vTrus_ECC_Root_CA.crt is readable (or directory accessible).
2026-09-24 17:18:23 Result: file '/usr/share/ca-certificates/mozilla/vTrus_ECC_Root_CA.crt' belongs to package (ca-certificates)
2026-09-24 17:18:23 Test: check if we can access /usr/share/ca-certificates/mozilla/vTrus_Root_CA.crt (escaped: /usr/share/ca-certificates/mozilla/vTrus_Root_CA.crt)
2026-09-24 17:18:23 Result: file is owned by our current user ID (0), checking if it is readable
2026-09-24 17:18:23 Result: file /usr/share/ca-certificates/mozilla/vTrus_Root_CA.crt is readable (or directory accessible).
2026-09-24 17:18:23 Result: file '/usr/share/ca-certificates/mozilla/vTrus_Root_CA.crt' belongs to package (ca-certificates)
2026-09-24 17:18:23 Result: found 121 certificates in /usr/share/ca-certificates
2026-09-24 17:18:23 Test: check if we can access /usr/share/gnupg (escaped: /usr/share/gnupg)
2026-09-24 17:18:23 Result: file is owned by our current user ID (0), checking if it is readable
2026-09-24 17:18:23 Result: file /usr/share/gnupg is readable (or directory accessible).
2026-09-24 17:18:23 Result: found directory /usr/share/gnupg
2026-09-24 17:18:23 Test: check if we can access /usr/share/gnupg/sks-keyservers.netCA.pem (escaped: /usr/share/gnupg/sks-keyservers.netCA.pem)
2026-09-24 17:18:23 Result: file is owned by our current user ID (0), checking if it is readable
2026-09-24 17:18:23 Result: file /usr/share/gnupg/sks-keyservers.netCA.pem is readable (or directory accessible).
2026-09-24 17:18:23 Result: file '/usr/share/gnupg/sks-keyservers.netCA.pem' belongs to package (dirmngr)
2026-09-24 17:18:23 Result: found 1 certificates in /usr/share/gnupg
2026-09-24 17:18:23 Result: SSL path /var/www does not exist
2026-09-24 17:18:23 Result: SSL path /srv/www does not exist
2026-09-24 17:18:23 Result: found a total of 127 certificates
2026-09-24 17:18:23 ====
2026-09-24 17:18:23 Performing test ID CRYP-7930 (Determine if system uses LUKS block device encryption)
2026-09-24 17:18:23 ====
2026-09-24 17:18:23 Skipped test CRYP-7931 (Determine if system uses encrypted swap)
2026-09-24 17:18:23 Reason to skip: Prerequisites not met (ie missing tool, other type of Linux distribution)
2026-09-24 17:18:23 ====
2026-09-24 17:18:23 Performing test ID CRYP-8002 (Gather available kernel entropy)
2026-09-24 17:18:23 Result: found kernel entropy value of 256
2026-09-24 17:18:23 ====
2026-09-24 17:18:23 Performing test ID CRYP-8004 (Presence of hardware random number generators)
2026-09-24 17:18:23 Test: looking for /sys/class/misc/hw_random/rng_current
2026-09-24 17:18:23 Result: no HW RNG available
2026-09-24 17:18:23 ====
2026-09-24 17:18:23 Performing test ID CRYP-8005 (Presence of software pseudo random number generators)
2026-09-24 17:18:23 Test: looking for software pseudo random number generators
2026-09-24 17:18:23 Performing pgrep scan without uid
2026-09-24 17:18:23 IsRunning: process 'audio-entropyd' not found
2026-09-24 17:18:23 Performing pgrep scan without uid
2026-09-24 17:18:23 IsRunning: process 'haveged' not found
2026-09-24 17:18:23 Performing pgrep scan without uid
2026-09-24 17:18:23 IsRunning: process 'jitterentropy-rngd' not found
2026-09-24 17:18:23 ====
2026-09-24 17:18:23 Performing test ID CRYP-8006 (MemoryOverwriteRequest-bit set)
2026-09-24 17:18:23 Test: looking for /sys/firmware/efi/efivars/MemoryOverwriteRequestControl-e20939be-32d4-41be-a150-897f85d49829
2026-09-24 17:18:23 Result: could not find /sys/firmware/efi/efivars/MemoryOverwriteRequestControl-e20939be-32d4-41be-a150-897f85d49829
2026-09-24 17:18:23 Security check: file is normal
2026-09-24 17:18:23 Checking permissions of /usr/share/lynis/include/tests_virtualization
2026-09-24 17:18:23 File permissions are OK
2026-09-24 17:18:23 ====
2026-09-24 17:18:23 Action: Performing tests from category: Virtualization
2026-09-24 17:18:23 Security check: file is normal
2026-09-24 17:18:23 Checking permissions of /usr/share/lynis/include/tests_containers
2026-09-24 17:18:23 File permissions are OK
2026-09-24 17:18:23 ====
2026-09-24 17:18:23 Action: Performing tests from category: Containers
2026-09-24 17:18:23 ====
2026-09-24 17:18:23 Skipped test CONT-8004 (Query running Solaris zones)
2026-09-24 17:18:23 Reason to skip: Incorrect guest OS (Solaris only)
2026-09-24 17:18:23 ====
2026-09-24 17:18:23 Performing test ID CONT-8102 (Checking Docker status and information)
2026-09-24 17:18:23 Performing pgrep scan without uid
2026-09-24 17:18:23 IsRunning: process 'dockerd' not found
2026-09-24 17:18:23 ====
2026-09-24 17:18:23 Skipped test CONT-8104 (Checking Docker info for any warnings)
2026-09-24 17:18:23 Reason to skip: Prerequisites not met (ie missing tool, other type of Linux distribution)
2026-09-24 17:18:23 ====
2026-09-24 17:18:23 Skipped test CONT-8106 (Gather basic stats from Docker)
2026-09-24 17:18:23 Reason to skip: Prerequisites not met (ie missing tool, other type of Linux distribution)
2026-09-24 17:18:23 ====
2026-09-24 17:18:23 Skipped test CONT-8107 (Check number of Docker containers)
2026-09-24 17:18:23 Reason to skip: Prerequisites not met (ie missing tool, other type of Linux distribution)
2026-09-24 17:18:23 ====
2026-09-24 17:18:23 Skipped test CONT-8108 (Check file permissions for Docker files)
2026-09-24 17:18:23 Reason to skip: Prerequisites not met (ie missing tool, other type of Linux distribution)
2026-09-24 17:18:23 Security check: file is normal
2026-09-24 17:18:23 Checking permissions of /usr/share/lynis/include/tests_mac_frameworks
2026-09-24 17:18:23 File permissions are OK
2026-09-24 17:18:23 ====
2026-09-24 17:18:23 Action: Performing tests from category: Security frameworks
2026-09-24 17:18:23 ====
2026-09-24 17:18:23 Performing test ID MACF-6204 (Check AppArmor presence)
2026-09-24 17:18:23 Result: aa-status binary not found, AppArmor not installed
2026-09-24 17:18:23 ====
2026-09-24 17:18:23 Skipped test MACF-6208 (Check if AppArmor is enabled)
2026-09-24 17:18:23 Reason to skip: Prerequisites not met (ie missing tool, other type of Linux distribution)
2026-09-24 17:18:23 ====
2026-09-24 17:18:23 Performing test ID MACF-6232 (Check SELINUX presence)
2026-09-24 17:18:23 Test: checking if we have sestatus binary
2026-09-24 17:18:23 Result: sestatus binary NOT found
2026-09-24 17:18:23 ====
2026-09-24 17:18:23 Skipped test MACF-6234 (Check SELINUX status)
2026-09-24 17:18:23 Reason to skip: Prerequisites not met (ie missing tool, other type of Linux distribution)
2026-09-24 17:18:23 ====
2026-09-24 17:18:23 Performing test ID MACF-6240 (Check TOMOYO Linux presence)
2026-09-24 17:18:23 Test: checking if we have tomoyo-init binary
2026-09-24 17:18:23 Result: tomoyo-init binary not found
2026-09-24 17:18:23 ====
2026-09-24 17:18:23 Skipped test MACF-6242 (Check TOMOYO Linux status)
2026-09-24 17:18:23 Reason to skip: Prerequisites not met (ie missing tool, other type of Linux distribution)
2026-09-24 17:18:23 ====
2026-09-24 17:18:23 Performing test ID RBAC-6272 (Check grsecurity presence)
2026-09-24 17:18:23 Result: no grsecurity found in kernel config
2026-09-24 17:18:23 ====
2026-09-24 17:18:23 Performing test ID MACF-6290 (Check for implemented MAC framework)
2026-09-24 17:18:23 Hardening: assigned partial number of hardening points (2 of 3). Currently having 176 points (out of 268)
2026-09-24 17:18:23 Result: found no implemented MAC framework
2026-09-24 17:18:23 Security check: file is normal
2026-09-24 17:18:23 Checking permissions of /usr/share/lynis/include/tests_file_integrity
2026-09-24 17:18:23 File permissions are OK
2026-09-24 17:18:23 ====
2026-09-24 17:18:23 Action: Performing tests from category: Software: file integrity
2026-09-24 17:18:23 ====
2026-09-24 17:18:23 Performing test ID FINT-4310 (AFICK availability)
2026-09-24 17:18:23 Test: Checking AFICK binary
2026-09-24 17:18:23 Result: AFICK is not installed
2026-09-24 17:18:23 ====
2026-09-24 17:18:23 Performing test ID FINT-4314 (AIDE availability)
2026-09-24 17:18:23 Test: Checking AIDE binary
2026-09-24 17:18:23 Result: AIDE is not installed
2026-09-24 17:18:23 ====
2026-09-24 17:18:23 Skipped test FINT-4315 (Check AIDE configuration file)
2026-09-24 17:18:23 Reason to skip: Prerequisites not met (ie missing tool, other type of Linux distribution)
2026-09-24 17:18:23 ====
2026-09-24 17:18:23 Skipped test FINT-4316 (Presence of AIDE database and size check)
2026-09-24 17:18:23 Reason to skip: Prerequisites not met (ie missing tool, other type of Linux distribution)
2026-09-24 17:18:23 ====
2026-09-24 17:18:23 Performing test ID FINT-4318 (Osiris availability)
2026-09-24 17:18:23 Test: Checking Osiris binary
2026-09-24 17:18:23 Result: Osiris is not installed
2026-09-24 17:18:23 ====
2026-09-24 17:18:23 Performing test ID FINT-4322 (Samhain availability)
2026-09-24 17:18:23 Test: Checking Samhain binary
2026-09-24 17:18:23 Result: Samhain is not installed
2026-09-24 17:18:23 ====
2026-09-24 17:18:23 Performing test ID FINT-4326 (Tripwire availability)
2026-09-24 17:18:23 Test: Checking Tripwire binary
2026-09-24 17:18:23 Result: Tripwire is not installed
2026-09-24 17:18:23 ====
2026-09-24 17:18:23 Performing test ID FINT-4328 (OSSEC syscheck daemon running)
2026-09-24 17:18:23 Test: Checking if OSSEC syscheck daemon is running
2026-09-24 17:18:23 Performing pgrep scan without uid
2026-09-24 17:18:23 IsRunning: process 'ossec-syscheckd' not found
2026-09-24 17:18:23 Result: syscheck (OSSEC) is not active
2026-09-24 17:18:23 ====
2026-09-24 17:18:23 Performing test ID FINT-4330 (mtree availability)
2026-09-24 17:18:23 Test: Checking mtree binary
2026-09-24 17:18:23 Result: mtree is not installed
2026-09-24 17:18:23 ====
2026-09-24 17:18:23 Skipped test FINT-4334 (Check lfd daemon status)
2026-09-24 17:18:23 Reason to skip: Prerequisites not met (ie missing tool, other type of Linux distribution)
2026-09-24 17:18:23 ====
2026-09-24 17:18:23 Skipped test FINT-4336 (Check lfd configuration status)
2026-09-24 17:18:23 Reason to skip: Prerequisites not met (ie missing tool, other type of Linux distribution)
2026-09-24 17:18:23 ====
2026-09-24 17:18:23 Performing test ID FINT-4338 (osqueryd syscheck daemon running)
2026-09-24 17:18:23 Test: Checking if osqueryd syscheck daemon is running
2026-09-24 17:18:23 Performing pgrep scan without uid
2026-09-24 17:18:23 IsRunning: process 'osqueryd' not found
2026-09-24 17:18:23 Result: syscheck (osquery) not installed
2026-09-24 17:18:23 ====
2026-09-24 17:18:23 Skipped test FINT-4339 (Check IMA/EVM status)
2026-09-24 17:18:23 Reason to skip: No evmctl binary found
2026-09-24 17:18:23 ====
2026-09-24 17:18:23 Skipped test FINT-4340 (Check dm-integrity status)
2026-09-24 17:18:23 Reason to skip: No integritysetup binary found
2026-09-24 17:18:23 ====
2026-09-24 17:18:23 Skipped test FINT-4341 (Check dm-verity status)
2026-09-24 17:18:23 Reason to skip: No veritysetup binary found
2026-09-24 17:18:23 ====
2026-09-24 17:18:23 Skipped test FINT-4402 (AIDE configuration: Checksums (SHA256 or SHA512))
2026-09-24 17:18:23 Reason to skip: Prerequisites not met (ie missing tool, other type of Linux distribution)
2026-09-24 17:18:23 ====
2026-09-24 17:18:23 Performing test ID FINT-4350 (File integrity software installed)
2026-09-24 17:18:23 Test: Check if at least on file integrity tool is available/installed
2026-09-24 17:18:23 Result: No file integrity tools found
2026-09-24 17:18:23 Suggestion: Install a file integrity tool to monitor changes to critical and sensitive files [test:FINT-4350] [details:-] [solution:-]
2026-09-24 17:18:23 Hardening: assigned partial number of hardening points (0 of 5). Currently having 176 points (out of 273)
2026-09-24 17:18:23 Security check: file is normal
2026-09-24 17:18:23 Checking permissions of /usr/share/lynis/include/tests_tooling
2026-09-24 17:18:23 File permissions are OK
2026-09-24 17:18:23 ====
2026-09-24 17:18:23 Action: Performing tests from category: Software: System tooling
2026-09-24 17:18:23 ====
2026-09-24 17:18:23 Performing test ID TOOL-5002 (Checking for automation tools)
2026-09-24 17:18:23 Test: checking if directory /root/.ansible exists
2026-09-24 17:18:23 Result: directory /root/.ansible NOT found
2026-09-24 17:18:23 Test: checking if directory /etc/ansible exists
2026-09-24 17:18:23 Result: directory /etc/ansible NOT found
2026-09-24 17:18:23 Test: checking if directory /root/.ansible exists
2026-09-24 17:18:23 Result: directory /root/.ansible NOT found
2026-09-24 17:18:23 Test: checking if directory /tmp/.ansible exists
2026-09-24 17:18:23 Result: directory /tmp/.ansible NOT found
2026-09-24 17:18:23 Test: checking if file /var/log/ansible.log exists
2026-09-24 17:18:23 Result: file /var/log/ansible.log NOT found
2026-09-24 17:18:23 Test: checking if file ~/.ansible-retry exists
2026-09-24 17:18:23 Result: file ~/.ansible-retry NOT found
2026-09-24 17:18:23 Performing pgrep scan without uid
2026-09-24 17:18:23 IsRunning: process 'puppet master' not found
2026-09-24 17:18:23 Suggestion: Determine if automation tools are present for system management [test:TOOL-5002] [details:-] [solution:-]
2026-09-24 17:18:23 ====
2026-09-24 17:18:23 Performing test ID TOOL-5102 (Check for presence of Fail2ban)
2026-09-24 17:18:23 Result: Fail2ban is installed (/usr/bin/fail2ban-server)
2026-09-24 17:18:23 Checking Fail2ban configuration file
2026-09-24 17:18:23 ====
2026-09-24 17:18:23 Performing test ID TOOL-5104 (Enabled tests in Fail2ban)
2026-09-24 17:18:23 Result: service 'sshd' enabled
2026-09-24 17:18:23 Result: service 'dropbear' enabled
2026-09-24 17:18:23 Result: service 'recidive' enabled
2026-09-24 17:18:23 Result: found at least one enabled jail
2026-09-24 17:18:23 Hardening: assigned maximum number of hardening points for this item (3). Currently having 179 points (out of 276)
2026-09-24 17:18:23 ====
2026-09-24 17:18:23 Performing test ID TOOL-5120 (Check for presence of Snort)
2026-09-24 17:18:23 Performing pgrep scan without uid
2026-09-24 17:18:23 IsRunning: process 'snort' not found
2026-09-24 17:18:23 Result: Snort not present (Snort not running)
2026-09-24 17:18:23 ====
2026-09-24 17:18:23 Performing test ID TOOL-5122 (Check Snort configuration file)
2026-09-24 17:18:23 ====
2026-09-24 17:18:23 Performing test ID TOOL-5130 (Check for active Suricata daemon)
2026-09-24 17:18:23 Result: Suricata not installed (suricata not found)
2026-09-24 17:18:23 ====
2026-09-24 17:18:23 Performing test ID TOOL-5126 (Check for active OSSEC daemon)
2026-09-24 17:18:23 Performing pgrep scan without uid
2026-09-24 17:18:23 IsRunning: process 'ossec-analysisd' not found
2026-09-24 17:18:23 Result: OSSEC analysis daemon not active
2026-09-24 17:18:23 Performing pgrep scan without uid
2026-09-24 17:18:23 IsRunning: process 'ossec-agentd' not found
2026-09-24 17:18:23 Result: OSSEC agent daemon not active
2026-09-24 17:18:23 ====
2026-09-24 17:18:23 Performing test ID TOOL-5190 (Check presence of IDS/IPS tool)
2026-09-24 17:18:23 Hardening: assigned maximum number of hardening points for this item (2). Currently having 181 points (out of 278)
2026-09-24 17:18:23 Security check: file is normal
2026-09-24 17:18:23 Checking permissions of /usr/share/lynis/include/tests_malware
2026-09-24 17:18:23 File permissions are OK
2026-09-24 17:18:23 ====
2026-09-24 17:18:23 Action: Performing tests from category: Software: Malware
2026-09-24 17:18:23 ====
2026-09-24 17:18:23 Performing test ID MALW-3275 (Check for chkrootkit)
2026-09-24 17:18:23 Test: checking presence chkrootkit
2026-09-24 17:18:23 Result: Found /usr/sbin/chkrootkit
2026-09-24 17:18:23 Hardening: assigned maximum number of hardening points for this item (2). Currently having 183 points (out of 280)
2026-09-24 17:18:23 ====
2026-09-24 17:18:24 Performing test ID MALW-3276 (Check for Rootkit Hunter)
2026-09-24 17:18:24 Test: checking presence Rootkit Hunter
2026-09-24 17:18:24 Result: Found /usr/bin/rkhunter
2026-09-24 17:18:24 Hardening: assigned maximum number of hardening points for this item (2). Currently having 185 points (out of 282)
2026-09-24 17:18:24 ====
2026-09-24 17:18:24 Performing test ID MALW-3278 (Check for LMD)
2026-09-24 17:18:24 Test: checking presence LMD
2026-09-24 17:18:24 Result: LMD not found
2026-09-24 17:18:24 ====
2026-09-24 17:18:24 Performing test ID MALW-3280 (Check if anti-virus tool is installed)
2026-09-24 17:18:24 Test: checking process com.avast.daemon
2026-09-24 17:18:24 Performing pgrep scan without uid
2026-09-24 17:18:24 IsRunning: process 'com.avast.daemon' not found
2026-09-24 17:18:24 Test: checking process Avira daemon
2026-09-24 17:18:24 Performing pgrep scan without uid
2026-09-24 17:18:24 IsRunning: process 'avqmd' not found
2026-09-24 17:18:24 Test: checking process epagd
2026-09-24 17:18:24 Performing pgrep scan without uid
2026-09-24 17:18:24 IsRunning: process 'bdagentd' not found
2026-09-24 17:18:24 Performing pgrep scan without uid
2026-09-24 17:18:24 IsRunning: process 'epagd' not found
2026-09-24 17:18:24 Test: checking process falcon-sensor (CrowdStrike)
2026-09-24 17:18:24 Performing pgrep scan without uid
2026-09-24 17:18:24 IsRunning: process 'falcon-sensor' not found
2026-09-24 17:18:24 Test: checking process CylanceSvc
2026-09-24 17:18:24 Performing pgrep scan without uid
2026-09-24 17:18:24 IsRunning: process 'CylanceSvc' not found
2026-09-24 17:18:24 Test: checking process esets_daemon
2026-09-24 17:18:24 Performing pgrep scan without uid
2026-09-24 17:18:24 IsRunning: process 'esets_daemon' not found
2026-09-24 17:18:24 Test: checking process wdserver or klnagent (Kaspersky)
2026-09-24 17:18:24 Performing pgrep scan without uid
2026-09-24 17:18:24 IsRunning: process 'klnagent' not found
2026-09-24 17:18:24 Test: checking process cma or cmdagent (McAfee)
2026-09-24 17:18:24 Performing pgrep scan without uid
2026-09-24 17:18:24 IsRunning: process 'cmdagent' not found
2026-09-24 17:18:24 Test: checking process savscand
2026-09-24 17:18:24 Performing pgrep scan without uid
2026-09-24 17:18:24 IsRunning: process 'savscand' not found
2026-09-24 17:18:24 Test: checking process SophosScanD
2026-09-24 17:18:24 Performing pgrep scan without uid
2026-09-24 17:18:24 IsRunning: process 'SophosScanD' not found
2026-09-24 17:18:24 Test: checking process rtvscand
2026-09-24 17:18:24 Performing pgrep scan without uid
2026-09-24 17:18:24 IsRunning: process 'rtvscand' not found
2026-09-24 17:18:24 Test: checking process Symantec management client service
2026-09-24 17:18:24 Performing pgrep scan without uid
2026-09-24 17:18:24 IsRunning: process 'smcd' not found
2026-09-24 17:18:24 Test: checking process Symantec Endpoint Protection configuration service
2026-09-24 17:18:24 Performing pgrep scan without uid
2026-09-24 17:18:24 IsRunning: process 'symcfgd' not found
2026-09-24 17:18:24 Test: checking process synoavd
2026-09-24 17:18:24 Performing pgrep scan without uid
2026-09-24 17:18:24 IsRunning: process 'synoavd' not found
2026-09-24 17:18:24 Test: checking process ds_agent to test for Trend Micro Deep Anti Malware component
2026-09-24 17:18:24 Performing pgrep scan without uid
2026-09-24 17:18:24 IsRunning: process 'ds_am' not found
2026-09-24 17:18:24 Test: checking process TmccMac to test for Trend Micro anti-virus (macOS)
2026-09-24 17:18:24 Performing pgrep scan without uid
2026-09-24 17:18:24 IsRunning: process 'TmccMac' not found
2026-09-24 17:18:24 Result: no commercial anti-virus tools found
2026-09-24 17:18:24 Hardening: assigned partial number of hardening points (0 of 3). Currently having 185 points (out of 285)
2026-09-24 17:18:24 ====
2026-09-24 17:18:24 Performing test ID MALW-3282 (Check for clamscan)
2026-09-24 17:18:24 Test: checking presence clamscan
2026-09-24 17:18:24 Result: clamscan couldn't be found
2026-09-24 17:18:24 ====
2026-09-24 17:18:24 Performing test ID MALW-3284 (Check for clamd)
2026-09-24 17:18:24 Test: checking running ClamAV daemon (clamd)
2026-09-24 17:18:24 Performing pgrep scan without uid
2026-09-24 17:18:24 IsRunning: process 'clamd' not found
2026-09-24 17:18:24 Result: clamd not running
2026-09-24 17:18:24 ====
2026-09-24 17:18:24 Skipped test MALW-3286 (Check for freshclam)
2026-09-24 17:18:24 Reason to skip: Prerequisites not met (ie missing tool, other type of Linux distribution)
2026-09-24 17:18:24 ====
2026-09-24 17:18:24 Skipped test MALW-3288 (Check for ClamXav)
2026-09-24 17:18:24 Reason to skip: Prerequisites not met (ie missing tool, other type of Linux distribution)
2026-09-24 17:18:24 ====
2026-09-24 17:18:24 Performing test ID MALW-3290 (Presence of for malware detection)
2026-09-24 17:18:24 Security check: file is normal
2026-09-24 17:18:24 Checking permissions of /usr/share/lynis/include/tests_file_permissions
2026-09-24 17:18:24 File permissions are OK
2026-09-24 17:18:24 ====
2026-09-24 17:18:24 Action: Performing tests from category: File Permissions
2026-09-24 17:18:24 ====
2026-09-24 17:18:24 Performing test ID FILE-7524 (Perform file permissions check)
2026-09-24 17:18:24 Test: Checking file permissions
2026-09-24 17:18:24 Using profile /etc/lynis/default.prf for baseline.
2026-09-24 17:18:24 Test: checking file/directory /boot/grub/grub.cfg
2026-09-24 17:18:24 Test: checking if file /boot/grub/grub.cfg has the permissions set to 600 or more restrictive
2026-09-24 17:18:24 Outcome: permissions of file /boot/grub/grub.cfg are not matching expected value (644 != rw-------)
2026-09-24 17:18:24 Test: checking file/directory /boot/grub2/grub.cfg
2026-09-24 17:18:24 Skipping file/directory /boot/grub2/grub.cfg as it does not exist on this system
2026-09-24 17:18:24 Test: checking file/directory /boot/grub2/user.cfg
2026-09-24 17:18:24 Skipping file/directory /boot/grub2/user.cfg as it does not exist on this system
2026-09-24 17:18:24 Test: checking file/directory /etc/at.allow
2026-09-24 17:18:24 Skipping file/directory /etc/at.allow as it does not exist on this system
2026-09-24 17:18:24 Test: checking file/directory /etc/at.deny
2026-09-24 17:18:24 Skipping file/directory /etc/at.deny as it does not exist on this system
2026-09-24 17:18:24 Test: checking file/directory /etc/cron.allow
2026-09-24 17:18:24 Skipping file/directory /etc/cron.allow as it does not exist on this system
2026-09-24 17:18:24 Test: checking file/directory /etc/cron.deny
2026-09-24 17:18:24 Skipping file/directory /etc/cron.deny as it does not exist on this system
2026-09-24 17:18:24 Test: checking file/directory /etc/crontab
2026-09-24 17:18:24 Test: checking if file /etc/crontab has the permissions set to 600 or more restrictive
2026-09-24 17:18:24 Outcome: permissions of file /etc/crontab are not matching expected value (644 != rw-------)
2026-09-24 17:18:24 Test: checking file/directory /etc/group
2026-09-24 17:18:24 Test: checking if file /etc/group has the permissions set to 644 or more restrictive
2026-09-24 17:18:24 Outcome: correct permissions (644)
2026-09-24 17:18:24 Test: checking file/directory /etc/group-
2026-09-24 17:18:24 Test: checking if file /etc/group- has the permissions set to 644 or more restrictive
2026-09-24 17:18:24 Outcome: correct permissions (644)
2026-09-24 17:18:24 Test: checking file/directory /etc/hosts.allow
2026-09-24 17:18:24 Test: checking if file /etc/hosts.allow has the permissions set to 644 or more restrictive
2026-09-24 17:18:24 Outcome: correct permissions (644)
2026-09-24 17:18:24 Test: checking file/directory /etc/hosts.deny
2026-09-24 17:18:24 Test: checking if file /etc/hosts.deny has the permissions set to 644 or more restrictive
2026-09-24 17:18:24 Outcome: correct permissions (644)
2026-09-24 17:18:24 Test: checking file/directory /etc/issue
2026-09-24 17:18:24 Test: checking if file /etc/issue has the permissions set to 644 or more restrictive
2026-09-24 17:18:24 Outcome: correct permissions (644)
2026-09-24 17:18:24 Test: checking file/directory /etc/issue.net
2026-09-24 17:18:24 Test: checking if file /etc/issue.net has the permissions set to 644 or more restrictive
2026-09-24 17:18:24 Outcome: correct permissions (644)
2026-09-24 17:18:24 Test: checking file/directory /etc/lilo.conf
2026-09-24 17:18:24 Skipping file/directory /etc/lilo.conf as it does not exist on this system
2026-09-24 17:18:24 Test: checking file/directory /etc/motd
2026-09-24 17:18:24 Test: checking if file /etc/motd has the permissions set to 644 or more restrictive
2026-09-24 17:18:24 Outcome: correct permissions (644)
2026-09-24 17:18:24 Test: checking file/directory /etc/passwd
2026-09-24 17:18:24 Test: checking if file /etc/passwd has the permissions set to 644 or more restrictive
2026-09-24 17:18:24 Outcome: correct permissions (644)
2026-09-24 17:18:24 Test: checking file/directory /etc/passwd-
2026-09-24 17:18:24 Test: checking if file /etc/passwd- has the permissions set to 644 or more restrictive
2026-09-24 17:18:24 Outcome: correct permissions (644)
2026-09-24 17:18:24 Test: checking file/directory /etc/ssh/sshd_config
2026-09-24 17:18:24 Test: checking if file /etc/ssh/sshd_config has the permissions set to 600 or more restrictive
2026-09-24 17:18:24 Outcome: permissions of file /etc/ssh/sshd_config are not matching expected value (644 != rw-------)
2026-09-24 17:18:24 Test: checking file/directory /etc/hosts.equiv
2026-09-24 17:18:24 Skipping file/directory /etc/hosts.equiv as it does not exist on this system
2026-09-24 17:18:24 Test: checking file/directory /etc/shosts.equiv
2026-09-24 17:18:24 Skipping file/directory /etc/shosts.equiv as it does not exist on this system
2026-09-24 17:18:24 Test: checking file/directory /root/.rhosts
2026-09-24 17:18:24 Skipping file/directory /root/.rhosts as it does not exist on this system
2026-09-24 17:18:24 Test: checking file/directory /root/.rlogin
2026-09-24 17:18:24 Skipping file/directory /root/.rlogin as it does not exist on this system
2026-09-24 17:18:24 Test: checking file/directory /root/.shosts
2026-09-24 17:18:24 Skipping file/directory /root/.shosts as it does not exist on this system
2026-09-24 17:18:24 Test: checking file/directory /root/.ssh
2026-09-24 17:18:24 Test: checking if file /root/.ssh has the permissions set to 700 or more restrictive
2026-09-24 17:18:24 Outcome: correct permissions (700)
2026-09-24 17:18:24 Test: checking file/directory /etc/cron.d
2026-09-24 17:18:24 Test: checking if file /etc/cron.d has the permissions set to 700 or more restrictive
2026-09-24 17:18:24 Outcome: permissions of file /etc/cron.d are not matching expected value (755 != rwx------)
2026-09-24 17:18:24 Test: checking file/directory /etc/cron.daily
2026-09-24 17:18:24 Test: checking if file /etc/cron.daily has the permissions set to 700 or more restrictive
2026-09-24 17:18:24 Outcome: permissions of file /etc/cron.daily are not matching expected value (755 != rwx------)
2026-09-24 17:18:24 Test: checking file/directory /etc/cron.hourly
2026-09-24 17:18:24 Test: checking if file /etc/cron.hourly has the permissions set to 700 or more restrictive
2026-09-24 17:18:24 Outcome: permissions of file /etc/cron.hourly are not matching expected value (755 != rwx------)
2026-09-24 17:18:24 Test: checking file/directory /etc/cron.weekly
2026-09-24 17:18:24 Test: checking if file /etc/cron.weekly has the permissions set to 700 or more restrictive
2026-09-24 17:18:24 Outcome: permissions of file /etc/cron.weekly are not matching expected value (755 != rwx------)
2026-09-24 17:18:24 Test: checking file/directory /etc/cron.monthly
2026-09-24 17:18:24 Test: checking if file /etc/cron.monthly has the permissions set to 700 or more restrictive
2026-09-24 17:18:24 Outcome: permissions of file /etc/cron.monthly are not matching expected value (755 != rwx------)
2026-09-24 17:18:24 Suggestion: Consider restricting file permissions [test:FILE-7524] [details:See screen output or log file] [solution:text:Use chmod to change file permissions]
2026-09-24 17:18:24 Security check: file is normal
2026-09-24 17:18:24 Checking permissions of /usr/share/lynis/include/tests_homedirs
2026-09-24 17:18:24 File permissions are OK
2026-09-24 17:18:24 ====
2026-09-24 17:18:24 Action: Performing tests from category: Home directories
2026-09-24 17:18:24 ====
2026-09-24 17:18:24 Performing test ID HOME-9302 (Create list with home directories)
2026-09-24 17:18:24 Test: query /etc/passwd to obtain home directories
2026-09-24 17:18:24 Result: found home directory: /bin (directory exists)
2026-09-24 17:18:24 Result: found home directory: /dev (directory exists)
2026-09-24 17:18:24 Result: found home directory: /home/arena (directory does not exist)
2026-09-24 17:18:24 Result: found home directory: /home/esteban (directory does not exist)
2026-09-24 17:18:24 Result: found home directory: /home/gonzales (directory does not exist)
2026-09-24 17:18:24 Result: found home directory: /nonexistent (directory does not exist)
2026-09-24 17:18:24 Result: found home directory: /root (directory exists)
2026-09-24 17:18:24 Result: found home directory: /run/ircd (directory does not exist)
2026-09-24 17:18:24 Result: found home directory: /run/sshd (directory exists)
2026-09-24 17:18:24 Result: found home directory: /run/systemd (directory exists)
2026-09-24 17:18:24 Result: found home directory: /usr/games (directory exists)
2026-09-24 17:18:24 Result: found home directory: /usr/sbin (directory exists)
2026-09-24 17:18:24 Result: found home directory: /var/backups (directory exists)
2026-09-24 17:18:24 Result: found home directory: /var/cache/man (directory does not exist)
2026-09-24 17:18:24 Result: found home directory: /var/lib/gnats (directory does not exist)
2026-09-24 17:18:24 Result: found home directory: /var/lib/haproxy (directory exists)
2026-09-24 17:18:24 Result: found home directory: /var/list (directory does not exist)
2026-09-24 17:18:24 Result: found home directory: /var/mail (directory exists)
2026-09-24 17:18:24 Result: found home directory: /var/run/stunnel4 (directory exists)
2026-09-24 17:18:24 Result: found home directory: /var/spool/lpd (directory does not exist)
2026-09-24 17:18:24 Result: found home directory: /var/spool/news (directory does not exist)
2026-09-24 17:18:24 Result: found home directory: /var/spool/uucp (directory does not exist)
2026-09-24 17:18:24 Result: found home directory: /var/www (directory does not exist)
2026-09-24 17:18:24 ====
2026-09-24 17:18:24 Performing test ID HOME-9304 (Check if users' home directories permissions are 750 or more restrictive)
2026-09-24 17:18:24 Test: checking directory '' for user ''
2026-09-24 17:18:24 Result: OK, all permissions of the home directories are 750 or more restrictive
2026-09-24 17:18:24 ====
2026-09-24 17:18:24 Performing test ID HOME-9306 (Check if users own their home directories)
2026-09-24 17:18:24 Test: checking directory '' for user ''
2026-09-24 17:18:24 Result: OK, all users own their home directories
2026-09-24 17:18:24 ====
2026-09-24 17:18:24 Performing test ID HOME-9310 (Checking for suspicious shell history files)
2026-09-24 17:18:24 Result: Ok, history files are type 'file'.
2026-09-24 17:18:24 Remark: History files are normally of the type 'file'. Symbolic links and other types are suspicious.
2026-09-24 17:18:24 ====
2026-09-24 17:18:24 Performing test ID HOME-9350 (Collecting information from home directories)
2026-09-24 17:18:24 Result: IGNORE_HOME_DIRS empty, no paths excluded
2026-09-24 17:18:24 Security check: file is normal
2026-09-24 17:18:24 Checking permissions of /usr/share/lynis/include/tests_kernel_hardening
2026-09-24 17:18:24 File permissions are OK
2026-09-24 17:18:24 ====
2026-09-24 17:18:24 Action: Performing tests from category: Kernel Hardening
2026-09-24 17:18:24 ====
2026-09-24 17:18:24 Performing test ID KRNL-6000 (Check sysctl key pairs in scan profile)
2026-09-24 17:18:24 Result: sysctl key dev.tty.ldisc_autoload has a different value than expected in scan profile. Expected=0, Real=1
2026-09-24 17:18:24 Hardening: assigned partial number of hardening points (0 of 1). Currently having 185 points (out of 286)
2026-09-24 17:18:24 Result: sysctl key fs.protected_fifos has a different value than expected in scan profile. Expected=2, Real=1
2026-09-24 17:18:24 Hardening: assigned partial number of hardening points (0 of 1). Currently having 185 points (out of 287)
2026-09-24 17:18:24 Result: sysctl key fs.protected_hardlinks contains equal expected and current value (1)
2026-09-24 17:18:24 Hardening: assigned maximum number of hardening points for this item (1). Currently having 186 points (out of 288)
2026-09-24 17:18:24 Result: sysctl key fs.protected_regular contains equal expected and current value (2)
2026-09-24 17:18:24 Hardening: assigned maximum number of hardening points for this item (1). Currently having 187 points (out of 289)
2026-09-24 17:18:24 Result: sysctl key fs.protected_symlinks contains equal expected and current value (1)
2026-09-24 17:18:24 Hardening: assigned maximum number of hardening points for this item (1). Currently having 188 points (out of 290)
2026-09-24 17:18:24 Result: sysctl key fs.suid_dumpable contains equal expected and current value (0)
2026-09-24 17:18:24 Hardening: assigned maximum number of hardening points for this item (1). Currently having 189 points (out of 291)
2026-09-24 17:18:24 Result: key hw.kbd.keymap_restrict_change does not exist on this machine
2026-09-24 17:18:24 Result: key kern.sugid_coredump does not exist on this machine
2026-09-24 17:18:24 Result: key kernel.core_setuid_ok does not exist on this machine
2026-09-24 17:18:24 Result: sysctl key kernel.core_uses_pid contains equal expected and current value (1)
2026-09-24 17:18:24 Hardening: assigned maximum number of hardening points for this item (1). Currently having 190 points (out of 292)
2026-09-24 17:18:24 Result: sysctl key kernel.ctrl-alt-del contains equal expected and current value (0)
2026-09-24 17:18:24 Hardening: assigned maximum number of hardening points for this item (1). Currently having 191 points (out of 293)
2026-09-24 17:18:24 Result: sysctl key kernel.dmesg_restrict contains equal expected and current value (1)
2026-09-24 17:18:24 Hardening: assigned maximum number of hardening points for this item (1). Currently having 192 points (out of 294)
2026-09-24 17:18:24 Result: key kernel.exec-shield-randomize does not exist on this machine
2026-09-24 17:18:24 Result: key kernel.exec-shield does not exist on this machine
2026-09-24 17:18:24 Result: sysctl key kernel.kptr_restrict has a different value than expected in scan profile. Expected=2, Real=1
2026-09-24 17:18:24 Hardening: assigned partial number of hardening points (0 of 1). Currently having 192 points (out of 295)
2026-09-24 17:18:24 Result: key kernel.maps_protect does not exist on this machine
2026-09-24 17:18:24 Result: sysctl key kernel.modules_disabled has a different value than expected in scan profile. Expected=1, Real=0
2026-09-24 17:18:24 Hardening: assigned partial number of hardening points (0 of 1). Currently having 192 points (out of 296)
2026-09-24 17:18:24 Result: sysctl key kernel.perf_event_paranoid has a different value than expected in scan profile. Expected=3, Real=4
2026-09-24 17:18:24 Hardening: assigned partial number of hardening points (0 of 1). Currently having 192 points (out of 297)
2026-09-24 17:18:24 Result: sysctl key kernel.randomize_va_space contains equal expected and current value (2)
2026-09-24 17:18:24 Hardening: assigned maximum number of hardening points for this item (1). Currently having 193 points (out of 298)
2026-09-24 17:18:24 Result: key kernel.suid_dumpable does not exist on this machine
2026-09-24 17:18:24 Result: sysctl key kernel.sysrq has a different value than expected in scan profile. Expected=0, Real=176
2026-09-24 17:18:24 Hardening: assigned partial number of hardening points (0 of 1). Currently having 193 points (out of 299)
2026-09-24 17:18:24 Result: sysctl key kernel.unprivileged_bpf_disabled has a different value than expected in scan profile. Expected=1, Real=2
2026-09-24 17:18:24 Hardening: assigned partial number of hardening points (0 of 1). Currently having 193 points (out of 300)
2026-09-24 17:18:24 Result: key kernel.use-nx does not exist on this machine
2026-09-24 17:18:24 Result: sysctl key kernel.yama.ptrace_scope contains equal expected and current value (1 2 3)
2026-09-24 17:18:24 Hardening: assigned maximum number of hardening points for this item (1). Currently having 194 points (out of 301)
2026-09-24 17:18:24 Result: sysctl key net.core.bpf_jit_harden has a different value than expected in scan profile. Expected=2, Real=0
2026-09-24 17:18:24 Hardening: assigned partial number of hardening points (0 of 1). Currently having 194 points (out of 302)
2026-09-24 17:18:24 Result: key net.inet.icmp.bmcastecho does not exist on this machine
2026-09-24 17:18:24 Result: key net.inet.icmp.drop_redirect does not exist on this machine
2026-09-24 17:18:24 Result: key net.inet.icmp.rediraccept does not exist on this machine
2026-09-24 17:18:24 Result: key net.inet.icmp.timestamp does not exist on this machine
2026-09-24 17:18:24 Result: key net.inet.ip.accept_sourceroute does not exist on this machine
2026-09-24 17:18:24 Result: key net.inet.ip.check_interface does not exist on this machine
2026-09-24 17:18:24 Result: key net.inet.ip.forwarding does not exist on this machine
2026-09-24 17:18:24 Result: key net.inet.ip.linklocal.in.allowbadttl does not exist on this machine
2026-09-24 17:18:24 Result: key net.inet.ip.process_options does not exist on this machine
2026-09-24 17:18:24 Result: key net.inet.ip.random_id does not exist on this machine
2026-09-24 17:18:24 Result: key net.inet.ip.redirect does not exist on this machine
2026-09-24 17:18:24 Result: key net.inet.ip.sourceroute does not exist on this machine
2026-09-24 17:18:24 Result: key net.inet.ip6.redirect does not exist on this machine
2026-09-24 17:18:24 Result: key net.inet.tcp.always_keepalive does not exist on this machine
2026-09-24 17:18:25 Result: key net.inet.tcp.blackhole does not exist on this machine
2026-09-24 17:18:25 Result: key net.inet.tcp.drop_synfin does not exist on this machine
2026-09-24 17:18:25 Result: key net.inet.tcp.icmp_may_rst does not exist on this machine
2026-09-24 17:18:25 Result: key net.inet.tcp.nolocaltimewait does not exist on this machine
2026-09-24 17:18:25 Result: key net.inet.tcp.path_mtu_discovery does not exist on this machine
2026-09-24 17:18:25 Result: key net.inet.udp.blackhole does not exist on this machine
2026-09-24 17:18:25 Result: key net.inet6.icmp6.rediraccept does not exist on this machine
2026-09-24 17:18:25 Result: key net.inet6.ip6.forwarding does not exist on this machine
2026-09-24 17:18:25 Result: key net.inet6.ip6.fw.enable does not exist on this machine
2026-09-24 17:18:25 Result: key net.inet6.ip6.redirect does not exist on this machine
2026-09-24 17:18:25 Result: sysctl key net.ipv4.conf.all.accept_redirects contains equal expected and current value (0)
2026-09-24 17:18:25 Hardening: assigned maximum number of hardening points for this item (1). Currently having 195 points (out of 303)
2026-09-24 17:18:25 Result: sysctl key net.ipv4.conf.all.accept_source_route contains equal expected and current value (0)
2026-09-24 17:18:25 Hardening: assigned maximum number of hardening points for this item (1). Currently having 196 points (out of 304)
2026-09-24 17:18:25 Result: sysctl key net.ipv4.conf.all.bootp_relay contains equal expected and current value (0)
2026-09-24 17:18:25 Hardening: assigned maximum number of hardening points for this item (1). Currently having 197 points (out of 305)
2026-09-24 17:18:25 Result: sysctl key net.ipv4.conf.all.forwarding has a different value than expected in scan profile. Expected=0, Real=1
2026-09-24 17:18:25 Hardening: assigned partial number of hardening points (0 of 1). Currently having 197 points (out of 306)
2026-09-24 17:18:25 Result: sysctl key net.ipv4.conf.all.log_martians has a different value than expected in scan profile. Expected=1, Real=0
2026-09-24 17:18:25 Hardening: assigned partial number of hardening points (0 of 1). Currently having 197 points (out of 307)
2026-09-24 17:18:25 Result: sysctl key net.ipv4.conf.all.mc_forwarding contains equal expected and current value (0)
2026-09-24 17:18:25 Hardening: assigned maximum number of hardening points for this item (1). Currently having 198 points (out of 308)
2026-09-24 17:18:25 Result: sysctl key net.ipv4.conf.all.proxy_arp contains equal expected and current value (0)
2026-09-24 17:18:25 Hardening: assigned maximum number of hardening points for this item (1). Currently having 199 points (out of 309)
2026-09-24 17:18:25 Result: sysctl key net.ipv4.conf.all.rp_filter has a different value than expected in scan profile. Expected=1, Real=2
2026-09-24 17:18:25 Hardening: assigned partial number of hardening points (0 of 1). Currently having 199 points (out of 310)
2026-09-24 17:18:25 Result: sysctl key net.ipv4.conf.all.send_redirects contains equal expected and current value (0)
2026-09-24 17:18:25 Hardening: assigned maximum number of hardening points for this item (1). Currently having 200 points (out of 311)
2026-09-24 17:18:25 Result: sysctl key net.ipv4.conf.default.accept_redirects has a different value than expected in scan profile. Expected=0, Real=1
2026-09-24 17:18:25 Hardening: assigned partial number of hardening points (0 of 1). Currently having 200 points (out of 312)
2026-09-24 17:18:25 Result: sysctl key net.ipv4.conf.default.accept_source_route contains equal expected and current value (0)
2026-09-24 17:18:25 Hardening: assigned maximum number of hardening points for this item (1). Currently having 201 points (out of 313)
2026-09-24 17:18:25 Result: sysctl key net.ipv4.conf.default.log_martians has a different value than expected in scan profile. Expected=1, Real=0
2026-09-24 17:18:25 Hardening: assigned partial number of hardening points (0 of 1). Currently having 201 points (out of 314)
2026-09-24 17:18:25 Result: sysctl key net.ipv4.icmp_echo_ignore_broadcasts contains equal expected and current value (1)
2026-09-24 17:18:25 Hardening: assigned maximum number of hardening points for this item (1). Currently having 202 points (out of 315)
2026-09-24 17:18:25 Result: sysctl key net.ipv4.icmp_ignore_bogus_error_responses contains equal expected and current value (1)
2026-09-24 17:18:25 Hardening: assigned maximum number of hardening points for this item (1). Currently having 203 points (out of 316)
2026-09-24 17:18:25 Result: sysctl key net.ipv4.tcp_syncookies contains equal expected and current value (1)
2026-09-24 17:18:25 Hardening: assigned maximum number of hardening points for this item (1). Currently having 204 points (out of 317)
2026-09-24 17:18:25 Result: sysctl key net.ipv4.tcp_timestamps contains equal expected and current value (0 1)
2026-09-24 17:18:25 Hardening: assigned maximum number of hardening points for this item (1). Currently having 205 points (out of 318)
2026-09-24 17:18:25 Result: sysctl key net.ipv6.conf.all.accept_redirects has a different value than expected in scan profile. Expected=0, Real=1
2026-09-24 17:18:25 Hardening: assigned partial number of hardening points (0 of 1). Currently having 205 points (out of 319)
2026-09-24 17:18:25 Result: sysctl key net.ipv6.conf.all.accept_source_route contains equal expected and current value (0)
2026-09-24 17:18:25 Hardening: assigned maximum number of hardening points for this item (1). Currently having 206 points (out of 320)
2026-09-24 17:18:25 Result: key net.ipv6.conf.all.send_redirects does not exist on this machine
2026-09-24 17:18:25 Result: sysctl key net.ipv6.conf.default.accept_redirects has a different value than expected in scan profile. Expected=0, Real=1
2026-09-24 17:18:25 Hardening: assigned partial number of hardening points (0 of 1). Currently having 206 points (out of 321)
2026-09-24 17:18:25 Result: sysctl key net.ipv6.conf.default.accept_source_route contains equal expected and current value (0)
2026-09-24 17:18:25 Hardening: assigned maximum number of hardening points for this item (1). Currently having 207 points (out of 322)
2026-09-24 17:18:25 Result: key security.bsd.hardlink_check_gid does not exist on this machine
2026-09-24 17:18:25 Result: key security.bsd.hardlink_check_uid does not exist on this machine
2026-09-24 17:18:25 Result: key security.bsd.see_other_gids does not exist on this machine
2026-09-24 17:18:25 Result: key security.bsd.see_other_uids does not exist on this machine
2026-09-24 17:18:25 Result: key security.bsd.stack_guard_page does not exist on this machine
2026-09-24 17:18:25 Result: key security.bsd.unprivileged_proc_debug does not exist on this machine
2026-09-24 17:18:25 Result: key security.bsd.unprivileged_read_msgbuf does not exist on this machine
2026-09-24 17:18:25 Result: found 15 keys that can use tuning, according scan profile
2026-09-24 17:18:25 Suggestion: One or more sysctl values differ from the scan profile and could be tweaked [test:KRNL-6000] [details:] [solution:Change sysctl value or disable test (skip-test=KRNL-6000:<sysctl-key>)]
2026-09-24 17:18:25 Security check: file is normal
2026-09-24 17:18:25 Checking permissions of /usr/share/lynis/include/tests_hardening
2026-09-24 17:18:25 File permissions are OK
2026-09-24 17:18:25 ====
2026-09-24 17:18:25 Action: Performing tests from category: Hardening
2026-09-24 17:18:25 ====
2026-09-24 17:18:25 Performing test ID HRDN-7220 (Check if one or more compilers are installed)
2026-09-24 17:18:25 Test: Check if one or more compilers can be found on the system
2026-09-24 17:18:25 Result: found installed compiler. See top of logfile which compilers have been found or use /usr/bin/grep to filter on 'compiler'
2026-09-24 17:18:25 Hardening: assigned partial number of hardening points (1 of 3). Currently having 208 points (out of 325)
2026-09-24 17:18:25 ====
2026-09-24 17:18:25 Performing test ID HRDN-7222 (Check compiler permissions)
2026-09-24 17:18:25 Test: Check if one or more compilers can be found on the system
2026-09-24 17:18:25 Test: Check file permissions for /usr/bin/as
2026-09-24 17:18:25 Action: checking symlink for file /usr/bin/as
2026-09-24 17:18:25 Note: Using real readlink binary to determine symlink on /usr/bin/as
2026-09-24 17:18:25 Result: readlink shows /usr/bin/x86_64-linux-gnu-as as output
2026-09-24 17:18:25 Result: symlink found, pointing to file /usr/bin/x86_64-linux-gnu-as
2026-09-24 17:18:25 Binary: found /usr/bin/x86_64-linux-gnu-as (world executable)
2026-09-24 17:18:25 Hardening: assigned partial number of hardening points (2 of 3). Currently having 210 points (out of 328)
2026-09-24 17:18:25 Test: Check file permissions for /usr/bin/cc
2026-09-24 17:18:25 Action: checking symlink for file /usr/bin/cc
2026-09-24 17:18:25 Note: Using real readlink binary to determine symlink on /usr/bin/cc
2026-09-24 17:18:25 Result: readlink shows /usr/bin/x86_64-linux-gnu-gcc-11 as output
2026-09-24 17:18:25 Result: symlink found, pointing to file /usr/bin/x86_64-linux-gnu-gcc-11
2026-09-24 17:18:25 Binary: found /usr/bin/x86_64-linux-gnu-gcc-11 (world executable)
2026-09-24 17:18:25 Hardening: assigned partial number of hardening points (2 of 3). Currently having 212 points (out of 331)
2026-09-24 17:18:25 Test: Check file permissions for /usr/bin/gcc
2026-09-24 17:18:25 Action: checking symlink for file /usr/bin/gcc
2026-09-24 17:18:25 Note: Using real readlink binary to determine symlink on /usr/bin/gcc
2026-09-24 17:18:25 Result: readlink shows /usr/bin/x86_64-linux-gnu-gcc-11 as output
2026-09-24 17:18:25 Result: symlink found, pointing to file /usr/bin/x86_64-linux-gnu-gcc-11
2026-09-24 17:18:25 Binary: found /usr/bin/x86_64-linux-gnu-gcc-11 (world executable)
2026-09-24 17:18:25 Hardening: assigned partial number of hardening points (2 of 3). Currently having 214 points (out of 334)
2026-09-24 17:18:25 Result: at least one compiler could be better hardened by restricting executable access to root or group only
2026-09-24 17:18:25 Suggestion: Harden compilers like restricting access to root user only [test:HRDN-7222] [details:-] [solution:-]
2026-09-24 17:18:25 ====
2026-09-24 17:18:25 Performing test ID HRDN-7230 (Check for malware scanner)
2026-09-24 17:18:25 Test: Check if a malware scanner is installed
2026-09-24 17:18:25 Result: found at least one malware scanner
2026-09-24 17:18:25 Hardening: assigned maximum number of hardening points for this item (3). Currently having 217 points (out of 337)
2026-09-24 17:18:25 ====
2026-09-24 17:18:25 Performing test ID HRDN-7231 (Check for registered non-native binary formats)
2026-09-24 17:18:25 Test: Check for registered non-native binary formats
2026-09-24 17:18:25 Result: found 1 non-native binary formats registered: python3.10 
2026-09-24 17:18:25 ====
2026-09-24 17:18:25 Action: Performing tests from category: Custom tests
2026-09-24 17:18:25 Test: Checking for tests_custom file
2026-09-24 17:18:25 ====
2026-09-24 17:18:25 Action: Performing plugin tests
2026-09-24 17:18:25 Result: Found 1 plugins of which 1 are enabled
2026-09-24 17:18:25 Result: Plugins phase 2 finished
2026-09-24 17:18:25 Checking permissions of /usr/share/lynis/include/report
2026-09-24 17:18:25 File permissions are OK
2026-09-24 17:18:25 Hardening index : [64] [############        ]
2026-09-24 17:18:25 Hardening strength: System has been hardened, but could use additional hardening
2026-09-24 17:18:25 Checking permissions of /usr/share/lynis/include/tool_tips
2026-09-24 17:18:25 File permissions are OK
2026-09-24 17:18:25 Tool tips: enabled
2026-09-24 17:18:25 ================================================================================
2026-09-24 17:18:25 Tests performed:     258
2026-09-24 17:18:25 Total tests:         450
2026-09-24 17:18:25 Active plugins:      1
2026-09-24 17:18:25 Total plugins:       1
2026-09-24 17:18:25 ================================================================================
2026-09-24 17:18:25 Lynis 3.0.7
2026-09-24 17:18:25 2007-2021, CISOfy - https://cisofy.com/lynis/
2026-09-24 17:18:25 Enterprise support available (compliance, plugins, interface and tools)
2026-09-24 17:18:25 Program ended successfully
2026-09-24 17:18:25 ================================================================================
2026-09-24 17:18:25 PID file removed (/var/run/lynis.pid)
2026-09-24 17:18:25 Temporary files:  /tmp/lynis.bhnv5H5SxF /tmp/lynis.yiEUIpWkFm /tmp/lynis.qGP1ZPaz1C /tmp/lynis.s22Daf928M
2026-09-24 17:18:25 Action: removing temporary file /tmp/lynis.bhnv5H5SxF
2026-09-24 17:18:25 Info: temporary file /tmp/lynis.yiEUIpWkFm was already removed
2026-09-24 17:18:25 Info: temporary file /tmp/lynis.qGP1ZPaz1C was already removed
2026-09-24 17:18:25 Action: removing temporary file /tmp/lynis.s22Daf928M
2026-09-24 17:18:25 Lynis ended successfully.
